id,region,patch,z0,x0,inline,img_min,img_max,img_mean,img_std,reflective,deadZone,alive,rms,discontinuity,faultLength,faultNear,score,shape,img_path
marlim_1200_calm_000.npy,calm,1200,240,304,48,0.0,1.0,0.49881711602211,0.288427472114563,1.0,0.0,1.0,0.28076905176567224,0.004528045654296875,0.0,0.0,-0.004528045654296875,"(128, 128, 128)",/home/grva-mint/Projects/Falhas/Marlim/Regions/Marlim/files/calm/marlim_1200_calm_000.npy
marlim_1200_calm_001.npy,calm,1200,256,80,48,0.0,1.0,0.5028842687606812,0.28335317969322205,1.0,0.0,1.0,0.27816897641696414,0.002197265625,0.0,0.0,-0.002197265625,"(128, 128, 128)",/home/grva-mint/Projects/Falhas/Marlim/Regions/Marlim/files/calm/marlim_1200_calm_001.npy
marlim_1200_calm_002.npy,calm,1200,256,208,48,0.0,1.0,0.5033537149429321,0.30218446254730225,1.0,0.0,1.0,0.2952700404366624,0.0020427703857421875,0.0,0.0,-0.0020427703857421875,"(128, 128, 128)",/home/grva-mint/Projects/Falhas/Marlim/Regions/Marlim/files/calm/marlim_1200_calm_002.npy
marlim_1200_calm_003.npy,calm,1200,256,688,48,0.0,1.0,0.5008416771888733,0.19166208803653717,1.0,0.0,1.0,0.19010873804199901,0.0027103424072265625,0.0,0.0,-0.0027103424072265625,"(128, 128, 128)",/home/grva-mint/Projects/Falhas/Marlim/Regions/Marlim/files/calm/marlim_1200_calm_003.npy
marlim_1200_calm_004.npy,calm,1200,256,784,48,0.0,1.0,0.5033864378929138,0.16490589082241058,1.0,0.0,1.0,0.1651427409128703,0.0008087158203125,0.0,0.0,-0.0008087158203125,"(128, 128, 128)",/home/grva-mint/Projects/Falhas/Marlim/Regions/Marlim/files/calm/marlim_1200_calm_004.npy
marlim_1200_calm_005.npy,calm,1200,272,880,48,0.0,1.0,0.5029379725456238,0.14631272852420807,1.0,0.0,1.0,0.14492543513779177,0.001735687255859375,0.0,0.0,-0.001735687255859375,"(128, 128, 128)",/home/grva-mint/Projects/Falhas/Marlim/Regions/Marlim/files/calm/marlim_1200_calm_005.npy
marlim_1200_calm_006.npy,calm,1200,320,352,48,0.0,1.0,0.4996282160282135,0.31246426701545715,1.0,0.0,1.0,0.3023520369370071,3.814697265625e-06,0.0,0.0,-3.814697265625e-06,"(128, 128, 128)",/home/grva-mint/Projects/Falhas/Marlim/Regions/Marlim/files/calm/marlim_1200_calm_006.npy
marlim_1200_calm_007.npy,calm,1200,336,32,48,0.0,1.0,0.5047509670257568,0.22502106428146362,1.0,0.0,1.0,0.21526649697443645,0.000431060791015625,0.0,0.0,-0.000431060791015625,"(128, 128, 128)",/home/grva-mint/Projects/Falhas/Marlim/Regions/Marlim/files/calm/marlim_1200_calm_007.npy
marlim_1200_calm_008.npy,calm,1200,336,144,48,0.0,1.0,0.5041618943214417,0.2657397985458374,1.0,0.0,1.0,0.25856402316549165,0.0003070831298828125,0.0,0.0,-0.0003070831298828125,"(128, 128, 128)",/home/grva-mint/Projects/Falhas/Marlim/Regions/Marlim/files/calm/marlim_1200_calm_008.npy
marlim_1200_calm_009.npy,calm,1200,336,256,48,0.0,1.0,0.502758264541626,0.2999477982521057,1.0,0.0,1.0,0.2894704269074281,0.0001964569091796875,0.0,0.0,-0.0001964569091796875,"(128, 128, 128)",/home/grva-mint/Projects/Falhas/Marlim/Regions/Marlim/files/calm/marlim_1200_calm_009.npy
marlim_1200_calm_010.npy,calm,1200,352,480,48,0.0,1.0,0.5077958703041077,0.2684036195278168,1.0,0.0,1.0,0.2518054032630097,0.0,0.0,0.0,-0.0,"(128, 128, 128)",/home/grva-mint/Projects/Falhas/Marlim/Regions/Marlim/files/calm/marlim_1200_calm_010.npy
marlim_1200_calm_011.npy,calm,1200,352,656,48,0.0,1.0,0.5030295252799988,0.22336357831954956,1.0,0.0,1.0,0.21524442448071435,3.814697265625e-06,0.0,0.0,-3.814697265625e-06,"(128, 128, 128)",/home/grva-mint/Projects/Falhas/Marlim/Regions/Marlim/files/calm/marlim_1200_calm_011.npy
marlim_1200_calm_012.npy,calm,1200,352,768,48,0.0,1.0,0.5007311701774597,0.19362276792526245,1.0,0.0,1.0,0.18883674243670612,1.1444091796875e-05,0.0,0.0,-1.1444091796875e-05,"(128, 128, 128)",/home/grva-mint/Projects/Falhas/Marlim/Regions/Marlim/files/calm/marlim_1200_calm_012.npy
marlim_1200_calm_013.npy,calm,1200,352,992,48,0.0,1.0,0.5054141283035278,0.16115477681159973,1.0,0.0,1.0,0.15556167953672828,7.82012939453125e-05,0.0,0.0,-7.82012939453125e-05,"(128, 128, 128)",/home/grva-mint/Projects/Falhas/Marlim/Regions/Marlim/files/calm/marlim_1200_calm_013.npy
marlim_1200_calm_014.npy,calm,1200,368,896,48,0.0,1.0,0.5033621788024902,0.1700860857963562,1.0,0.0,1.0,0.16637456757052949,0.000339508056640625,0.0,0.0,-0.000339508056640625,"(128, 128, 128)",/home/grva-mint/Projects/Falhas/Marlim/Regions/Marlim/files/calm/marlim_1200_calm_014.npy
marlim_1200_calm_015.npy,calm,1200,400,560,48,0.0,1.0,0.5076268911361694,0.1831183284521103,1.0,0.0,1.0,0.16592996271901939,0.0016574859619140625,0.0,0.0,-0.0016574859619140625,"(128, 128, 128)",/home/grva-mint/Projects/Falhas/Marlim/Regions/Marlim/files/calm/marlim_1200_calm_015.npy
marlim_1200_calm_016.npy,calm,1200,400,1072,48,0.0,1.0,0.5005099773406982,0.17263905704021454,1.0,0.0,1.0,0.16502198325769912,0.0005130767822265625,0.0,0.0,-0.0005130767822265625,"(128, 128, 128)",/home/grva-mint/Projects/Falhas/Marlim/Regions/Marlim/files/calm/marlim_1200_calm_016.npy
marlim_1200_calm_017.npy,calm,1200,432,144,48,0.0,1.0,0.5038765072822571,0.1428605020046234,1.0,0.0,1.0,0.1340705765478556,0.0030841827392578125,0.0,0.0,-0.0030841827392578125,"(128, 128, 128)",/home/grva-mint/Projects/Falhas/Marlim/Regions/Marlim/files/calm/marlim_1200_calm_017.npy
marlim_1200_calm_018.npy,calm,1200,432,240,48,0.0,1.0,0.500372588634491,0.14393195509910583,1.0,0.0,0.9995779991149902,0.13553186456692856,0.0066070556640625,0.0,0.0,-0.0066070556640625,"(128, 128, 128)",/home/grva-mint/Projects/Falhas/Marlim/Regions/Marlim/files/calm/marlim_1200_calm_018.npy
marlim_1200_calm_019.npy,calm,1200,432,720,48,0.0,1.0,0.502595067024231,0.1725202053785324,1.0,0.0,1.0,0.15926830847411422,0.001476287841796875,0.0,0.0,-0.001476287841796875,"(128, 128, 128)",/home/grva-mint/Projects/Falhas/Marlim/Regions/Marlim/files/calm/marlim_1200_calm_019.npy
marlim_1200_calm_020.npy,calm,1200,480,64,48,0.0,1.0,0.5021858215332031,0.136972114443779,1.0,0.0,0.9523138999938965,0.12457430230688249,0.0015544891357421875,0.0,0.0,-0.0015544891357421875,"(128, 128, 128)",/home/grva-mint/Projects/Falhas/Marlim/Regions/Marlim/files/calm/marlim_1200_calm_020.npy
marlim_1200_calm_021.npy,calm,1200,528,144,48,0.0,1.0,0.5033063292503357,0.1327366679906845,1.0,0.0,0.8949141502380371,0.11809078257533656,0.004116058349609375,0.0,0.0,-0.004116058349609375,"(128, 128, 128)",/home/grva-mint/Projects/Falhas/Marlim/Regions/Marlim/files/calm/marlim_1200_calm_021.npy
marlim_1200_calm_022.npy,calm,1200,528,240,48,0.0,1.0,0.5034545063972473,0.12255644798278809,1.0,0.0,0.9492659568786621,0.11225979203663927,0.0094146728515625,0.0,0.0,-0.0094146728515625,"(128, 128, 128)",/home/grva-mint/Projects/Falhas/Marlim/Regions/Marlim/files/calm/marlim_1200_calm_022.npy
marlim_1200_calm_023.npy,calm,1200,560,16,48,0.04341577738523483,0.9548357725143433,0.5024714469909668,0.12278410792350769,1.0,0.0,0.8877296447753906,0.10881545742222443,0.0018787384033203125,0.0,0.0,-0.0018787384033203125,"(128, 128, 128)",/home/grva-mint/Projects/Falhas/Marlim/Regions/Marlim/files/calm/marlim_1200_calm_023.npy
marlim_1200_calm_024.npy,calm,1200,928,320,48,0.0,1.0,0.4923657774925232,0.24469628930091858,1.0,0.0,1.0,0.2310160163215187,0.0027294158935546875,0.0,0.0,-0.0027294158935546875,"(128, 128, 128)",/home/grva-mint/Projects/Falhas/Marlim/Regions/Marlim/files/calm/marlim_1200_calm_024.npy
marlim_1200_calm_025.npy,calm,1200,960,160,48,0.0,1.0,0.5006946921348572,0.17633776366710663,1.0,0.0,1.0,0.17092379563746318,0.002323150634765625,0.0,0.0,-0.002323150634765625,"(128, 128, 128)",/home/grva-mint/Projects/Falhas/Marlim/Regions/Marlim/files/calm/marlim_1200_calm_025.npy
marlim_1200_calm_026.npy,calm,1200,992,256,48,0.0,1.0,0.5064126253128052,0.22096015512943268,1.0,0.0,1.0,0.21222549901813115,0.0031452178955078125,0.0,0.0,-0.0031452178955078125,"(128, 128, 128)",/home/grva-mint/Projects/Falhas/Marlim/Regions/Marlim/files/calm/marlim_1200_calm_026.npy
marlim_1200_calm_027.npy,calm,1200,992,1952,48,0.0,1.0,0.4873695373535156,0.3766513168811798,1.0,0.0,1.0,0.36934494095113735,0.0005970001220703125,0.0,0.0,-0.0005970001220703125,"(128, 128, 128)",/home/grva-mint/Projects/Falhas/Marlim/Regions/Marlim/files/calm/marlim_1200_calm_027.npy
marlim_1200_calm_028.npy,calm,1200,1008,656,48,0.0,1.0,0.5011675357818604,0.2529587745666504,1.0,0.0,1.0,0.23521429975107822,0.002529144287109375,0.0,0.0,-0.002529144287109375,"(128, 128, 128)",/home/grva-mint/Projects/Falhas/Marlim/Regions/Marlim/files/calm/marlim_1200_calm_028.npy
marlim_1200_calm_029.npy,calm,1200,1024,96,48,0.0,1.0,0.5019069910049438,0.1540636271238327,1.0,0.0,0.9945101737976074,0.14618005833904135,0.002780914306640625,0.0,0.0,-0.002780914306640625,"(128, 128, 128)",/home/grva-mint/Projects/Falhas/Marlim/Regions/Marlim/files/calm/marlim_1200_calm_029.npy
marlim_1200_calm_030.npy,calm,1200,1024,464,48,0.0,1.0,0.5079632997512817,0.20782159268856049,1.0,0.0,0.9987802505493164,0.1914529208220297,0.0048389434814453125,0.0,0.0,-0.0048389434814453125,"(128, 128, 128)",/home/grva-mint/Projects/Falhas/Marlim/Regions/Marlim/files/calm/marlim_1200_calm_030.npy
marlim_1200_calm_031.npy,calm,1200,1024,560,48,0.0,1.0,0.5042666792869568,0.21772795915603638,1.0,0.0,1.0,0.2007243435991768,0.0016498565673828125,0.0,0.0,-0.0016498565673828125,"(128, 128, 128)",/home/grva-mint/Projects/Falhas/Marlim/Regions/Marlim/files/calm/marlim_1200_calm_031.npy
marlim_1200_calm_032.npy,calm,1200,1056,2016,48,0.0,1.0,0.5042019486427307,0.36150696873664856,1.0,0.0,1.0,0.34361992701815325,0.0059223175048828125,0.0,0.0,-0.0059223175048828125,"(128, 128, 128)",/home/grva-mint/Projects/Falhas/Marlim/Regions/Marlim/files/calm/marlim_1200_calm_032.npy
marlim_1300_calm_000.npy,calm,1300,208,128,84,0.0,1.0,0.5001829862594604,0.26676619052886963,1.0,0.0,1.0,0.2586549490879406,0.0041656494140625,0.0,0.0,-0.0041656494140625,"(128, 128, 128)",/home/grva-mint/Projects/Falhas/Marlim/Regions/Marlim/files/calm/marlim_1300_calm_000.npy
marlim_1300_calm_001.npy,calm,1300,224,400,84,0.0,1.0,0.49932464957237244,0.2582223117351532,1.0,0.0,1.0,0.2514822058683429,0.008647918701171875,0.0,0.0,-0.008647918701171875,"(128, 128, 128)",/home/grva-mint/Projects/Falhas/Marlim/Regions/Marlim/files/calm/marlim_1300_calm_001.npy
marlim_1300_calm_002.npy,calm,1300,240,32,84,0.0,1.0,0.5048273205757141,0.2836700975894928,1.0,0.0,1.0,0.2798180455038164,0.001728057861328125,0.0,0.0,-0.001728057861328125,"(128, 128, 128)",/home/grva-mint/Projects/Falhas/Marlim/Regions/Marlim/files/calm/marlim_1300_calm_002.npy
marlim_1300_calm_003.npy,calm,1300,240,304,84,0.0,1.0,0.4997251629829407,0.29283204674720764,1.0,0.0,1.0,0.2854958594916759,0.0058441162109375,0.0,0.0,-0.0058441162109375,"(128, 128, 128)",/home/grva-mint/Projects/Falhas/Marlim/Regions/Marlim/files/calm/marlim_1300_calm_003.npy
marlim_1300_calm_004.npy,calm,1300,256,208,84,0.0,1.0,0.5024994611740112,0.3081144690513611,1.0,0.0,1.0,0.3029203099404194,0.0015277862548828125,0.0,0.0,-0.0015277862548828125,"(128, 128, 128)",/home/grva-mint/Projects/Falhas/Marlim/Regions/Marlim/files/calm/marlim_1300_calm_004.npy
marlim_1300_calm_005.npy,calm,1300,256,672,84,0.0,1.0,0.5009146332740784,0.20254676043987274,1.0,0.0,1.0,0.19909276099588236,0.007587432861328125,0.0,0.0,-0.007587432861328125,"(128, 128, 128)",/home/grva-mint/Projects/Falhas/Marlim/Regions/Marlim/files/calm/marlim_1300_calm_005.npy
marlim_1300_calm_006.npy,calm,1300,256,768,84,0.0,1.0,0.50218266248703,0.17192700505256653,1.0,0.0,1.0,0.1719116170997993,0.0012722015380859375,0.0,0.0,-0.0012722015380859375,"(128, 128, 128)",/home/grva-mint/Projects/Falhas/Marlim/Regions/Marlim/files/calm/marlim_1300_calm_006.npy
marlim_1300_calm_007.npy,calm,1300,272,880,84,0.0,1.0,0.502800703048706,0.15687167644500732,1.0,0.0,1.0,0.15475626007992282,0.001934051513671875,0.0,0.0,-0.001934051513671875,"(128, 128, 128)",/home/grva-mint/Projects/Falhas/Marlim/Regions/Marlim/files/calm/marlim_1300_calm_007.npy
marlim_1300_calm_008.npy,calm,1300,320,384,84,0.0,1.0,0.498447448015213,0.30971741676330566,1.0,0.0,1.0,0.30172226076047126,4.57763671875e-05,0.0,0.0,-4.57763671875e-05,"(128, 128, 128)",/home/grva-mint/Projects/Falhas/Marlim/Regions/Marlim/files/calm/marlim_1300_calm_008.npy
marlim_1300_calm_009.npy,calm,1300,336,64,84,0.0,1.0,0.5051804780960083,0.2359725683927536,1.0,0.0,1.0,0.2279981460169438,0.000461578369140625,0.0,0.0,-0.000461578369140625,"(128, 128, 128)",/home/grva-mint/Projects/Falhas/Marlim/Regions/Marlim/files/calm/marlim_1300_calm_009.npy
marlim_1300_calm_010.npy,calm,1300,336,160,84,0.0,1.0,0.5035488605499268,0.27247703075408936,1.0,0.0,1.0,0.26487839290803117,0.000164031982421875,0.0,0.0,-0.000164031982421875,"(128, 128, 128)",/home/grva-mint/Projects/Falhas/Marlim/Regions/Marlim/files/calm/marlim_1300_calm_010.npy
marlim_1300_calm_011.npy,calm,1300,336,288,84,0.0,1.0,0.5027318000793457,0.30715271830558777,1.0,0.0,1.0,0.2951485631801922,0.0002288818359375,0.0,0.0,-0.0002288818359375,"(128, 128, 128)",/home/grva-mint/Projects/Falhas/Marlim/Regions/Marlim/files/calm/marlim_1300_calm_011.npy
marlim_1300_calm_012.npy,calm,1300,336,816,84,0.0,1.0,0.5036252737045288,0.2076074331998825,1.0,0.0,1.0,0.2019685905629589,4.1961669921875e-05,0.0,0.0,-4.1961669921875e-05,"(128, 128, 128)",/home/grva-mint/Projects/Falhas/Marlim/Regions/Marlim/files/calm/marlim_1300_calm_012.npy
marlim_1300_calm_013.npy,calm,1300,336,944,84,0.0,1.0,0.504510760307312,0.18059681355953217,1.0,0.0,1.0,0.17738196808431717,0.0010852813720703125,0.0,0.0,-0.0010852813720703125,"(128, 128, 128)",/home/grva-mint/Projects/Falhas/Marlim/Regions/Marlim/files/calm/marlim_1300_calm_013.npy
marlim_1300_calm_014.npy,calm,1300,352,496,84,0.0,1.0,0.5075441598892212,0.272259920835495,1.0,0.0,1.0,0.2594235550022823,0.0,0.0,0.0,-0.0,"(128, 128, 128)",/home/grva-mint/Projects/Falhas/Marlim/Regions/Marlim/files/calm/marlim_1300_calm_014.npy
marlim_1300_calm_015.npy,calm,1300,352,672,84,0.0,1.0,0.5040566325187683,0.2245122194290161,1.0,0.0,1.0,0.21738402629398412,5.7220458984375e-06,0.0,0.0,-5.7220458984375e-06,"(128, 128, 128)",/home/grva-mint/Projects/Falhas/Marlim/Regions/Marlim/files/calm/marlim_1300_calm_015.npy
marlim_1300_calm_016.npy,calm,1300,352,1040,84,0.0,1.0,0.5045841336250305,0.1606624573469162,1.0,0.0,1.0,0.15574134852431198,7.62939453125e-05,0.0,0.0,-7.62939453125e-05,"(128, 128, 128)",/home/grva-mint/Projects/Falhas/Marlim/Regions/Marlim/files/calm/marlim_1300_calm_016.npy
marlim_1300_calm_017.npy,calm,1300,368,1136,84,0.0,1.0,0.5045709609985352,0.16422545909881592,1.0,0.0,1.0,0.15648920683724965,0.0003223419189453125,0.0,0.0,-0.0003223419189453125,"(128, 128, 128)",/home/grva-mint/Projects/Falhas/Marlim/Regions/Marlim/files/calm/marlim_1300_calm_017.npy
marlim_1300_calm_018.npy,calm,1300,400,592,84,0.0,1.0,0.5081955194473267,0.18780206143856049,1.0,0.0,0.9999709129333496,0.17521401086742117,0.003021240234375,0.0,0.0,-0.003021240234375,"(128, 128, 128)",/home/grva-mint/Projects/Falhas/Marlim/Regions/Marlim/files/calm/marlim_1300_calm_018.npy
marlim_1300_calm_019.npy,calm,1300,416,16,84,0.0,1.0,0.5032535791397095,0.11324252188205719,1.0,0.0,0.9064936637878418,0.10095015561410037,0.005153656005859375,0.0,0.0,-0.005153656005859375,"(128, 128, 128)",/home/grva-mint/Projects/Falhas/Marlim/Regions/Marlim/files/calm/marlim_1300_calm_019.npy
marlim_1300_calm_020.npy,calm,1300,416,1216,84,0.0,1.0,0.5023804903030396,0.19214089214801788,1.0,0.0,1.0,0.18334617477012127,0.0046253204345703125,0.0,0.0,-0.0046253204345703125,"(128, 128, 128)",/home/grva-mint/Projects/Falhas/Marlim/Regions/Marlim/files/calm/marlim_1300_calm_020.npy
marlim_1300_calm_021.npy,calm,1300,416,1728,84,0.0,1.0,0.5010537505149841,0.20814645290374756,1.0,0.0,1.0,0.19725843565129253,0.010362625122070312,0.0,0.0,-0.010362625122070312,"(128, 128, 128)",/home/grva-mint/Projects/Falhas/Marlim/Regions/Marlim/files/calm/marlim_1300_calm_021.npy
marlim_1300_calm_022.npy,calm,1300,416,1888,84,0.0,1.0,0.49987155199050903,0.19883649051189423,1.0,0.0,1.0,0.19827913809194797,0.009084701538085938,0.0,0.0,-0.009084701538085938,"(128, 128, 128)",/home/grva-mint/Projects/Falhas/Marlim/Regions/Marlim/files/calm/marlim_1300_calm_022.npy
marlim_1300_calm_023.npy,calm,1300,432,160,84,0.0,1.0,0.5036067366600037,0.13536527752876282,1.0,0.0,0.9831986427307129,0.12557725396527442,0.0038776397705078125,0.0,0.0,-0.0038776397705078125,"(128, 128, 128)",/home/grva-mint/Projects/Falhas/Marlim/Regions/Marlim/files/calm/marlim_1300_calm_023.npy
marlim_1300_calm_024.npy,calm,1300,432,720,84,0.0,1.0,0.5019789934158325,0.16865672171115875,1.0,0.0,1.0,0.1617574540232396,0.0025234222412109375,0.0,0.0,-0.0025234222412109375,"(128, 128, 128)",/home/grva-mint/Projects/Falhas/Marlim/Regions/Marlim/files/calm/marlim_1300_calm_024.npy
marlim_1300_calm_025.npy,calm,1300,448,1072,84,0.0,1.0,0.5026465058326721,0.1925646960735321,1.0,0.0,1.0,0.18189622707177477,0.001148223876953125,0.0,0.0,-0.001148223876953125,"(128, 128, 128)",/home/grva-mint/Projects/Falhas/Marlim/Regions/Marlim/files/calm/marlim_1300_calm_025.npy
marlim_1300_calm_026.npy,calm,1300,480,80,84,0.03526201844215393,1.0,0.502756655216217,0.12269336730241776,1.0,0.0,0.9410881996154785,0.1117558738255856,0.0026493072509765625,0.0,0.0,-0.0026493072509765625,"(128, 128, 128)",/home/grva-mint/Projects/Falhas/Marlim/Regions/Marlim/files/calm/marlim_1300_calm_026.npy
marlim_1300_calm_027.npy,calm,1300,480,544,84,0.0,1.0,0.5018008351325989,0.15291589498519897,1.0,0.0,0.9999814033508301,0.14235403197335472,0.00740814208984375,0.0,0.0,-0.00740814208984375,"(128, 128, 128)",/home/grva-mint/Projects/Falhas/Marlim/Regions/Marlim/files/calm/marlim_1300_calm_027.npy
marlim_1300_calm_028.npy,calm,1300,480,640,84,0.0,1.0,0.49986732006073,0.15450464189052582,1.0,0.0,0.9999709129333496,0.14296123758231172,0.0050792694091796875,0.0,0.0,-0.0050792694091796875,"(128, 128, 128)",/home/grva-mint/Projects/Falhas/Marlim/Regions/Marlim/files/calm/marlim_1300_calm_028.npy
marlim_1300_calm_029.npy,calm,1300,480,1344,84,0.0,1.0,0.5007562041282654,0.25183048844337463,1.0,0.0,1.0,0.24160758986590736,0.0031909942626953125,0.0,0.0,-0.0031909942626953125,"(128, 128, 128)",/home/grva-mint/Projects/Falhas/Marlim/Regions/Marlim/files/calm/marlim_1300_calm_029.npy
marlim_1300_calm_030.npy,calm,1300,528,160,84,0.0,1.0,0.5030556917190552,0.11565263569355011,1.0,0.0,0.858487606048584,0.10406504674528927,0.004978179931640625,0.0,0.0,-0.004978179931640625,"(128, 128, 128)",/home/grva-mint/Projects/Falhas/Marlim/Regions/Marlim/files/calm/marlim_1300_calm_030.npy
marlim_1300_calm_031.npy,calm,1300,560,32,84,0.06831042468547821,0.9573357105255127,0.5025173425674438,0.11064860969781876,1.0,0.0,0.8275508880615234,0.09793354084240491,0.0035648345947265625,0.0,0.0,-0.0035648345947265625,"(128, 128, 128)",/home/grva-mint/Projects/Falhas/Marlim/Regions/Marlim/files/calm/marlim_1300_calm_031.npy
marlim_1300_calm_032.npy,calm,1300,928,304,84,0.0,1.0,0.49313902854919434,0.23709708452224731,1.0,0.0,1.0,0.22914307494556851,0.0027866363525390625,0.0,0.0,-0.0027866363525390625,"(128, 128, 128)",/home/grva-mint/Projects/Falhas/Marlim/Regions/Marlim/files/calm/marlim_1300_calm_032.npy
marlim_1300_calm_033.npy,calm,1300,944,400,84,0.0,1.0,0.5054513216018677,0.21633629500865936,1.0,0.0,1.0,0.20860787514129742,0.001201629638671875,0.0,0.0,-0.001201629638671875,"(128, 128, 128)",/home/grva-mint/Projects/Falhas/Marlim/Regions/Marlim/files/calm/marlim_1300_calm_033.npy
marlim_1300_calm_034.npy,calm,1300,944,976,84,0.0,1.0,0.5088080763816833,0.2618144452571869,1.0,0.0,1.0,0.24687268691468134,0.0057659149169921875,0.0,0.0,-0.0057659149169921875,"(128, 128, 128)",/home/grva-mint/Projects/Falhas/Marlim/Regions/Marlim/files/calm/marlim_1300_calm_034.npy
marlim_1300_calm_035.npy,calm,1300,992,160,84,0.0,1.0,0.5005975365638733,0.16217714548110962,1.0,0.0,1.0,0.1601233891897209,0.0029010772705078125,0.0,0.0,-0.0029010772705078125,"(128, 128, 128)",/home/grva-mint/Projects/Falhas/Marlim/Regions/Marlim/files/calm/marlim_1300_calm_035.npy
marlim_1300_calm_036.npy,calm,1300,992,672,84,0.0,1.0,0.4998403489589691,0.2494194507598877,1.0,0.0,1.0,0.2337565341640584,0.0030193328857421875,0.0,0.0,-0.0030193328857421875,"(128, 128, 128)",/home/grva-mint/Projects/Falhas/Marlim/Regions/Marlim/files/calm/marlim_1300_calm_036.npy
marlim_1300_calm_037.npy,calm,1300,992,1968,84,0.0,1.0,0.47836583852767944,0.3689440190792084,1.0,0.0,1.0,0.3652058469815511,0.000396728515625,0.0,0.0,-0.000396728515625,"(128, 128, 128)",/home/grva-mint/Projects/Falhas/Marlim/Regions/Marlim/files/calm/marlim_1300_calm_037.npy
marlim_1300_calm_038.npy,calm,1300,992,2096,84,0.0,1.0,0.4941217601299286,0.3363705575466156,1.0,0.0,1.0,0.3284878486610996,0.0039119720458984375,0.0,0.0,-0.0039119720458984375,"(128, 128, 128)",/home/grva-mint/Projects/Falhas/Marlim/Regions/Marlim/files/calm/marlim_1300_calm_038.npy
marlim_1300_calm_039.npy,calm,1300,1008,256,84,0.0,1.0,0.5016152858734131,0.19973230361938477,1.0,0.0,1.0,0.18752213389143435,0.00894927978515625,0.0,0.0,-0.00894927978515625,"(128, 128, 128)",/home/grva-mint/Projects/Falhas/Marlim/Regions/Marlim/files/calm/marlim_1300_calm_039.npy
marlim_1300_calm_040.npy,calm,1300,1008,480,84,0.0,1.0,0.49993547797203064,0.21220006048679352,1.0,0.0,1.0,0.19818986948484918,0.0012264251708984375,0.0,0.0,-0.0012264251708984375,"(128, 128, 128)",/home/grva-mint/Projects/Falhas/Marlim/Regions/Marlim/files/calm/marlim_1300_calm_040.npy
marlim_1300_calm_041.npy,calm,1300,1008,576,84,0.0,1.0,0.502631664276123,0.22200095653533936,1.0,0.0,1.0,0.20619988406633638,0.0018100738525390625,0.0,0.0,-0.0018100738525390625,"(128, 128, 128)",/home/grva-mint/Projects/Falhas/Marlim/Regions/Marlim/files/calm/marlim_1300_calm_041.npy
marlim_1300_calm_042.npy,calm,1300,1024,64,84,0.021652279421687126,0.9464480876922607,0.5015977025032043,0.14307831227779388,1.0,0.0,0.9993705749511719,0.1382521381551669,0.0025920867919921875,0.0,0.0,-0.0025920867919921875,"(128, 128, 128)",/home/grva-mint/Projects/Falhas/Marlim/Regions/Marlim/files/calm/marlim_1300_calm_042.npy
marlim_1300_calm_043.npy,calm,1300,1056,2032,84,0.0,1.0,0.49081581830978394,0.3783229887485504,1.0,0.0,1.0,0.368803607800146,0.0016384124755859375,0.0,0.0,-0.0016384124755859375,"(128, 128, 128)",/home/grva-mint/Projects/Falhas/Marlim/Regions/Marlim/files/calm/marlim_1300_calm_043.npy
marlim_1400_calm_000.npy,calm,1400,224,160,56,0.0,1.0,0.500622034072876,0.29602107405662537,1.0,0.0,1.0,0.2871510244531237,0.0014858245849609375,0.0,0.0,-0.0014858245849609375,"(128, 128, 128)",/home/grva-mint/Projects/Falhas/Marlim/Regions/Marlim/files/calm/marlim_1400_calm_000.npy
marlim_1400_calm_001.npy,calm,1400,224,256,56,0.0,1.0,0.5017384886741638,0.29366475343704224,1.0,0.0,1.0,0.281543108065307,0.0061206817626953125,0.0,0.0,-0.0061206817626953125,"(128, 128, 128)",/home/grva-mint/Projects/Falhas/Marlim/Regions/Marlim/files/calm/marlim_1400_calm_001.npy
marlim_1400_calm_002.npy,calm,1400,224,352,56,0.0,1.0,0.5004907846450806,0.27256298065185547,1.0,0.0,1.0,0.26129278309690684,0.007099151611328125,0.0,0.0,-0.007099151611328125,"(128, 128, 128)",/home/grva-mint/Projects/Falhas/Marlim/Regions/Marlim/files/calm/marlim_1400_calm_002.npy
marlim_1400_calm_003.npy,calm,1400,272,80,56,0.0,1.0,0.504440426826477,0.30119627714157104,1.0,0.0,1.0,0.293104991957989,0.0058727264404296875,0.0,0.0,-0.0058727264404296875,"(128, 128, 128)",/home/grva-mint/Projects/Falhas/Marlim/Regions/Marlim/files/calm/marlim_1400_calm_003.npy
marlim_1400_calm_004.npy,calm,1400,272,704,56,0.0,1.0,0.5016332864761353,0.2082647830247879,1.0,0.0,1.0,0.2026746657284091,0.0051097869873046875,0.0,0.0,-0.0051097869873046875,"(128, 128, 128)",/home/grva-mint/Projects/Falhas/Marlim/Regions/Marlim/files/calm/marlim_1400_calm_004.npy
marlim_1400_calm_005.npy,calm,1400,272,800,56,0.0,1.0,0.5017009377479553,0.1829247772693634,1.0,0.0,1.0,0.17694431690142776,0.0014400482177734375,0.0,0.0,-0.0014400482177734375,"(128, 128, 128)",/home/grva-mint/Projects/Falhas/Marlim/Regions/Marlim/files/calm/marlim_1400_calm_005.npy
marlim_1400_calm_006.npy,calm,1400,288,496,56,0.0,1.0,0.5032806992530823,0.28841617703437805,1.0,0.0,1.0,0.27853746920664,0.006099700927734375,0.0,0.0,-0.006099700927734375,"(128, 128, 128)",/home/grva-mint/Projects/Falhas/Marlim/Regions/Marlim/files/calm/marlim_1400_calm_006.npy
marlim_1400_calm_007.npy,calm,1400,288,912,56,0.0,1.0,0.5018935799598694,0.1707995980978012,1.0,0.0,1.0,0.16293360711552007,0.0028362274169921875,0.0,0.0,-0.0028362274169921875,"(128, 128, 128)",/home/grva-mint/Projects/Falhas/Marlim/Regions/Marlim/files/calm/marlim_1400_calm_007.npy
marlim_1400_calm_008.npy,calm,1400,288,1008,56,0.0,1.0,0.504167914390564,0.14132145047187805,1.0,0.0,0.9863228797912598,0.13191292685428535,0.001575469970703125,0.0,0.0,-0.001575469970703125,"(128, 128, 128)",/home/grva-mint/Projects/Falhas/Marlim/Regions/Marlim/files/calm/marlim_1400_calm_008.npy
marlim_1400_calm_009.npy,calm,1400,320,160,56,0.0,1.0,0.5039650797843933,0.3033080995082855,1.0,0.0,1.0,0.289980524254134,0.00069427490234375,0.0,0.0,-0.00069427490234375,"(128, 128, 128)",/home/grva-mint/Projects/Falhas/Marlim/Regions/Marlim/files/calm/marlim_1400_calm_009.npy
marlim_1400_calm_010.npy,calm,1400,320,352,56,0.0,1.0,0.5000635981559753,0.33041566610336304,1.0,0.0,1.0,0.3228273863369401,3.814697265625e-06,0.0,0.0,-3.814697265625e-06,"(128, 128, 128)",/home/grva-mint/Projects/Falhas/Marlim/Regions/Marlim/files/calm/marlim_1400_calm_010.npy
marlim_1400_calm_011.npy,calm,1400,336,256,56,0.0,1.0,0.5021961331367493,0.30652713775634766,1.0,0.0,1.0,0.29311407477689444,0.0010700225830078125,0.0,0.0,-0.0010700225830078125,"(128, 128, 128)",/home/grva-mint/Projects/Falhas/Marlim/Regions/Marlim/files/calm/marlim_1400_calm_011.npy
marlim_1400_calm_012.npy,calm,1400,352,656,56,0.0,1.0,0.5064858198165894,0.23029230535030365,1.0,0.0,1.0,0.22165716842027772,0.0010128021240234375,0.0,0.0,-0.0010128021240234375,"(128, 128, 128)",/home/grva-mint/Projects/Falhas/Marlim/Regions/Marlim/files/calm/marlim_1400_calm_012.npy
marlim_1400_calm_013.npy,calm,1400,352,752,56,0.0,1.0,0.5010984539985657,0.2054358273744583,1.0,0.0,1.0,0.19666729931623195,0.000255584716796875,0.0,0.0,-0.000255584716796875,"(128, 128, 128)",/home/grva-mint/Projects/Falhas/Marlim/Regions/Marlim/files/calm/marlim_1400_calm_013.npy
marlim_1400_calm_014.npy,calm,1400,352,848,56,0.0,1.0,0.5023699402809143,0.2031373828649521,1.0,0.0,1.0,0.19782180574520325,7.43865966796875e-05,0.0,0.0,-7.43865966796875e-05,"(128, 128, 128)",/home/grva-mint/Projects/Falhas/Marlim/Regions/Marlim/files/calm/marlim_1400_calm_014.npy
marlim_1400_calm_015.npy,calm,1400,352,1152,56,0.0,1.0,0.504777729511261,0.13560445606708527,1.0,0.0,0.9636292457580566,0.12686330093743026,0.0006008148193359375,0.0,0.0,-0.0006008148193359375,"(128, 128, 128)",/home/grva-mint/Projects/Falhas/Marlim/Regions/Marlim/files/calm/marlim_1400_calm_015.npy
marlim_1400_calm_016.npy,calm,1400,368,960,56,0.0,1.0,0.501930832862854,0.1766800731420517,1.0,0.0,1.0,0.17275001316329686,0.0002269744873046875,0.0,0.0,-0.0002269744873046875,"(128, 128, 128)",/home/grva-mint/Projects/Falhas/Marlim/Regions/Marlim/files/calm/marlim_1400_calm_016.npy
marlim_1400_calm_017.npy,calm,1400,368,1056,56,0.0,1.0,0.5044223070144653,0.14692483842372894,1.0,0.0,0.9991827011108398,0.14075169462330805,3.62396240234375e-05,0.0,0.0,-3.62396240234375e-05,"(128, 128, 128)",/home/grva-mint/Projects/Falhas/Marlim/Regions/Marlim/files/calm/marlim_1400_calm_017.npy
marlim_1400_calm_018.npy,calm,1400,384,96,56,0.0,1.0,0.5047643184661865,0.1832990050315857,1.0,0.0,0.9981770515441895,0.16243808103808943,0.0032501220703125,0.0,0.0,-0.0032501220703125,"(128, 128, 128)",/home/grva-mint/Projects/Falhas/Marlim/Regions/Marlim/files/calm/marlim_1400_calm_018.npy
marlim_1400_calm_019.npy,calm,1400,400,1280,56,0.0,1.0,0.5044033527374268,0.14055655896663666,1.0,0.0,0.9983963966369629,0.13770120008212183,0.000606536865234375,0.0,0.0,-0.000606536865234375,"(128, 128, 128)",/home/grva-mint/Projects/Falhas/Marlim/Regions/Marlim/files/calm/marlim_1400_calm_019.npy
marlim_1400_calm_020.npy,calm,1400,400,1376,56,0.0,1.0,0.5033642053604126,0.15457811951637268,1.0,0.0,0.9973416328430176,0.1451641274363733,0.0012493133544921875,0.0,0.0,-0.0012493133544921875,"(128, 128, 128)",/home/grva-mint/Projects/Falhas/Marlim/Regions/Marlim/files/calm/marlim_1400_calm_020.npy
marlim_1400_calm_021.npy,calm,1400,400,1472,56,0.0,1.0,0.5032632350921631,0.16563712060451508,1.0,0.0,1.0,0.15774807515072675,0.0040130615234375,0.0,0.0,-0.0040130615234375,"(128, 128, 128)",/home/grva-mint/Projects/Falhas/Marlim/Regions/Marlim/files/calm/marlim_1400_calm_021.npy
marlim_1400_calm_022.npy,calm,1400,416,192,56,0.0,1.0,0.5013535618782043,0.1346457302570343,1.0,0.0,0.9917383193969727,0.1319538804882534,0.006561279296875,0.0,0.0,-0.006561279296875,"(128, 128, 128)",/home/grva-mint/Projects/Falhas/Marlim/Regions/Marlim/files/calm/marlim_1400_calm_022.npy
marlim_1400_calm_023.npy,calm,1400,416,304,56,0.0,1.0,0.5013878345489502,0.17231953144073486,1.0,0.0,0.997565746307373,0.15738887685256442,0.0087127685546875,0.0,0.0,-0.0087127685546875,"(128, 128, 128)",/home/grva-mint/Projects/Falhas/Marlim/Regions/Marlim/files/calm/marlim_1400_calm_023.npy
marlim_1400_calm_024.npy,calm,1400,416,1840,56,0.0,1.0,0.5027275085449219,0.18040314316749573,1.0,0.0,1.0,0.18065080976293757,0.00835418701171875,0.0,0.0,-0.00835418701171875,"(128, 128, 128)",/home/grva-mint/Projects/Falhas/Marlim/Regions/Marlim/files/calm/marlim_1400_calm_024.npy
marlim_1400_calm_025.npy,calm,1400,432,704,56,0.0,1.0,0.5022413730621338,0.14668986201286316,1.0,0.0,0.9994664192199707,0.140844516186458,0.007839202880859375,0.0,0.0,-0.007839202880859375,"(128, 128, 128)",/home/grva-mint/Projects/Falhas/Marlim/Regions/Marlim/files/calm/marlim_1400_calm_025.npy
marlim_1400_calm_026.npy,calm,1400,448,1008,56,0.0,1.0,0.5017907619476318,0.14685861766338348,1.0,0.0,1.0,0.1443709463787859,0.0043849945068359375,0.0,0.0,-0.0043849945068359375,"(128, 128, 128)",/home/grva-mint/Projects/Falhas/Marlim/Regions/Marlim/files/calm/marlim_1400_calm_026.npy
marlim_1400_calm_027.npy,calm,1400,480,128,56,0.0,1.0,0.5018185377120972,0.11609306186437607,1.0,0.0,0.9821896553039551,0.10951831149645841,0.008741378784179688,0.0,0.0,-0.008741378784179688,"(128, 128, 128)",/home/grva-mint/Projects/Falhas/Marlim/Regions/Marlim/files/calm/marlim_1400_calm_027.npy
marlim_1400_calm_028.npy,calm,1400,496,1312,56,0.0,1.0,0.5023576021194458,0.2122199684381485,1.0,0.0,0.9983186721801758,0.2008813606462354,0.005306243896484375,0.0,0.0,-0.005306243896484375,"(128, 128, 128)",/home/grva-mint/Projects/Falhas/Marlim/Regions/Marlim/files/calm/marlim_1400_calm_028.npy
marlim_1400_calm_029.npy,calm,1400,928,224,56,0.0,1.0,0.5100246667861938,0.17115400731563568,1.0,0.0,1.0,0.16462669395605012,0.0013065338134765625,0.0,0.0,-0.0013065338134765625,"(128, 128, 128)",/home/grva-mint/Projects/Falhas/Marlim/Regions/Marlim/files/calm/marlim_1400_calm_029.npy
marlim_1400_calm_030.npy,calm,1400,928,352,56,0.0,1.0,0.5054978132247925,0.16952332854270935,1.0,0.0,1.0,0.1657923701504842,0.0072383880615234375,0.0,0.0,-0.0072383880615234375,"(128, 128, 128)",/home/grva-mint/Projects/Falhas/Marlim/Regions/Marlim/files/calm/marlim_1400_calm_030.npy
marlim_1400_calm_031.npy,calm,1400,992,288,56,0.0,0.9799475073814392,0.4993942379951477,0.1769164800643921,1.0,0.0,1.0,0.1736977795221719,0.0018177032470703125,0.0,0.0,-0.0018177032470703125,"(128, 128, 128)",/home/grva-mint/Projects/Falhas/Marlim/Regions/Marlim/files/calm/marlim_1400_calm_031.npy
marlim_1400_calm_032.npy,calm,1400,992,656,56,0.0,1.0,0.5052439570426941,0.2643435001373291,1.0,0.0,1.0,0.25047026775246195,0.0025157928466796875,0.0,0.0,-0.0025157928466796875,"(128, 128, 128)",/home/grva-mint/Projects/Falhas/Marlim/Regions/Marlim/files/calm/marlim_1400_calm_032.npy
marlim_1400_calm_033.npy,calm,1400,1008,32,56,0.0667944848537445,0.9849464297294617,0.504953920841217,0.13915036618709564,1.0,0.0,0.9982061386108398,0.1353960105539045,0.002964019775390625,0.0,0.0,-0.002964019775390625,"(128, 128, 128)",/home/grva-mint/Projects/Falhas/Marlim/Regions/Marlim/files/calm/marlim_1400_calm_033.npy
marlim_1400_calm_034.npy,calm,1400,1008,128,56,0.02085263840854168,0.9444355964660645,0.5037133097648621,0.14573273062705994,1.0,0.0,0.9971370697021484,0.13974758155313838,0.00507354736328125,0.0,0.0,-0.00507354736328125,"(128, 128, 128)",/home/grva-mint/Projects/Falhas/Marlim/Regions/Marlim/files/calm/marlim_1400_calm_034.npy
marlim_1400_calm_035.npy,calm,1400,1008,2048,56,0.0,1.0,0.5045081377029419,0.2637723684310913,1.0,0.0,1.0,0.25766469430890915,0.0030384063720703125,0.0,0.0,-0.0030384063720703125,"(128, 128, 128)",/home/grva-mint/Projects/Falhas/Marlim/Regions/Marlim/files/calm/marlim_1400_calm_035.npy
marlim_1400_calm_036.npy,calm,1400,1024,384,56,0.0,1.0,0.5021136999130249,0.19185860455036163,1.0,0.0,1.0,0.18114577084133643,0.0021572113037109375,0.0,0.0,-0.0021572113037109375,"(128, 128, 128)",/home/grva-mint/Projects/Falhas/Marlim/Regions/Marlim/files/calm/marlim_1400_calm_036.npy
marlim_1400_calm_037.npy,calm,1400,1024,544,56,0.0,1.0,0.501176118850708,0.22150225937366486,1.0,0.0,1.0,0.20786104702347075,0.001819610595703125,0.0,0.0,-0.001819610595703125,"(128, 128, 128)",/home/grva-mint/Projects/Falhas/Marlim/Regions/Marlim/files/calm/marlim_1400_calm_037.npy
marlim_1400_calm_038.npy,calm,1400,1072,2112,56,0.0,1.0,0.5070556402206421,0.33462759852409363,1.0,0.0,1.0,0.3216628814316209,0.0005931854248046875,0.0,0.0,-0.0005931854248046875,"(128, 128, 128)",/home/grva-mint/Projects/Falhas/Marlim/Regions/Marlim/files/calm/marlim_1400_calm_038.npy
marlim_1400_calm_039.npy,calm,1400,1120,2016,56,0.0,1.0,0.5092160701751709,0.3146030604839325,1.0,0.0,1.0,0.3027176881387277,0.001003265380859375,0.0,0.0,-0.001003265380859375,"(128, 128, 128)",/home/grva-mint/Projects/Falhas/Marlim/Regions/Marlim/files/calm/marlim_1400_calm_039.npy
marlim_1400_calm_040.npy,calm,1400,1200,2064,56,0.0,1.0,0.4967014193534851,0.19523535668849945,1.0,0.0,1.0,0.19022800596258094,0.006122589111328125,0.0,0.0,-0.006122589111328125,"(128, 128, 128)",/home/grva-mint/Projects/Falhas/Marlim/Regions/Marlim/files/calm/marlim_1400_calm_040.npy
marlim_2600_calm_000.npy,calm,2600,208,144,40,0.0,1.0,0.5017766356468201,0.24806571006774902,1.0,0.0,0.998955249786377,0.2353048832201241,0.010356903076171875,0.0,0.0,-0.010356903076171875,"(128, 128, 128)",/home/grva-mint/Projects/Falhas/Marlim/Regions/Marlim/files/calm/marlim_2600_calm_000.npy
marlim_2600_calm_001.npy,calm,2600,240,48,40,0.0,1.0,0.5047498941421509,0.27999523282051086,1.0,0.0,1.0,0.27452899423678895,0.008947372436523438,0.0,0.0,-0.008947372436523438,"(128, 128, 128)",/home/grva-mint/Projects/Falhas/Marlim/Regions/Marlim/files/calm/marlim_2600_calm_001.npy
marlim_2600_calm_002.npy,calm,2600,240,336,40,0.0,1.0,0.5020058751106262,0.26134517788887024,1.0,0.0,1.0,0.24254572036261401,0.0056972503662109375,0.0,0.0,-0.0056972503662109375,"(128, 128, 128)",/home/grva-mint/Projects/Falhas/Marlim/Regions/Marlim/files/calm/marlim_2600_calm_002.npy
marlim_2600_calm_003.npy,calm,2600,256,224,40,0.0,1.0,0.5030295848846436,0.2755727767944336,1.0,0.0,0.9998269081115723,0.26119439418016716,0.007007598876953125,0.0,0.0,-0.007007598876953125,"(128, 128, 128)",/home/grva-mint/Projects/Falhas/Marlim/Regions/Marlim/files/calm/marlim_2600_calm_003.npy
marlim_2600_calm_004.npy,calm,2600,352,32,40,0.0,1.0,0.5039297938346863,0.21075037121772766,1.0,0.0,0.9935417175292969,0.19184769475441504,0.000457763671875,0.0,0.0,-0.000457763671875,"(128, 128, 128)",/home/grva-mint/Projects/Falhas/Marlim/Regions/Marlim/files/calm/marlim_2600_calm_004.npy
marlim_2600_calm_005.npy,calm,2600,352,224,40,0.0,1.0,0.5055299997329712,0.19152598083019257,1.0,0.0,0.9508686065673828,0.17558335887224596,0.0010890960693359375,0.0,0.0,-0.0010890960693359375,"(128, 128, 128)",/home/grva-mint/Projects/Falhas/Marlim/Regions/Marlim/files/calm/marlim_2600_calm_005.npy
marlim_2600_calm_006.npy,calm,2600,352,368,40,0.0,1.0,0.5032343864440918,0.21140655875205994,1.0,0.0,0.9453182220458984,0.19617632651284111,0.000270843505859375,0.0,0.0,-0.000270843505859375,"(128, 128, 128)",/home/grva-mint/Projects/Falhas/Marlim/Regions/Marlim/files/calm/marlim_2600_calm_006.npy
marlim_2600_calm_007.npy,calm,2600,368,128,40,0.0,1.0,0.5038829445838928,0.17261171340942383,1.0,0.0,0.9604039192199707,0.155416099656578,0.0011310577392578125,0.0,0.0,-0.0011310577392578125,"(128, 128, 128)",/home/grva-mint/Projects/Falhas/Marlim/Regions/Marlim/files/calm/marlim_2600_calm_007.npy
marlim_2600_calm_008.npy,calm,2600,416,288,40,0.0,1.0,0.49854138493537903,0.11680137366056442,1.0,0.0,0.8499565124511719,0.10696971919833231,0.0010509490966796875,0.0,0.0,-0.0010509490966796875,"(128, 128, 128)",/home/grva-mint/Projects/Falhas/Marlim/Regions/Marlim/files/calm/marlim_2600_calm_008.npy
marlim_2600_calm_009.npy,calm,2600,448,16,40,0.0,1.0,0.5017632246017456,0.15889787673950195,1.0,0.0,0.8565006256103516,0.1345375528230761,0.00168609619140625,0.0,0.0,-0.00168609619140625,"(128, 128, 128)",/home/grva-mint/Projects/Falhas/Marlim/Regions/Marlim/files/calm/marlim_2600_calm_009.npy
marlim_2600_calm_010.npy,calm,2600,464,112,40,0.0,1.0,0.5040996074676514,0.1692691147327423,1.0,0.0,0.9486675262451172,0.15239123988135322,0.0002727508544921875,0.0,0.0,-0.0002727508544921875,"(128, 128, 128)",/home/grva-mint/Projects/Falhas/Marlim/Regions/Marlim/files/calm/marlim_2600_calm_010.npy
marlim_2600_calm_011.npy,calm,2600,512,192,40,0.0,1.0,0.5030084252357483,0.15160514414310455,1.0,0.0,0.8811197280883789,0.13616345136483587,0.0006542205810546875,0.0,0.0,-0.0006542205810546875,"(128, 128, 128)",/home/grva-mint/Projects/Falhas/Marlim/Regions/Marlim/files/calm/marlim_2600_calm_011.npy
marlim_2600_calm_012.npy,calm,2600,512,288,40,0.0,1.0,0.5031889081001282,0.1328776627779007,1.0,0.0,0.8819723129272461,0.12141818649183889,0.0004711151123046875,0.0,0.0,-0.0004711151123046875,"(128, 128, 128)",/home/grva-mint/Projects/Falhas/Marlim/Regions/Marlim/files/calm/marlim_2600_calm_012.npy
marlim_2600_calm_013.npy,calm,2600,512,384,40,0.0,1.0,0.503060519695282,0.14607521891593933,1.0,0.0,0.8343935012817383,0.12841025063198663,0.0009746551513671875,0.0,0.0,-0.0009746551513671875,"(128, 128, 128)",/home/grva-mint/Projects/Falhas/Marlim/Regions/Marlim/files/calm/marlim_2600_calm_013.npy
marlim_2600_calm_014.npy,calm,2600,544,32,40,0.0,1.0,0.5017465353012085,0.14406558871269226,1.0,0.0,0.9249792098999023,0.13055393266449755,0.001178741455078125,0.0,0.0,-0.001178741455078125,"(128, 128, 128)",/home/grva-mint/Projects/Falhas/Marlim/Regions/Marlim/files/calm/marlim_2600_calm_014.npy
marlim_2600_calm_015.npy,calm,2600,592,240,40,0.1068180575966835,0.8898915648460388,0.5027382373809814,0.08603893965482712,1.0,0.0,0.6615128517150879,0.07968223022442023,0.005462646484375,0.0,0.0,-0.005462646484375,"(128, 128, 128)",/home/grva-mint/Projects/Falhas/Marlim/Regions/Marlim/files/calm/marlim_2600_calm_015.npy
marlim_2600_calm_016.npy,calm,2600,592,336,40,0.10739600658416748,0.829559326171875,0.5033432245254517,0.0756077915430069,1.0,0.0,0.5240015983581543,0.06829281497744022,0.00689697265625,0.0,0.0,-0.00689697265625,"(128, 128, 128)",/home/grva-mint/Projects/Falhas/Marlim/Regions/Marlim/files/calm/marlim_2600_calm_016.npy
marlim_2600_calm_017.npy,calm,2600,640,160,40,0.11982882022857666,0.8512610197067261,0.502077579498291,0.0949452668428421,1.0,0.0,0.8601632118225098,0.0891550309152076,0.00103759765625,0.0,0.0,-0.00103759765625,"(128, 128, 128)",/home/grva-mint/Projects/Falhas/Marlim/Regions/Marlim/files/calm/marlim_2600_calm_017.npy
marlim_2600_calm_018.npy,calm,2600,672,416,40,0.07971185445785522,0.9170978665351868,0.5032637715339661,0.10571252554655075,1.0,0.0,0.8500752449035645,0.09706400475954524,0.008115768432617188,0.0,0.0,-0.008115768432617188,"(128, 128, 128)",/home/grva-mint/Projects/Falhas/Marlim/Regions/Marlim/files/calm/marlim_2600_calm_018.npy
marlim_2600_calm_019.npy,calm,2600,688,80,40,0.22362475097179413,0.8121665120124817,0.5023808479309082,0.08197034150362015,1.0,0.0,0.8032779693603516,0.07764545489362717,0.004856109619140625,0.0,0.0,-0.004856109619140625,"(128, 128, 128)",/home/grva-mint/Projects/Falhas/Marlim/Regions/Marlim/files/calm/marlim_2600_calm_019.npy
marlim_2600_calm_020.npy,calm,2600,688,320,40,0.07971185445785522,0.9170978665351868,0.5014418959617615,0.10870189219713211,1.0,0.0,0.9595522880554199,0.10226163380457187,0.0030841827392578125,0.0,0.0,-0.0030841827392578125,"(128, 128, 128)",/home/grva-mint/Projects/Falhas/Marlim/Regions/Marlim/files/calm/marlim_2600_calm_020.npy
marlim_2600_calm_021.npy,calm,2600,704,224,40,0.17061105370521545,0.829559326171875,0.5026853084564209,0.08363506197929382,1.0,0.0,0.8422069549560547,0.08165455215725981,0.00689697265625,0.0,0.0,-0.00689697265625,"(128, 128, 128)",/home/grva-mint/Projects/Falhas/Marlim/Regions/Marlim/files/calm/marlim_2600_calm_021.npy
marlim_2600_calm_022.npy,calm,2600,800,128,40,0.0,1.0,0.49474430084228516,0.2115754932165146,1.0,0.0,0.9589252471923828,0.1764217797315264,0.00856781005859375,0.0,0.0,-0.00856781005859375,"(128, 128, 128)",/home/grva-mint/Projects/Falhas/Marlim/Regions/Marlim/files/calm/marlim_2600_calm_022.npy
marlim_2600_calm_023.npy,calm,2600,880,240,40,0.0,1.0,0.506797194480896,0.20301099121570587,1.0,0.0,0.9996614456176758,0.18524476387346933,0.008625030517578125,0.0,0.0,-0.008625030517578125,"(128, 128, 128)",/home/grva-mint/Projects/Falhas/Marlim/Regions/Marlim/files/calm/marlim_2600_calm_023.npy
marlim_2600_calm_024.npy,calm,2600,880,336,40,0.0,1.0,0.5068386793136597,0.18990401923656464,1.0,0.0,1.0,0.16928766421415276,0.0060882568359375,0.0,0.0,-0.0060882568359375,"(128, 128, 128)",/home/grva-mint/Projects/Falhas/Marlim/Regions/Marlim/files/calm/marlim_2600_calm_024.npy
marlim_2600_calm_025.npy,calm,2600,896,32,40,0.0,1.0,0.5089455246925354,0.20721638202667236,1.0,0.0,0.9992904663085938,0.18381896215350846,0.007946014404296875,0.0,0.0,-0.007946014404296875,"(128, 128, 128)",/home/grva-mint/Projects/Falhas/Marlim/Regions/Marlim/files/calm/marlim_2600_calm_025.npy
marlim_2600_calm_026.npy,calm,2600,896,144,40,0.0,1.0,0.5133734941482544,0.22889350354671478,1.0,0.0,0.9942836761474609,0.19401920297195785,0.0015163421630859375,0.0,0.0,-0.0015163421630859375,"(128, 128, 128)",/home/grva-mint/Projects/Falhas/Marlim/Regions/Marlim/files/calm/marlim_2600_calm_026.npy
marlim_2600_calm_027.npy,calm,2600,912,464,40,0.017127344384789467,1.0,0.502286970615387,0.12970352172851562,1.0,0.0,0.9977412223815918,0.12501610521394468,0.0066776275634765625,0.0,0.0,-0.0066776275634765625,"(128, 128, 128)",/home/grva-mint/Projects/Falhas/Marlim/Regions/Marlim/files/calm/marlim_2600_calm_027.npy
marlim_2600_calm_028.npy,calm,2600,960,384,40,0.0,1.0,0.5079395174980164,0.19535791873931885,1.0,0.0,1.0,0.17677927404702354,0.00089263916015625,0.0,0.0,-0.00089263916015625,"(128, 128, 128)",/home/grva-mint/Projects/Falhas/Marlim/Regions/Marlim/files/calm/marlim_2600_calm_028.npy
marlim_2600_calm_029.npy,calm,2600,992,16,40,0.016724472865462303,1.0,0.5106251239776611,0.13762040436267853,1.0,0.0,0.9979434013366699,0.1298139068371711,0.0025730133056640625,0.0,0.0,-0.0025730133056640625,"(128, 128, 128)",/home/grva-mint/Projects/Falhas/Marlim/Regions/Marlim/files/calm/marlim_2600_calm_029.npy
marlim_2600_calm_030.npy,calm,2600,992,112,40,0.0441916286945343,1.0,0.5020821690559387,0.14071646332740784,1.0,0.0,0.9990472793579102,0.13627147425677155,0.000820159912109375,0.0,0.0,-0.000820159912109375,"(128, 128, 128)",/home/grva-mint/Projects/Falhas/Marlim/Regions/Marlim/files/calm/marlim_2600_calm_030.npy
marlim_1200_faulted_000.npy,faulted,1200,368,1472,48,0.0,1.0,0.5007917881011963,0.1382627636194229,1.0,0.0,1.0,0.13614164813315766,0.049686431884765625,207.0,13858.0,207.0,"(128, 128, 128)",/home/grva-mint/Projects/Falhas/Marlim/Regions/Marlim/files/faulted/marlim_1200_faulted_000.npy
marlim_1200_faulted_001.npy,faulted,1200,544,368,48,0.0,1.0,0.5025393962860107,0.11817605048418045,1.0,0.0,0.8951506614685059,0.10337458579147274,0.030107498168945312,128.0,12842.0,128.0,"(128, 128, 128)",/home/grva-mint/Projects/Falhas/Marlim/Regions/Marlim/files/faulted/marlim_1200_faulted_001.npy
marlim_1200_faulted_002.npy,faulted,1200,560,1200,48,0.0,1.0,0.5045236945152283,0.11558588594198227,1.0,0.0,0.9909963607788086,0.11875938798948482,0.009166717529296875,256.0,16384.0,256.0,"(128, 128, 128)",/home/grva-mint/Projects/Falhas/Marlim/Regions/Marlim/files/faulted/marlim_1200_faulted_002.npy
marlim_1200_faulted_003.npy,faulted,1200,592,448,48,0.0774918720126152,0.917876660823822,0.5036369562149048,0.09260532259941101,1.0,0.0,0.8341388702392578,0.08715161953136885,0.033477783203125,178.0,15554.0,178.0,"(128, 128, 128)",/home/grva-mint/Projects/Falhas/Marlim/Regions/Marlim/files/faulted/marlim_1200_faulted_003.npy
marlim_1200_faulted_004.npy,faulted,1200,592,544,48,0.11995843052864075,0.9173139333724976,0.5023478269577026,0.09538460522890091,1.0,0.0,0.7538013458251953,0.08653278020324295,0.02988433837890625,158.0,15560.0,158.0,"(128, 128, 128)",/home/grva-mint/Projects/Falhas/Marlim/Regions/Marlim/files/faulted/marlim_1200_faulted_004.npy
marlim_1200_faulted_005.npy,faulted,1200,592,912,48,0.0,1.0,0.503017246723175,0.08510059863328934,1.0,0.0,0.7040829658508301,0.08021246493899525,0.0395965576171875,169.0,16384.0,169.0,"(128, 128, 128)",/home/grva-mint/Projects/Falhas/Marlim/Regions/Marlim/files/faulted/marlim_1200_faulted_005.npy
marlim_1200_faulted_006.npy,faulted,1200,592,1616,48,0.0,1.0,0.5015296339988708,0.1287889927625656,1.0,0.0,0.9923820495605469,0.12712847900047475,0.050022125244140625,239.0,16384.0,239.0,"(128, 128, 128)",/home/grva-mint/Projects/Falhas/Marlim/Regions/Marlim/files/faulted/marlim_1200_faulted_006.npy
marlim_1200_faulted_007.npy,faulted,1200,608,1296,48,0.0,1.0,0.5007777214050293,0.14997725188732147,1.0,0.0,0.9999122619628906,0.146935133349416,0.025247573852539062,256.0,16384.0,256.0,"(128, 128, 128)",/home/grva-mint/Projects/Falhas/Marlim/Regions/Marlim/files/faulted/marlim_1200_faulted_007.npy
marlim_1200_faulted_008.npy,faulted,1200,608,1936,48,0.0033904530573636293,1.0,0.5023165941238403,0.11224541813135147,1.0,0.0,0.9997296333312988,0.11197706793655016,0.03693962097167969,212.0,16384.0,212.0,"(128, 128, 128)",/home/grva-mint/Projects/Falhas/Marlim/Regions/Marlim/files/faulted/marlim_1200_faulted_008.npy
marlim_1200_faulted_009.npy,faulted,1200,624,1840,48,0.02096289023756981,1.0,0.5017448663711548,0.09811265021562576,1.0,0.0,0.8931617736816406,0.0932168574017842,0.05220794677734375,162.0,16384.0,162.0,"(128, 128, 128)",/home/grva-mint/Projects/Falhas/Marlim/Regions/Marlim/files/faulted/marlim_1200_faulted_009.npy
marlim_1200_faulted_010.npy,faulted,1200,640,992,48,0.0,1.0,0.5020948052406311,0.13261233270168304,1.0,0.0,0.960270881652832,0.12418288702247082,0.0623931884765625,233.0,16384.0,233.0,"(128, 128, 128)",/home/grva-mint/Projects/Falhas/Marlim/Regions/Marlim/files/faulted/marlim_1200_faulted_010.npy
marlim_1200_faulted_011.npy,faulted,1200,640,1536,48,0.0,1.0,0.5024003386497498,0.1841735988855362,1.0,0.0,0.9999127388000488,0.17506101785193806,0.022161483764648438,128.0,14817.0,128.0,"(128, 128, 128)",/home/grva-mint/Projects/Falhas/Marlim/Regions/Marlim/files/faulted/marlim_1200_faulted_011.npy
marlim_1200_faulted_012.npy,faulted,1200,656,848,48,0.004368508700281382,1.0,0.5025519132614136,0.10759761184453964,1.0,0.0,0.8778562545776367,0.09935353426294569,0.019346237182617188,128.0,14410.0,128.0,"(128, 128, 128)",/home/grva-mint/Projects/Falhas/Marlim/Regions/Marlim/files/faulted/marlim_1200_faulted_012.npy
marlim_1200_faulted_013.npy,faulted,1200,656,1104,48,0.0,1.0,0.5015614628791809,0.18751679360866547,1.0,0.0,1.0,0.17981320708258863,0.0341644287109375,183.0,16318.0,183.0,"(128, 128, 128)",/home/grva-mint/Projects/Falhas/Marlim/Regions/Marlim/files/faulted/marlim_1200_faulted_013.npy
marlim_1200_faulted_014.npy,faulted,1200,656,2016,48,0.024307170882821083,1.0,0.5028330683708191,0.08915984630584717,1.0,0.0,0.7958869934082031,0.08136001063189724,0.03687095642089844,128.0,14803.0,128.0,"(128, 128, 128)",/home/grva-mint/Projects/Falhas/Marlim/Regions/Marlim/files/faulted/marlim_1200_faulted_014.npy
marlim_1200_faulted_015.npy,faulted,1200,672,496,48,0.0774918720126152,0.985500693321228,0.5018008351325989,0.11357338726520538,1.0,0.0,0.9786553382873535,0.10942362253285776,0.04624748229980469,322.0,16384.0,322.0,"(128, 128, 128)",/home/grva-mint/Projects/Falhas/Marlim/Regions/Marlim/files/faulted/marlim_1200_faulted_015.npy
marlim_1200_faulted_016.npy,faulted,1200,688,688,48,0.18607977032661438,0.8794283270835876,0.5027942657470703,0.08593849092721939,1.0,0.0,0.9531731605529785,0.08300647254691285,0.023488998413085938,128.0,15569.0,128.0,"(128, 128, 128)",/home/grva-mint/Projects/Falhas/Marlim/Regions/Marlim/files/faulted/marlim_1200_faulted_016.npy
marlim_1200_faulted_017.npy,faulted,1200,688,1728,48,0.0,1.0,0.5023218989372253,0.07068757712841034,1.0,0.0,0.504148006439209,0.06543830178054577,0.08835983276367188,236.0,16384.0,236.0,"(128, 128, 128)",/home/grva-mint/Projects/Falhas/Marlim/Regions/Marlim/files/faulted/marlim_1200_faulted_017.npy
marlim_1200_faulted_018.npy,faulted,1200,704,928,48,0.0,1.0,0.5020195245742798,0.1872437596321106,1.0,0.0,1.0,0.180286284066824,0.03478813171386719,188.0,16384.0,188.0,"(128, 128, 128)",/home/grva-mint/Projects/Falhas/Marlim/Regions/Marlim/files/faulted/marlim_1200_faulted_018.npy
marlim_1200_faulted_019.npy,faulted,1200,704,1264,48,0.0,1.0,0.5048718452453613,0.1913577765226364,1.0,0.0,1.0,0.1901053600222422,0.035289764404296875,194.0,13484.0,194.0,"(128, 128, 128)",/home/grva-mint/Projects/Falhas/Marlim/Regions/Marlim/files/faulted/marlim_1200_faulted_019.npy
marlim_1200_faulted_020.npy,faulted,1200,720,1040,48,0.0,1.0,0.5042139291763306,0.206503763794899,1.0,0.0,1.0,0.19707941679325813,0.10348129272460938,274.0,16384.0,274.0,"(128, 128, 128)",/home/grva-mint/Projects/Falhas/Marlim/Regions/Marlim/files/faulted/marlim_1200_faulted_020.npy
marlim_1200_faulted_021.npy,faulted,1200,720,1488,48,0.0,1.0,0.49814343452453613,0.24506759643554688,1.0,0.0,1.0,0.23904726140063826,0.02156829833984375,128.0,14666.0,128.0,"(128, 128, 128)",/home/grva-mint/Projects/Falhas/Marlim/Regions/Marlim/files/faulted/marlim_1200_faulted_021.npy
marlim_1200_faulted_022.npy,faulted,1200,720,1856,48,0.09966407716274261,0.8254602551460266,0.5026051998138428,0.05032994598150253,1.0,0.0,0.2411026954650879,0.0467053866061633,0.09725761413574219,194.0,16247.0,194.0,"(128, 128, 128)",/home/grva-mint/Projects/Falhas/Marlim/Regions/Marlim/files/faulted/marlim_1200_faulted_022.npy
marlim_1200_faulted_023.npy,faulted,1200,736,432,48,0.0,1.0,0.5034416913986206,0.14067485928535461,1.0,0.0,1.0,0.1281986560934456,0.07638168334960938,133.0,11178.0,133.0,"(128, 128, 128)",/home/grva-mint/Projects/Falhas/Marlim/Regions/Marlim/files/faulted/marlim_1200_faulted_023.npy
marlim_1200_faulted_024.npy,faulted,1200,736,2064,48,0.2869146168231964,0.7054455280303955,0.5025571584701538,0.046512801200151443,1.0,0.0,0.14215326309204102,0.04471421957259736,0.07844352722167969,128.0,13352.0,128.0,"(128, 128, 128)",/home/grva-mint/Projects/Falhas/Marlim/Regions/Marlim/files/faulted/marlim_1200_faulted_024.npy
marlim_1200_faulted_025.npy,faulted,1200,752,1344,48,0.0,1.0,0.5040134787559509,0.27806445956230164,1.0,0.0,1.0,0.2695734664475822,0.03865623474121094,151.0,14256.0,151.0,"(128, 128, 128)",/home/grva-mint/Projects/Falhas/Marlim/Regions/Marlim/files/faulted/marlim_1200_faulted_025.npy
marlim_1200_faulted_026.npy,faulted,1200,768,528,48,0.0,1.0,0.504922091960907,0.15732917189598083,1.0,0.0,1.0,0.1390399477386346,0.06002998352050781,205.0,16384.0,205.0,"(128, 128, 128)",/home/grva-mint/Projects/Falhas/Marlim/Regions/Marlim/files/faulted/marlim_1200_faulted_026.npy
marlim_1200_faulted_027.npy,faulted,1200,768,736,48,0.0,1.0,0.507401704788208,0.20293454825878143,1.0,0.0,0.9965224266052246,0.1767356762138661,0.04742240905761719,145.0,15778.0,145.0,"(128, 128, 128)",/home/grva-mint/Projects/Falhas/Marlim/Regions/Marlim/files/faulted/marlim_1200_faulted_027.npy
marlim_1200_faulted_028.npy,faulted,1200,768,1680,48,0.0,1.0,0.5026037693023682,0.16431449353694916,1.0,0.0,0.7595705986022949,0.1458847083274577,0.16168212890625,147.0,12246.0,147.0,"(128, 128, 128)",/home/grva-mint/Projects/Falhas/Marlim/Regions/Marlim/files/faulted/marlim_1200_faulted_028.npy
marlim_1200_faulted_029.npy,faulted,1200,768,1776,48,0.0,0.839004397392273,0.5029857754707336,0.03934580460190773,1.0,0.0,0.09859323501586914,0.03847110846982105,0.095001220703125,272.0,16384.0,272.0,"(128, 128, 128)",/home/grva-mint/Projects/Falhas/Marlim/Regions/Marlim/files/faulted/marlim_1200_faulted_029.npy
marlim_1200_faulted_030.npy,faulted,1200,784,976,48,0.0,1.0,0.5054362416267395,0.1942209005355835,1.0,0.0,0.9924716949462891,0.1797226765315827,0.10718345642089844,152.0,15098.0,152.0,"(128, 128, 128)",/home/grva-mint/Projects/Falhas/Marlim/Regions/Marlim/files/faulted/marlim_1200_faulted_030.npy
marlim_1200_faulted_031.npy,faulted,1200,816,1072,48,0.0,1.0,0.5061255693435669,0.24237993359565735,1.0,0.0,1.0,0.2272831232940078,0.08572006225585938,146.0,16384.0,146.0,"(128, 128, 128)",/home/grva-mint/Projects/Falhas/Marlim/Regions/Marlim/files/faulted/marlim_1200_faulted_031.npy
marlim_1200_faulted_032.npy,faulted,1200,816,1856,48,0.0,1.0,0.5031781792640686,0.07009594142436981,1.0,0.0,0.35668325424194336,0.0615393118157499,0.16884803771972656,144.0,13291.0,144.0,"(128, 128, 128)",/home/grva-mint/Projects/Falhas/Marlim/Regions/Marlim/files/faulted/marlim_1200_faulted_032.npy
marlim_1200_faulted_033.npy,faulted,1200,832,800,48,0.0,1.0,0.5057534575462341,0.21644066274166107,1.0,0.0,1.0,0.2012468842663111,0.03577423095703125,145.0,14209.0,145.0,"(128, 128, 128)",/home/grva-mint/Projects/Falhas/Marlim/Regions/Marlim/files/faulted/marlim_1200_faulted_033.npy
marlim_1200_faulted_034.npy,faulted,1200,848,576,48,0.0,1.0,0.5092544555664062,0.2555641531944275,1.0,0.0,1.0,0.24033643315487874,0.022439956665039062,144.0,16380.0,144.0,"(128, 128, 128)",/home/grva-mint/Projects/Falhas/Marlim/Regions/Marlim/files/faulted/marlim_1200_faulted_034.npy
marlim_1200_faulted_035.npy,faulted,1200,864,1760,48,0.0,1.0,0.502325177192688,0.1546485871076584,1.0,0.0,0.7485861778259277,0.12533045746727112,0.11377906799316406,179.0,16384.0,179.0,"(128, 128, 128)",/home/grva-mint/Projects/Falhas/Marlim/Regions/Marlim/files/faulted/marlim_1200_faulted_035.npy
marlim_1200_faulted_036.npy,faulted,1200,880,1488,48,0.0,1.0,0.5281569957733154,0.36914512515068054,1.0,0.0,1.0,0.36334882137089153,0.017206192016601562,154.0,13913.0,154.0,"(128, 128, 128)",/home/grva-mint/Projects/Falhas/Marlim/Regions/Marlim/files/faulted/marlim_1200_faulted_036.npy
marlim_1200_faulted_037.npy,faulted,1200,880,1584,48,0.0,1.0,0.5197091102600098,0.33677539229393005,1.0,0.0,1.0,0.3262426597002559,0.021587371826171875,151.0,11091.0,151.0,"(128, 128, 128)",/home/grva-mint/Projects/Falhas/Marlim/Regions/Marlim/files/faulted/marlim_1200_faulted_037.npy
marlim_1200_faulted_038.npy,faulted,1200,944,1136,48,0.0,1.0,0.5058708786964417,0.2524586617946625,1.0,0.0,0.9924831390380859,0.23019145728471813,0.05183601379394531,192.0,13573.0,192.0,"(128, 128, 128)",/home/grva-mint/Projects/Falhas/Marlim/Regions/Marlim/files/faulted/marlim_1200_faulted_038.npy
marlim_1200_faulted_039.npy,faulted,1200,944,1712,48,0.0,1.0,0.5009580850601196,0.2383112907409668,1.0,0.0,0.9997067451477051,0.22006621692343664,0.07359123229980469,140.0,14760.0,140.0,"(128, 128, 128)",/home/grva-mint/Projects/Falhas/Marlim/Regions/Marlim/files/faulted/marlim_1200_faulted_039.npy
marlim_1200_faulted_040.npy,faulted,1200,960,1536,48,0.0,1.0,0.5033104419708252,0.288006991147995,1.0,0.0,0.9999690055847168,0.275854806663574,0.04076194763183594,258.0,14968.0,258.0,"(128, 128, 128)",/home/grva-mint/Projects/Falhas/Marlim/Regions/Marlim/files/faulted/marlim_1200_faulted_040.npy
marlim_1200_faulted_041.npy,faulted,1200,976,864,48,0.0,1.0,0.5013043880462646,0.24342966079711914,1.0,0.0,0.9978480339050293,0.22754976267925553,0.03208351135253906,170.0,9968.0,170.0,"(128, 128, 128)",/home/grva-mint/Projects/Falhas/Marlim/Regions/Marlim/files/faulted/marlim_1200_faulted_041.npy
marlim_1200_faulted_042.npy,faulted,1200,992,768,48,0.0,1.0,0.5018426775932312,0.2464040368795395,1.0,0.0,0.9903931617736816,0.2236875906787663,0.03293800354003906,220.0,11420.0,220.0,"(128, 128, 128)",/home/grva-mint/Projects/Falhas/Marlim/Regions/Marlim/files/faulted/marlim_1200_faulted_042.npy
marlim_1200_faulted_043.npy,faulted,1200,1008,1776,48,0.0,1.0,0.503893256187439,0.2684447467327118,1.0,0.0,0.9992270469665527,0.2482690562101144,0.05294990539550781,128.0,14208.0,128.0,"(128, 128, 128)",/home/grva-mint/Projects/Falhas/Marlim/Regions/Marlim/files/faulted/marlim_1200_faulted_043.npy
marlim_1300_faulted_000.npy,faulted,1300,368,1472,84,0.0,1.0,0.5014256238937378,0.14000464975833893,1.0,0.0,1.0,0.13790008899014072,0.04378700256347656,234.0,13820.0,234.0,"(128, 128, 128)",/home/grva-mint/Projects/Falhas/Marlim/Regions/Marlim/files/faulted/marlim_1300_faulted_000.npy
marlim_1300_faulted_001.npy,faulted,1300,560,1584,84,0.0,1.0,0.503912091255188,0.1634189635515213,1.0,0.0,0.9894208908081055,0.14891118585409568,0.032573699951171875,231.0,16384.0,231.0,"(128, 128, 128)",/home/grva-mint/Projects/Falhas/Marlim/Regions/Marlim/files/faulted/marlim_1300_faulted_001.npy
marlim_1300_faulted_002.npy,faulted,1300,576,880,84,0.002765803365036845,0.9201577305793762,0.5035517811775208,0.07053586840629578,1.0,0.0,0.5942144393920898,0.06595224174327541,0.026226043701171875,139.0,16298.0,139.0,"(128, 128, 128)",/home/grva-mint/Projects/Falhas/Marlim/Regions/Marlim/files/faulted/marlim_1300_faulted_002.npy
marlim_1300_faulted_003.npy,faulted,1300,592,432,84,0.07095556706190109,0.9167112708091736,0.5039528608322144,0.09737337380647659,1.0,0.0,0.7614426612854004,0.08919680491385407,0.03245735168457031,142.0,15177.0,142.0,"(128, 128, 128)",/home/grva-mint/Projects/Falhas/Marlim/Regions/Marlim/files/faulted/marlim_1300_faulted_003.npy
marlim_1300_faulted_004.npy,faulted,1300,608,1504,84,0.0,1.0,0.5032767057418823,0.16494661569595337,1.0,0.0,0.9995870590209961,0.15535791168166835,0.021364212036132812,128.0,14461.0,128.0,"(128, 128, 128)",/home/grva-mint/Projects/Falhas/Marlim/Regions/Marlim/files/faulted/marlim_1300_faulted_004.npy
marlim_1300_faulted_005.npy,faulted,1300,608,1664,84,0.0,1.0,0.5027933716773987,0.10885430872440338,1.0,0.0,0.9044184684753418,0.10101700929452129,0.05356025695800781,128.0,14408.0,128.0,"(128, 128, 128)",/home/grva-mint/Projects/Falhas/Marlim/Regions/Marlim/files/faulted/marlim_1300_faulted_005.npy
marlim_1300_faulted_006.npy,faulted,1300,608,1920,84,0.02440333552658558,1.0,0.5025492906570435,0.1137591078877449,1.0,0.0,0.9982986450195312,0.11162866468771426,0.033374786376953125,176.0,16381.0,176.0,"(128, 128, 128)",/home/grva-mint/Projects/Falhas/Marlim/Regions/Marlim/files/faulted/marlim_1300_faulted_006.npy
marlim_1300_faulted_007.npy,faulted,1300,624,960,84,0.0,1.0,0.5029710531234741,0.10874731093645096,1.0,0.0,0.8941736221313477,0.10255501656183696,0.048656463623046875,171.0,16088.0,171.0,"(128, 128, 128)",/home/grva-mint/Projects/Falhas/Marlim/Regions/Marlim/files/faulted/marlim_1300_faulted_007.npy
marlim_1300_faulted_008.npy,faulted,1300,640,1200,84,0.0,1.0,0.4978017210960388,0.16930213570594788,1.0,0.0,1.0,0.1661851224585007,0.0064525604248046875,128.0,12659.0,128.0,"(128, 128, 128)",/home/grva-mint/Projects/Falhas/Marlim/Regions/Marlim/files/faulted/marlim_1300_faulted_008.npy
marlim_1300_faulted_009.npy,faulted,1300,656,2000,84,0.027593296021223068,1.0,0.501989483833313,0.09639111906290054,1.0,0.0,0.8166179656982422,0.08649959023637166,0.03761100769042969,128.0,15133.0,128.0,"(128, 128, 128)",/home/grva-mint/Projects/Falhas/Marlim/Regions/Marlim/files/faulted/marlim_1300_faulted_009.npy
marlim_1300_faulted_010.npy,faulted,1300,688,480,84,0.07095556706190109,0.9938615560531616,0.5023449063301086,0.12825754284858704,1.0,0.0,0.9997520446777344,0.12428219490084302,0.042022705078125,216.0,16384.0,216.0,"(128, 128, 128)",/home/grva-mint/Projects/Falhas/Marlim/Regions/Marlim/files/faulted/marlim_1300_faulted_010.npy
marlim_1300_faulted_011.npy,faulted,1300,688,592,84,0.09097064286470413,0.9503122568130493,0.5017893314361572,0.10978902131319046,1.0,0.0,0.9994616508483887,0.10346417129858221,0.027719497680664062,179.0,16384.0,179.0,"(128, 128, 128)",/home/grva-mint/Projects/Falhas/Marlim/Regions/Marlim/files/faulted/marlim_1300_faulted_011.npy
marlim_1300_faulted_012.npy,faulted,1300,688,1280,84,0.0,1.0,0.49947118759155273,0.20945025980472565,1.0,0.0,1.0,0.19787650818217006,0.02747344970703125,128.0,14216.0,128.0,"(128, 128, 128)",/home/grva-mint/Projects/Falhas/Marlim/Regions/Marlim/files/faulted/marlim_1300_faulted_012.npy
marlim_1300_faulted_013.npy,faulted,1300,688,1456,84,0.0,1.0,0.495515912771225,0.2587040364742279,1.0,0.0,1.0,0.24842814566817584,0.0221099853515625,128.0,14585.0,128.0,"(128, 128, 128)",/home/grva-mint/Projects/Falhas/Marlim/Regions/Marlim/files/faulted/marlim_1300_faulted_013.npy
marlim_1300_faulted_014.npy,faulted,1300,688,1712,84,0.0,1.0,0.5023427605628967,0.07256573438644409,1.0,0.0,0.4753227233886719,0.06577171086121325,0.10336494445800781,128.0,13329.0,128.0,"(128, 128, 128)",/home/grva-mint/Projects/Falhas/Marlim/Regions/Marlim/files/faulted/marlim_1300_faulted_014.npy
marlim_1300_faulted_015.npy,faulted,1300,688,1808,84,0.24663101136684418,0.750480055809021,0.5025494694709778,0.05204559117555618,1.0,0.0,0.3397245407104492,0.05072501887684666,0.044185638427734375,205.0,13007.0,205.0,"(128, 128, 128)",/home/grva-mint/Projects/Falhas/Marlim/Regions/Marlim/files/faulted/marlim_1300_faulted_015.npy
marlim_1300_faulted_016.npy,faulted,1300,704,912,84,0.0,1.0,0.5029042363166809,0.16074372828006744,1.0,0.0,1.0,0.1536511149352009,0.06811141967773438,165.0,16384.0,165.0,"(128, 128, 128)",/home/grva-mint/Projects/Falhas/Marlim/Regions/Marlim/files/faulted/marlim_1300_faulted_016.npy
marlim_1300_faulted_017.npy,faulted,1300,704,1008,84,0.0,1.0,0.5032730102539062,0.16772644221782684,1.0,0.0,1.0,0.1611141435414538,0.08320045471191406,233.0,16384.0,233.0,"(128, 128, 128)",/home/grva-mint/Projects/Falhas/Marlim/Regions/Marlim/files/faulted/marlim_1300_faulted_017.npy
marlim_1300_faulted_018.npy,faulted,1300,736,2048,84,0.22955653071403503,0.7347893714904785,0.5023724436759949,0.045817017555236816,1.0,0.0,0.15160846710205078,0.04449518719036405,0.06636238098144531,128.0,14148.0,128.0,"(128, 128, 128)",/home/grva-mint/Projects/Falhas/Marlim/Regions/Marlim/files/faulted/marlim_1300_faulted_018.npy
marlim_1300_faulted_019.npy,faulted,1300,752,1872,84,0.09966407716274261,0.8254602551460266,0.5027901530265808,0.03958909958600998,1.0,0.0,0.09759378433227539,0.03753683299078148,0.14849090576171875,205.0,12001.0,205.0,"(128, 128, 128)",/home/grva-mint/Projects/Falhas/Marlim/Regions/Marlim/files/faulted/marlim_1300_faulted_019.npy
marlim_1300_faulted_020.npy,faulted,1300,768,528,84,0.0,1.0,0.5068332552909851,0.14776258170604706,1.0,0.0,0.9999523162841797,0.13724196707243852,0.05043220520019531,177.0,16384.0,177.0,"(128, 128, 128)",/home/grva-mint/Projects/Falhas/Marlim/Regions/Marlim/files/faulted/marlim_1300_faulted_020.npy
marlim_1300_faulted_021.npy,faulted,1300,768,640,84,0.0,1.0,0.5086452960968018,0.1757667064666748,1.0,0.0,0.9998083114624023,0.1502090228882471,0.030221939086914062,197.0,16384.0,197.0,"(128, 128, 128)",/home/grva-mint/Projects/Falhas/Marlim/Regions/Marlim/files/faulted/marlim_1300_faulted_021.npy
marlim_1300_faulted_022.npy,faulted,1300,768,1408,84,0.0,1.0,0.5062946677207947,0.3025590479373932,1.0,0.0,1.0,0.28858190208575163,0.012983322143554688,128.0,15050.0,128.0,"(128, 128, 128)",/home/grva-mint/Projects/Falhas/Marlim/Regions/Marlim/files/faulted/marlim_1300_faulted_022.npy
marlim_1300_faulted_023.npy,faulted,1300,784,16,84,0.17815792560577393,0.8816647529602051,0.502792239189148,0.04808508977293968,1.0,0.0,0.2656893730163574,0.04349716256785996,0.14764022827148438,128.0,13686.0,128.0,"(128, 128, 128)",/home/grva-mint/Projects/Falhas/Marlim/Regions/Marlim/files/faulted/marlim_1300_faulted_023.npy
marlim_1300_faulted_024.npy,faulted,1300,784,1056,84,0.0,1.0,0.5064246654510498,0.23412741720676422,1.0,0.0,0.9999299049377441,0.2210838846262977,0.08477973937988281,145.0,16384.0,145.0,"(128, 128, 128)",/home/grva-mint/Projects/Falhas/Marlim/Regions/Marlim/files/faulted/marlim_1300_faulted_024.npy
marlim_1300_faulted_025.npy,faulted,1300,784,1776,84,0.21050530672073364,0.7664337158203125,0.5027152299880981,0.032905690371990204,1.0,0.0,0.05842447280883789,0.0330245993477547,0.12059402465820312,248.0,16364.0,248.0,"(128, 128, 128)",/home/grva-mint/Projects/Falhas/Marlim/Regions/Marlim/files/faulted/marlim_1300_faulted_025.npy
marlim_1300_faulted_026.npy,faulted,1300,832,1136,84,0.0,1.0,0.5071050524711609,0.3062455356121063,1.0,0.0,1.0,0.2973543729794983,0.03512382507324219,132.0,15670.0,132.0,"(128, 128, 128)",/home/grva-mint/Projects/Falhas/Marlim/Regions/Marlim/files/faulted/marlim_1300_faulted_026.npy
marlim_1300_faulted_027.npy,faulted,1300,880,1760,84,0.0,1.0,0.5017157196998596,0.13935039937496185,1.0,0.0,0.7953505516052246,0.11756812252747295,0.10823440551757812,171.0,15020.0,171.0,"(128, 128, 128)",/home/grva-mint/Projects/Falhas/Marlim/Regions/Marlim/files/faulted/marlim_1300_faulted_027.npy
marlim_1300_faulted_028.npy,faulted,1300,912,768,84,0.0,1.0,0.5052767395973206,0.23867222666740417,1.0,0.0,1.0,0.21925424094024493,0.0222930908203125,128.0,13021.0,128.0,"(128, 128, 128)",/home/grva-mint/Projects/Falhas/Marlim/Regions/Marlim/files/faulted/marlim_1300_faulted_028.npy
marlim_1300_faulted_029.npy,faulted,1300,912,1520,84,0.0,1.0,0.5028744339942932,0.32894429564476013,1.0,0.0,1.0,0.32251291329703236,0.030988693237304688,128.0,10385.0,128.0,"(128, 128, 128)",/home/grva-mint/Projects/Falhas/Marlim/Regions/Marlim/files/faulted/marlim_1300_faulted_029.npy
marlim_1300_faulted_030.npy,faulted,1300,912,1616,84,0.0,1.0,0.5115246772766113,0.23454681038856506,1.0,0.0,0.9999370574951172,0.2237536651045957,0.060077667236328125,128.0,10898.0,128.0,"(128, 128, 128)",/home/grva-mint/Projects/Falhas/Marlim/Regions/Marlim/files/faulted/marlim_1300_faulted_030.npy
marlim_1300_faulted_031.npy,faulted,1300,928,1840,84,0.0,1.0,0.5013716816902161,0.2842903435230255,1.0,0.0,0.9994544982910156,0.27085374341731416,0.029510498046875,128.0,12070.0,128.0,"(128, 128, 128)",/home/grva-mint/Projects/Falhas/Marlim/Regions/Marlim/files/faulted/marlim_1300_faulted_031.npy
marlim_1300_faulted_032.npy,faulted,1300,944,1184,84,0.0,1.0,0.5013560652732849,0.2774850130081177,1.0,0.0,0.9930715560913086,0.2544347566263241,0.05208396911621094,160.0,14197.0,160.0,"(128, 128, 128)",/home/grva-mint/Projects/Falhas/Marlim/Regions/Marlim/files/faulted/marlim_1300_faulted_032.npy
marlim_1300_faulted_033.npy,faulted,1300,960,848,84,0.0,1.0,0.5063836574554443,0.2501634657382965,1.0,0.0,1.0,0.2344493232653715,0.026308059692382812,128.0,13351.0,128.0,"(128, 128, 128)",/home/grva-mint/Projects/Falhas/Marlim/Regions/Marlim/files/faulted/marlim_1300_faulted_033.npy
marlim_1300_faulted_034.npy,faulted,1300,976,1280,84,0.0,1.0,0.5035197138786316,0.3199077248573303,1.0,0.0,0.9998030662536621,0.29187253020108983,0.0177154541015625,155.0,9637.0,155.0,"(128, 128, 128)",/home/grva-mint/Projects/Falhas/Marlim/Regions/Marlim/files/faulted/marlim_1300_faulted_034.npy
marlim_1300_faulted_035.npy,faulted,1300,992,1776,84,0.0,1.0,0.5045507550239563,0.25118663907051086,1.0,0.0,0.997922420501709,0.23067332063421375,0.06737136840820312,128.0,11475.0,128.0,"(128, 128, 128)",/home/grva-mint/Projects/Falhas/Marlim/Regions/Marlim/files/faulted/marlim_1300_faulted_035.npy
marlim_1300_faulted_036.npy,faulted,1300,1024,1872,84,0.0,1.0,0.48465272784233093,0.35365191102027893,1.0,0.0,1.0,0.347590301732458,0.01096343994140625,128.0,11017.0,128.0,"(128, 128, 128)",/home/grva-mint/Projects/Falhas/Marlim/Regions/Marlim/files/faulted/marlim_1300_faulted_036.npy
marlim_1400_faulted_000.npy,faulted,1400,560,400,56,0.0,1.0,0.5018451809883118,0.11083852499723434,1.0,0.0,0.5897617340087891,0.08918439495300845,0.03462982177734375,141.0,15632.0,141.0,"(128, 128, 128)",/home/grva-mint/Projects/Falhas/Marlim/Regions/Marlim/files/faulted/marlim_1400_faulted_000.npy
marlim_1400_faulted_001.npy,faulted,1400,560,1136,56,0.0,1.0,0.5033615231513977,0.0990101546049118,1.0,0.0,0.7842936515808105,0.09732808397302506,0.008638381958007812,128.0,11699.0,128.0,"(128, 128, 128)",/home/grva-mint/Projects/Falhas/Marlim/Regions/Marlim/files/faulted/marlim_1400_faulted_001.npy
marlim_1400_faulted_002.npy,faulted,1400,592,1584,56,0.0,1.0,0.5011253952980042,0.09167183190584183,1.0,0.0,0.6972098350524902,0.08235962782510686,0.05055809020996094,128.0,14945.0,128.0,"(128, 128, 128)",/home/grva-mint/Projects/Falhas/Marlim/Regions/Marlim/files/faulted/marlim_1400_faulted_002.npy
marlim_1400_faulted_003.npy,faulted,1400,608,864,56,0.19532528519630432,0.8304793834686279,0.5025523900985718,0.05397697165608406,1.0,0.0,0.4017510414123535,0.05282464977199197,0.048603057861328125,169.0,16384.0,169.0,"(128, 128, 128)",/home/grva-mint/Projects/Falhas/Marlim/Regions/Marlim/files/faulted/marlim_1400_faulted_003.npy
marlim_1400_faulted_004.npy,faulted,1400,608,1216,56,0.0,1.0,0.5019786357879639,0.1292024403810501,1.0,0.0,0.8993511199951172,0.12419592866376661,0.02132415771484375,128.0,14237.0,128.0,"(128, 128, 128)",/home/grva-mint/Projects/Falhas/Marlim/Regions/Marlim/files/faulted/marlim_1400_faulted_004.npy
marlim_1400_faulted_005.npy,faulted,1400,608,1424,56,0.0,1.0,0.5032299757003784,0.13211973011493683,1.0,0.0,0.8853764533996582,0.12253620558931289,0.013029098510742188,128.0,12961.0,128.0,"(128, 128, 128)",/home/grva-mint/Projects/Falhas/Marlim/Regions/Marlim/files/faulted/marlim_1400_faulted_005.npy
marlim_1400_faulted_006.npy,faulted,1400,624,1936,56,0.07768569141626358,1.0,0.5028319954872131,0.08503061532974243,1.0,0.0,0.929445743560791,0.08397077347217596,0.03815460205078125,242.0,16384.0,242.0,"(128, 128, 128)",/home/grva-mint/Projects/Falhas/Marlim/Regions/Marlim/files/faulted/marlim_1400_faulted_006.npy
marlim_1400_faulted_007.npy,faulted,1400,640,352,56,0.0,1.0,0.5033081769943237,0.07399996370077133,1.0,0.0,0.3964242935180664,0.063151076239365,0.08262062072753906,221.0,16234.0,221.0,"(128, 128, 128)",/home/grva-mint/Projects/Falhas/Marlim/Regions/Marlim/files/faulted/marlim_1400_faulted_007.npy
marlim_1400_faulted_008.npy,faulted,1400,656,496,56,0.0,1.0,0.5032195448875427,0.11734418570995331,1.0,0.0,0.6993770599365234,0.10413643656147542,0.03343391418457031,128.0,15600.0,128.0,"(128, 128, 128)",/home/grva-mint/Projects/Falhas/Marlim/Regions/Marlim/files/faulted/marlim_1400_faulted_008.npy
marlim_1400_faulted_009.npy,faulted,1400,656,944,56,0.0,1.0,0.5021824240684509,0.09966205060482025,1.0,0.0,0.8703665733337402,0.09229190212340654,0.08880615234375,237.0,16384.0,237.0,"(128, 128, 128)",/home/grva-mint/Projects/Falhas/Marlim/Regions/Marlim/files/faulted/marlim_1400_faulted_009.npy
marlim_1400_faulted_010.npy,faulted,1400,656,1648,56,0.0,1.0,0.5022482872009277,0.0715586319565773,1.0,0.0,0.4907236099243164,0.06548069939686751,0.09536361694335938,128.0,15144.0,128.0,"(128, 128, 128)",/home/grva-mint/Projects/Falhas/Marlim/Regions/Marlim/files/faulted/marlim_1400_faulted_010.npy
marlim_1400_faulted_011.npy,faulted,1400,656,1840,56,0.07246092706918716,1.0,0.5029100775718689,0.07767165452241898,1.0,0.0,0.5533351898193359,0.06699050488180092,0.037933349609375,128.0,12021.0,128.0,"(128, 128, 128)",/home/grva-mint/Projects/Falhas/Marlim/Regions/Marlim/files/faulted/marlim_1400_faulted_011.npy
marlim_1400_faulted_012.npy,faulted,1400,672,2016,56,0.03315303847193718,1.0,0.5030370354652405,0.07406983524560928,1.0,0.0,0.558800220489502,0.06625275679175502,0.030406951904296875,128.0,13979.0,128.0,"(128, 128, 128)",/home/grva-mint/Projects/Falhas/Marlim/Regions/Marlim/files/faulted/marlim_1400_faulted_012.npy
marlim_1400_faulted_013.npy,faulted,1400,704,288,56,0.0,1.0,0.5026871562004089,0.09125051647424698,1.0,0.0,0.6001553535461426,0.07938044591457949,0.09552383422851562,129.0,15194.0,129.0,"(128, 128, 128)",/home/grva-mint/Projects/Falhas/Marlim/Regions/Marlim/files/faulted/marlim_1400_faulted_013.npy
marlim_1400_faulted_014.npy,faulted,1400,704,416,56,0.0,1.0,0.5002182722091675,0.16761429607868195,1.0,0.0,0.9123148918151855,0.1474597142444054,0.039859771728515625,128.0,15703.0,128.0,"(128, 128, 128)",/home/grva-mint/Projects/Falhas/Marlim/Regions/Marlim/files/faulted/marlim_1400_faulted_014.npy
marlim_1400_faulted_015.npy,faulted,1400,704,576,56,0.0018888275371864438,0.9777343273162842,0.5031352043151855,0.12297002971172333,1.0,0.0,0.9971556663513184,0.11614058055419907,0.016918182373046875,256.0,16384.0,256.0,"(128, 128, 128)",/home/grva-mint/Projects/Falhas/Marlim/Regions/Marlim/files/faulted/marlim_1400_faulted_015.npy
marlim_1400_faulted_016.npy,faulted,1400,704,1200,56,0.0,1.0,0.5023201704025269,0.16997727751731873,1.0,0.0,1.0,0.16766240457991444,0.027379989624023438,128.0,13637.0,128.0,"(128, 128, 128)",/home/grva-mint/Projects/Falhas/Marlim/Regions/Marlim/files/faulted/marlim_1400_faulted_016.npy
marlim_1400_faulted_017.npy,faulted,1400,704,1392,56,0.0,1.0,0.4988187551498413,0.22618843615055084,1.0,0.0,1.0,0.2154376439166228,0.016622543334960938,128.0,13497.0,128.0,"(128, 128, 128)",/home/grva-mint/Projects/Falhas/Marlim/Regions/Marlim/files/faulted/marlim_1400_faulted_017.npy
marlim_1400_faulted_018.npy,faulted,1400,736,896,56,0.0,1.0,0.501634418964386,0.14722609519958496,1.0,0.0,0.9994869232177734,0.1377597814375804,0.12520599365234375,206.0,16384.0,206.0,"(128, 128, 128)",/home/grva-mint/Projects/Falhas/Marlim/Regions/Marlim/files/faulted/marlim_1400_faulted_018.npy
marlim_1400_faulted_019.npy,faulted,1400,736,1888,56,0.3172285556793213,0.7117278575897217,0.5027978420257568,0.03933463990688324,1.0,0.0,0.09815549850463867,0.037078568247920884,0.08328437805175781,128.0,13197.0,128.0,"(128, 128, 128)",/home/grva-mint/Projects/Falhas/Marlim/Regions/Marlim/files/faulted/marlim_1400_faulted_019.npy
marlim_1400_faulted_020.npy,faulted,1400,752,16,56,0.06279764324426651,0.9051958322525024,0.5024849772453308,0.05112086609005928,1.0,0.0,0.31111717224121094,0.046794212625513865,0.12446784973144531,128.0,14760.0,128.0,"(128, 128, 128)",/home/grva-mint/Projects/Falhas/Marlim/Regions/Marlim/files/faulted/marlim_1400_faulted_020.npy
marlim_1400_faulted_021.npy,faulted,1400,752,992,56,0.0,1.0,0.5038900971412659,0.14780890941619873,1.0,0.0,0.9997844696044922,0.14069065943658643,0.10908126831054688,245.0,16384.0,245.0,"(128, 128, 128)",/home/grva-mint/Projects/Falhas/Marlim/Regions/Marlim/files/faulted/marlim_1400_faulted_021.npy
marlim_1400_faulted_022.npy,faulted,1400,768,2016,56,0.1494409441947937,0.767388641834259,0.502797544002533,0.03998932987451553,1.0,0.0,0.09058952331542969,0.03956105909855978,0.08582305908203125,128.0,14119.0,128.0,"(128, 128, 128)",/home/grva-mint/Projects/Falhas/Marlim/Regions/Marlim/files/faulted/marlim_1400_faulted_022.npy
marlim_1400_faulted_023.npy,faulted,1400,784,528,56,0.0,1.0,0.5045259594917297,0.1441720426082611,1.0,0.0,0.9640135765075684,0.12883540746861133,0.03956794738769531,146.0,16384.0,146.0,"(128, 128, 128)",/home/grva-mint/Projects/Falhas/Marlim/Regions/Marlim/files/faulted/marlim_1400_faulted_023.npy
marlim_1400_faulted_024.npy,faulted,1400,784,624,56,0.0,1.0,0.5051664710044861,0.16675451397895813,1.0,0.0,0.9934334754943848,0.1429895339388163,0.026332855224609375,256.0,16384.0,256.0,"(128, 128, 128)",/home/grva-mint/Projects/Falhas/Marlim/Regions/Marlim/files/faulted/marlim_1400_faulted_024.npy
marlim_1400_faulted_025.npy,faulted,1400,784,1680,56,0.0,1.0,0.501636803150177,0.07006490230560303,1.0,0.0,0.33838748931884766,0.057340559535418834,0.20575904846191406,130.0,16125.0,130.0,"(128, 128, 128)",/home/grva-mint/Projects/Falhas/Marlim/Regions/Marlim/files/faulted/marlim_1400_faulted_025.npy
marlim_1400_faulted_026.npy,faulted,1400,784,1808,56,0.0,1.0,0.5025927424430847,0.03552311658859253,1.0,0.0,0.08038568496704102,0.032426289348450155,0.1859912872314453,128.0,14974.0,128.0,"(128, 128, 128)",/home/grva-mint/Projects/Falhas/Marlim/Regions/Marlim/files/faulted/marlim_1400_faulted_026.npy
marlim_1400_faulted_027.npy,faulted,1400,864,1760,56,0.0,1.0,0.5013916492462158,0.1433185189962387,1.0,0.0,0.7680444717407227,0.12212034259482607,0.0778656005859375,164.0,15595.0,164.0,"(128, 128, 128)",/home/grva-mint/Projects/Falhas/Marlim/Regions/Marlim/files/faulted/marlim_1400_faulted_027.npy
marlim_1400_faulted_028.npy,faulted,1400,896,752,56,0.0,1.0,0.4936341345310211,0.27240195870399475,1.0,0.0,1.0,0.258053286296672,0.014314651489257812,128.0,14142.0,128.0,"(128, 128, 128)",/home/grva-mint/Projects/Falhas/Marlim/Regions/Marlim/files/faulted/marlim_1400_faulted_028.npy
marlim_1400_faulted_029.npy,faulted,1400,912,1568,56,0.0,1.0,0.5008301138877869,0.21484720706939697,1.0,0.0,1.0,0.20438616414503485,0.06659126281738281,128.0,12147.0,128.0,"(128, 128, 128)",/home/grva-mint/Projects/Falhas/Marlim/Regions/Marlim/files/faulted/marlim_1400_faulted_029.npy
marlim_1400_faulted_030.npy,faulted,1400,928,848,56,0.0,1.0,0.4984064996242523,0.24930661916732788,1.0,0.0,1.0,0.2332365964321088,0.027008056640625,128.0,12249.0,128.0,"(128, 128, 128)",/home/grva-mint/Projects/Falhas/Marlim/Regions/Marlim/files/faulted/marlim_1400_faulted_030.npy
marlim_1400_faulted_031.npy,faulted,1400,944,1184,56,0.0,1.0,0.5054284930229187,0.23079822957515717,1.0,0.0,0.9833226203918457,0.21143975221980327,0.07082748413085938,231.0,11846.0,231.0,"(128, 128, 128)",/home/grva-mint/Projects/Falhas/Marlim/Regions/Marlim/files/faulted/marlim_1400_faulted_031.npy
marlim_1400_faulted_032.npy,faulted,1400,944,1280,56,0.0,1.0,0.5018657445907593,0.3264089822769165,1.0,0.0,0.999260425567627,0.3114001595527043,0.024328231811523438,206.0,11013.0,206.0,"(128, 128, 128)",/home/grva-mint/Projects/Falhas/Marlim/Regions/Marlim/files/faulted/marlim_1400_faulted_032.npy
marlim_1400_faulted_033.npy,faulted,1400,944,1808,56,0.0,1.0,0.4981299340724945,0.28904688358306885,1.0,0.0,1.0,0.2707116167721395,0.022455215454101562,128.0,14748.0,128.0,"(128, 128, 128)",/home/grva-mint/Projects/Falhas/Marlim/Regions/Marlim/files/faulted/marlim_1400_faulted_033.npy
marlim_1400_faulted_034.npy,faulted,1400,992,784,56,0.0,1.0,0.5009325742721558,0.24894115328788757,1.0,0.0,0.9986348152160645,0.22414942950968175,0.039981842041015625,128.0,12631.0,128.0,"(128, 128, 128)",/home/grva-mint/Projects/Falhas/Marlim/Regions/Marlim/files/faulted/marlim_1400_faulted_034.npy
marlim_1400_faulted_035.npy,faulted,1400,1008,1872,56,0.0,1.0,0.4968281090259552,0.29868242144584656,1.0,0.0,1.0,0.28993207585336656,0.03890228271484375,128.0,12650.0,128.0,"(128, 128, 128)",/home/grva-mint/Projects/Falhas/Marlim/Regions/Marlim/files/faulted/marlim_1400_faulted_035.npy
marlim_2600_faulted_000.npy,faulted,2600,272,464,40,0.0,1.0,0.4989549517631531,0.23664577305316925,1.0,0.0,1.0,0.22982435591620742,0.030063629150390625,128.0,12820.0,128.0,"(128, 128, 128)",/home/grva-mint/Projects/Falhas/Marlim/Regions/Marlim/files/faulted/marlim_2600_faulted_000.npy
marlim_2600_faulted_001.npy,faulted,2600,272,720,40,0.0,1.0,0.5025473833084106,0.21076014637947083,1.0,0.0,1.0,0.19779355192804404,0.040264129638671875,429.0,16384.0,429.0,"(128, 128, 128)",/home/grva-mint/Projects/Falhas/Marlim/Regions/Marlim/files/faulted/marlim_2600_faulted_001.npy
marlim_2600_faulted_002.npy,faulted,2600,304,1104,40,0.0,1.0,0.5034367442131042,0.1307787150144577,1.0,0.0,0.9873089790344238,0.12486147567119499,0.009901046752929688,128.0,11280.0,128.0,"(128, 128, 128)",/home/grva-mint/Projects/Falhas/Marlim/Regions/Marlim/files/faulted/marlim_2600_faulted_002.npy
marlim_2600_faulted_003.npy,faulted,2600,320,544,40,0.0,1.0,0.5008785724639893,0.25447091460227966,1.0,0.0,0.9973368644714355,0.2425458611705813,0.029462814331054688,128.0,13185.0,128.0,"(128, 128, 128)",/home/grva-mint/Projects/Falhas/Marlim/Regions/Marlim/files/faulted/marlim_2600_faulted_003.npy
marlim_2600_faulted_004.npy,faulted,2600,320,640,40,0.0,1.0,0.5023111701011658,0.24629265069961548,1.0,0.0,1.0,0.2343709212291254,0.036159515380859375,234.0,13694.0,234.0,"(128, 128, 128)",/home/grva-mint/Projects/Falhas/Marlim/Regions/Marlim/files/faulted/marlim_2600_faulted_004.npy
marlim_2600_faulted_005.npy,faulted,2600,320,816,40,0.0,1.0,0.5060205459594727,0.2348024696111679,1.0,0.0,1.0,0.2280115502535407,0.033542633056640625,331.0,16384.0,331.0,"(128, 128, 128)",/home/grva-mint/Projects/Falhas/Marlim/Regions/Marlim/files/faulted/marlim_2600_faulted_005.npy
marlim_2600_faulted_006.npy,faulted,2600,336,1200,40,0.0,1.0,0.5046536922454834,0.14787398278713226,1.0,0.0,0.9848489761352539,0.13455092727599638,0.008342742919921875,128.0,15808.0,128.0,"(128, 128, 128)",/home/grva-mint/Projects/Falhas/Marlim/Regions/Marlim/files/faulted/marlim_2600_faulted_006.npy
marlim_2600_faulted_007.npy,faulted,2600,368,736,40,0.0,1.0,0.5060006976127625,0.21557535231113434,1.0,0.0,0.9393744468688965,0.192609761218137,0.019948959350585938,338.0,16384.0,338.0,"(128, 128, 128)",/home/grva-mint/Projects/Falhas/Marlim/Regions/Marlim/files/faulted/marlim_2600_faulted_007.npy
marlim_2600_faulted_008.npy,faulted,2600,368,1360,40,0.0,1.0,0.5040938258171082,0.12075173854827881,1.0,0.0,0.9093484878540039,0.11172979956927209,0.020893096923828125,319.0,16384.0,319.0,"(128, 128, 128)",/home/grva-mint/Projects/Falhas/Marlim/Regions/Marlim/files/faulted/marlim_2600_faulted_008.npy
marlim_2600_faulted_009.npy,faulted,2600,384,480,40,0.0,1.0,0.5027187466621399,0.15991123020648956,1.0,0.0,0.8025698661804199,0.1366276901969723,0.029758453369140625,128.0,11132.0,128.0,"(128, 128, 128)",/home/grva-mint/Projects/Falhas/Marlim/Regions/Marlim/files/faulted/marlim_2600_faulted_009.npy
marlim_2600_faulted_010.npy,faulted,2600,384,1456,40,0.0,1.0,0.5021053552627563,0.10697341710329056,1.0,0.0,0.9130849838256836,0.10110670547168965,0.016954421997070312,128.0,12925.0,128.0,"(128, 128, 128)",/home/grva-mint/Projects/Falhas/Marlim/Regions/Marlim/files/faulted/marlim_2600_faulted_010.npy
marlim_2600_faulted_011.npy,faulted,2600,400,864,40,0.0,1.0,0.5050194263458252,0.18032196164131165,1.0,0.0,0.9627666473388672,0.16015664349765757,0.014062881469726562,236.0,16384.0,236.0,"(128, 128, 128)",/home/grva-mint/Projects/Falhas/Marlim/Regions/Marlim/files/faulted/marlim_2600_faulted_011.npy
marlim_2600_faulted_012.npy,faulted,2600,400,1136,40,0.0,1.0,0.5023751258850098,0.18243175745010376,1.0,0.0,1.0,0.17606908384049902,0.006622314453125,128.0,12073.0,128.0,"(128, 128, 128)",/home/grva-mint/Projects/Falhas/Marlim/Regions/Marlim/files/faulted/marlim_2600_faulted_012.npy
marlim_2600_faulted_013.npy,faulted,2600,432,1296,40,0.0,1.0,0.5050795078277588,0.16812728345394135,1.0,0.0,1.0,0.1592640656240305,0.00836181640625,210.0,14945.0,210.0,"(128, 128, 128)",/home/grva-mint/Projects/Falhas/Marlim/Regions/Marlim/files/faulted/marlim_2600_faulted_013.npy
marlim_2600_faulted_014.npy,faulted,2600,448,688,40,0.03413118049502373,1.0,0.5027909278869629,0.08749619126319885,1.0,0.0,0.7363519668579102,0.08414556425714181,0.015899658203125,233.0,16384.0,233.0,"(128, 128, 128)",/home/grva-mint/Projects/Falhas/Marlim/Regions/Marlim/files/faulted/marlim_2600_faulted_014.npy
marlim_2600_faulted_015.npy,faulted,2600,464,784,40,0.0,1.0,0.5024049282073975,0.09814094752073288,1.0,0.0,0.8588709831237793,0.09407989783403847,0.010221481323242188,362.0,16384.0,362.0,"(128, 128, 128)",/home/grva-mint/Projects/Falhas/Marlim/Regions/Marlim/files/faulted/marlim_2600_faulted_015.npy
marlim_2600_faulted_016.npy,faulted,2600,464,1200,40,0.0,1.0,0.5030330419540405,0.15888962149620056,1.0,0.0,1.0,0.14899393400901317,0.015497207641601562,128.0,15491.0,128.0,"(128, 128, 128)",/home/grva-mint/Projects/Falhas/Marlim/Regions/Marlim/files/faulted/marlim_2600_faulted_016.npy
marlim_2600_faulted_017.npy,faulted,2600,464,1392,40,0.0,1.0,0.5046939253807068,0.1760871410369873,1.0,0.0,0.9999327659606934,0.1676109558261487,0.013074874877929688,300.0,16384.0,300.0,"(128, 128, 128)",/home/grva-mint/Projects/Falhas/Marlim/Regions/Marlim/files/faulted/marlim_2600_faulted_017.npy
marlim_2600_faulted_018.npy,faulted,2600,464,1760,40,0.0,1.0,0.5037128329277039,0.1920955926179886,1.0,0.0,0.9996771812438965,0.18062494640525983,0.023061752319335938,276.0,16384.0,276.0,"(128, 128, 128)",/home/grva-mint/Projects/Falhas/Marlim/Regions/Marlim/files/faulted/marlim_2600_faulted_018.npy
marlim_2600_faulted_019.npy,faulted,2600,464,1856,40,0.0,1.0,0.5024682879447937,0.1748431771993637,1.0,0.0,1.0,0.16906074369990165,0.019998550415039062,182.0,15642.0,182.0,"(128, 128, 128)",/home/grva-mint/Projects/Falhas/Marlim/Regions/Marlim/files/faulted/marlim_2600_faulted_019.npy
marlim_2600_faulted_020.npy,faulted,2600,464,2096,40,0.0,1.0,0.5004767179489136,0.18547973036766052,1.0,0.0,1.0,0.17758090234065094,0.0355987548828125,193.0,16328.0,193.0,"(128, 128, 128)",/home/grva-mint/Projects/Falhas/Marlim/Regions/Marlim/files/faulted/marlim_2600_faulted_020.npy
marlim_2600_faulted_021.npy,faulted,2600,480,592,40,0.0,0.9977744221687317,0.5022423267364502,0.08359245210886002,1.0,0.0,0.6925244331359863,0.07721915329989315,0.053905487060546875,256.0,16384.0,256.0,"(128, 128, 128)",/home/grva-mint/Projects/Falhas/Marlim/Regions/Marlim/files/faulted/marlim_2600_faulted_021.npy
marlim_2600_faulted_022.npy,faulted,2600,496,880,40,0.0,1.0,0.5030112862586975,0.10099997371435165,1.0,0.0,0.9438271522521973,0.09525222874322559,0.007152557373046875,291.0,16384.0,291.0,"(128, 128, 128)",/home/grva-mint/Projects/Falhas/Marlim/Regions/Marlim/files/faulted/marlim_2600_faulted_022.npy
marlim_2600_faulted_023.npy,faulted,2600,512,2000,40,0.0,1.0,0.5066736936569214,0.2232309728860855,1.0,0.0,1.0,0.21639591185339668,0.022357940673828125,172.0,16216.0,172.0,"(128, 128, 128)",/home/grva-mint/Projects/Falhas/Marlim/Regions/Marlim/files/faulted/marlim_2600_faulted_023.npy
marlim_2600_faulted_024.npy,faulted,2600,528,1552,40,0.0,1.0,0.5029566884040833,0.1609676480293274,1.0,0.0,0.8526520729064941,0.14119189820360134,0.0358734130859375,160.0,16384.0,160.0,"(128, 128, 128)",/home/grva-mint/Projects/Falhas/Marlim/Regions/Marlim/files/faulted/marlim_2600_faulted_024.npy
marlim_2600_faulted_025.npy,faulted,2600,544,1344,40,0.0,1.0,0.5045180916786194,0.16604577004909515,1.0,0.0,0.9008488655090332,0.13871847193934173,0.01224517822265625,209.0,16384.0,209.0,"(128, 128, 128)",/home/grva-mint/Projects/Falhas/Marlim/Regions/Marlim/files/faulted/marlim_2600_faulted_025.npy
marlim_2600_faulted_026.npy,faulted,2600,544,1440,40,0.0,1.0,0.5035032629966736,0.12635357677936554,1.0,0.0,0.6959357261657715,0.09945461252220866,0.03438377380371094,183.0,16384.0,183.0,"(128, 128, 128)",/home/grva-mint/Projects/Falhas/Marlim/Regions/Marlim/files/faulted/marlim_2600_faulted_026.npy
marlim_2600_faulted_027.npy,faulted,2600,544,1712,40,0.0,1.0,0.5048559904098511,0.1747271865606308,1.0,0.0,0.9289436340332031,0.15477673431746553,0.028041839599609375,195.0,16384.0,195.0,"(128, 128, 128)",/home/grva-mint/Projects/Falhas/Marlim/Regions/Marlim/files/faulted/marlim_2600_faulted_027.npy
marlim_2600_faulted_028.npy,faulted,2600,544,1808,40,0.0,1.0,0.5059399008750916,0.19332408905029297,1.0,0.0,0.9943537712097168,0.18212861149140736,0.0438079833984375,385.0,16384.0,385.0,"(128, 128, 128)",/home/grva-mint/Projects/Falhas/Marlim/Regions/Marlim/files/faulted/marlim_2600_faulted_028.npy
marlim_2600_faulted_029.npy,faulted,2600,544,1904,40,0.0,1.0,0.5077667236328125,0.2285783439874649,1.0,0.0,1.0,0.21914534079360237,0.01856231689453125,268.0,16240.0,268.0,"(128, 128, 128)",/home/grva-mint/Projects/Falhas/Marlim/Regions/Marlim/files/faulted/marlim_2600_faulted_029.npy
marlim_2600_faulted_030.npy,faulted,2600,560,816,40,0.0,1.0,0.5022066831588745,0.08482153713703156,1.0,0.0,0.45789098739624023,0.06931801820940464,0.030691146850585938,381.0,16384.0,381.0,"(128, 128, 128)",/home/grva-mint/Projects/Falhas/Marlim/Regions/Marlim/files/faulted/marlim_2600_faulted_030.npy
marlim_2600_faulted_031.npy,faulted,2600,560,2080,40,0.0,1.0,0.5054175853729248,0.17915078997612,1.0,0.0,0.8694162368774414,0.1563709397239652,0.04507637023925781,344.0,16384.0,344.0,"(128, 128, 128)",/home/grva-mint/Projects/Falhas/Marlim/Regions/Marlim/files/faulted/marlim_2600_faulted_031.npy
marlim_2600_faulted_032.npy,faulted,2600,576,576,40,0.04191015660762787,0.9207051396369934,0.5029276609420776,0.038860563188791275,1.0,0.0,0.11633491516113281,0.03340282602368916,0.12650680541992188,228.0,16115.0,228.0,"(128, 128, 128)",/home/grva-mint/Projects/Falhas/Marlim/Regions/Marlim/files/faulted/marlim_2600_faulted_032.npy
marlim_2600_faulted_033.npy,faulted,2600,592,1264,40,0.0,0.9428879022598267,0.5023005604743958,0.06212447211146355,1.0,0.0,0.5488276481628418,0.06169657463055955,0.04229545593261719,177.0,16117.0,177.0,"(128, 128, 128)",/home/grva-mint/Projects/Falhas/Marlim/Regions/Marlim/files/faulted/marlim_2600_faulted_033.npy
marlim_2600_faulted_034.npy,faulted,2600,608,896,40,0.05986092984676361,0.9415255784988403,0.5021210312843323,0.06413115561008453,1.0,0.0,0.37027645111083984,0.053473839696948744,0.034450531005859375,252.0,16384.0,252.0,"(128, 128, 128)",/home/grva-mint/Projects/Falhas/Marlim/Regions/Marlim/files/faulted/marlim_2600_faulted_034.npy
marlim_2600_faulted_035.npy,faulted,2600,608,992,40,0.05082431435585022,0.9436368942260742,0.5030170679092407,0.055738337337970734,1.0,0.0,0.41806697845458984,0.050322037071282466,0.022447586059570312,220.0,16384.0,220.0,"(128, 128, 128)",/home/grva-mint/Projects/Falhas/Marlim/Regions/Marlim/files/faulted/marlim_2600_faulted_035.npy
marlim_2600_faulted_036.npy,faulted,2600,624,1664,40,0.08458681404590607,0.9833301305770874,0.5026764273643494,0.05827058106660843,1.0,0.0,0.3854694366455078,0.05244293163571001,0.04010963439941406,143.0,16384.0,143.0,"(128, 128, 128)",/home/grva-mint/Projects/Falhas/Marlim/Regions/Marlim/files/faulted/marlim_2600_faulted_036.npy
marlim_2600_faulted_037.npy,faulted,2600,624,1760,40,0.0,0.9833301305770874,0.5022332072257996,0.0687352791428566,1.0,0.0,0.53094482421875,0.06398439434099146,0.05185890197753906,254.0,16384.0,254.0,"(128, 128, 128)",/home/grva-mint/Projects/Falhas/Marlim/Regions/Marlim/files/faulted/marlim_2600_faulted_037.npy
marlim_2600_faulted_038.npy,faulted,2600,624,1856,40,0.0,1.0,0.5032640695571899,0.10420653223991394,1.0,0.0,0.5723180770874023,0.08931579839451942,0.06441116333007812,286.0,16384.0,286.0,"(128, 128, 128)",/home/grva-mint/Projects/Falhas/Marlim/Regions/Marlim/files/faulted/marlim_2600_faulted_038.npy
marlim_2600_faulted_039.npy,faulted,2600,640,640,40,0.22048740088939667,0.7751283645629883,0.5024558901786804,0.030468888580799103,1.0,0.0,0.0648188591003418,0.027954429851830387,0.09651756286621094,160.0,11496.0,160.0,"(128, 128, 128)",/home/grva-mint/Projects/Falhas/Marlim/Regions/Marlim/files/faulted/marlim_2600_faulted_039.npy
marlim_2600_faulted_040.npy,faulted,2600,640,1456,40,0.27428367733955383,0.83394855260849,0.5022855401039124,0.025636769831180573,1.0,0.0,0.04555320739746094,0.02277304744364983,0.08096885681152344,139.0,16127.0,139.0,"(128, 128, 128)",/home/grva-mint/Projects/Falhas/Marlim/Regions/Marlim/files/faulted/marlim_2600_faulted_040.npy
marlim_2600_faulted_041.npy,faulted,2600,640,2032,40,0.008755319751799107,0.9478168487548828,0.5025472640991211,0.06895648688077927,1.0,0.0,0.4347214698791504,0.059040841540318745,0.06478691101074219,216.0,15818.0,216.0,"(128, 128, 128)",/home/grva-mint/Projects/Falhas/Marlim/Regions/Marlim/files/faulted/marlim_2600_faulted_041.npy
marlim_2600_faulted_042.npy,faulted,2600,672,1312,40,0.3849926292896271,0.6299362182617188,0.5025641322135925,0.022645778954029083,1.0,0.0,0.0034852027893066406,0.023371178307002083,0.10826873779296875,128.0,15994.0,128.0,"(128, 128, 128)",/home/grva-mint/Projects/Falhas/Marlim/Regions/Marlim/files/faulted/marlim_2600_faulted_042.npy
marlim_2600_faulted_043.npy,faulted,2600,688,560,40,0.24509209394454956,0.7554289102554321,0.502655029296875,0.03976436331868172,1.0,0.0,0.18246698379516602,0.03534322160112424,0.20089340209960938,128.0,11223.0,128.0,"(128, 128, 128)",/home/grva-mint/Projects/Falhas/Marlim/Regions/Marlim/files/faulted/marlim_2600_faulted_043.npy
marlim_2600_faulted_044.npy,faulted,2600,704,1024,40,0.0,1.0,0.5028896331787109,0.060260772705078125,1.0,0.0,0.24359464645385742,0.045741072991177134,0.05267906188964844,150.0,16353.0,150.0,"(128, 128, 128)",/home/grva-mint/Projects/Falhas/Marlim/Regions/Marlim/files/faulted/marlim_2600_faulted_044.npy
marlim_2600_faulted_045.npy,faulted,2600,704,1712,40,0.33182328939437866,0.7270700335502625,0.5026827454566956,0.03376375883817673,1.0,0.0,0.029286861419677734,0.033242205837156646,0.09029388427734375,165.0,16384.0,165.0,"(128, 128, 128)",/home/grva-mint/Projects/Falhas/Marlim/Regions/Marlim/files/faulted/marlim_2600_faulted_045.npy
marlim_2600_faulted_046.npy,faulted,2600,704,1808,40,0.12546497583389282,0.8302821516990662,0.5024086833000183,0.029505200684070587,1.0,0.0,0.018132686614990234,0.029273791563022122,0.11511421203613281,256.0,16384.0,256.0,"(128, 128, 128)",/home/grva-mint/Projects/Falhas/Marlim/Regions/Marlim/files/faulted/marlim_2600_faulted_046.npy
marlim_2600_faulted_047.npy,faulted,2600,704,1904,40,0.14476832747459412,0.8302821516990662,0.5025801062583923,0.038451604545116425,1.0,0.0,0.12785100936889648,0.03454473448834783,0.1016693115234375,129.0,16195.0,129.0,"(128, 128, 128)",/home/grva-mint/Projects/Falhas/Marlim/Regions/Marlim/files/faulted/marlim_2600_faulted_047.npy
marlim_2600_faulted_048.npy,faulted,2600,720,1120,40,0.048698656260967255,0.9476878046989441,0.5030020475387573,0.031244071200489998,1.0,0.0,0.06281089782714844,0.025300128991148085,0.13669395446777344,128.0,13678.0,128.0,"(128, 128, 128)",/home/grva-mint/Projects/Falhas/Marlim/Regions/Marlim/files/faulted/marlim_2600_faulted_048.npy
marlim_2600_faulted_049.npy,faulted,2600,736,640,40,0.04341283440589905,1.0,0.5028244256973267,0.06390701234340668,1.0,0.0,0.3495979309082031,0.0524382709378437,0.1523571014404297,128.0,13868.0,128.0,"(128, 128, 128)",/home/grva-mint/Projects/Falhas/Marlim/Regions/Marlim/files/faulted/marlim_2600_faulted_049.npy
marlim_2600_faulted_050.npy,faulted,2600,736,2016,40,0.14684247970581055,0.9793928861618042,0.5026887059211731,0.05154881998896599,1.0,0.0,0.3249039649963379,0.04605107807287645,0.09206008911132812,128.0,15841.0,128.0,"(128, 128, 128)",/home/grva-mint/Projects/Falhas/Marlim/Regions/Marlim/files/faulted/marlim_2600_faulted_050.npy
marlim_2600_faulted_051.npy,faulted,2600,768,1344,40,0.0,1.0,0.5005682706832886,0.061683982610702515,1.0,0.0,0.35892248153686523,0.05697986450195458,0.1448802947998047,128.0,14955.0,128.0,"(128, 128, 128)",/home/grva-mint/Projects/Falhas/Marlim/Regions/Marlim/files/faulted/marlim_2600_faulted_051.npy
marlim_2600_faulted_052.npy,faulted,2600,768,1440,40,0.0,0.9948598742485046,0.5002346038818359,0.04650847613811493,1.0,0.0,0.20343923568725586,0.04021816029154479,0.11252403259277344,159.0,16384.0,159.0,"(128, 128, 128)",/home/grva-mint/Projects/Falhas/Marlim/Regions/Marlim/files/faulted/marlim_2600_faulted_052.npy
marlim_2600_faulted_053.npy,faulted,2600,784,1664,40,0.0,1.0,0.5020385980606079,0.07021312415599823,1.0,0.0,0.38565635681152344,0.06023454204523215,0.13220977783203125,128.0,13211.0,128.0,"(128, 128, 128)",/home/grva-mint/Projects/Falhas/Marlim/Regions/Marlim/files/faulted/marlim_2600_faulted_053.npy
marlim_2600_faulted_054.npy,faulted,2600,784,1760,40,0.0,1.0,0.5014943480491638,0.08439649641513824,1.0,0.0,0.3490591049194336,0.06443184806879998,0.1476001739501953,157.0,16384.0,157.0,"(128, 128, 128)",/home/grva-mint/Projects/Falhas/Marlim/Regions/Marlim/files/faulted/marlim_2600_faulted_054.npy
marlim_2600_faulted_055.npy,faulted,2600,800,1856,40,0.0,1.0,0.5014500021934509,0.06366534531116486,1.0,0.0,0.31880903244018555,0.05578559649336512,0.1356983184814453,249.0,16384.0,249.0,"(128, 128, 128)",/home/grva-mint/Projects/Falhas/Marlim/Regions/Marlim/files/faulted/marlim_2600_faulted_055.npy
marlim_2600_faulted_056.npy,faulted,2600,800,1952,40,0.150823175907135,0.9556495547294617,0.5028164386749268,0.05496712401509285,1.0,0.0,0.40001964569091797,0.04976340079133479,0.1276416778564453,178.0,16384.0,178.0,"(128, 128, 128)",/home/grva-mint/Projects/Falhas/Marlim/Regions/Marlim/files/faulted/marlim_2600_faulted_056.npy
marlim_2600_faulted_057.npy,faulted,2600,816,1520,40,0.0,1.0,0.5021109580993652,0.11570368707180023,1.0,0.0,0.537320613861084,0.08681466716309227,0.08037757873535156,136.0,15420.0,136.0,"(128, 128, 128)",/home/grva-mint/Projects/Falhas/Marlim/Regions/Marlim/files/faulted/marlim_2600_faulted_057.npy
marlim_2600_faulted_058.npy,faulted,2600,880,1904,40,0.0,1.0,0.5013113021850586,0.1383364200592041,1.0,0.0,0.6409282684326172,0.11066802031200496,0.11878204345703125,223.0,16384.0,223.0,"(128, 128, 128)",/home/grva-mint/Projects/Falhas/Marlim/Regions/Marlim/files/faulted/marlim_2600_faulted_058.npy
marlim_2600_faulted_059.npy,faulted,2600,896,896,40,0.0,1.0,0.5060677528381348,0.19374646246433258,1.0,0.0,0.9997000694274902,0.17694178990223008,0.04273796081542969,135.0,16384.0,135.0,"(128, 128, 128)",/home/grva-mint/Projects/Falhas/Marlim/Regions/Marlim/files/faulted/marlim_2600_faulted_059.npy
marlim_2600_faulted_060.npy,faulted,2600,896,1568,40,0.0,1.0,0.5018689632415771,0.20082662999629974,1.0,0.0,0.9985895156860352,0.18675915810172405,0.019460678100585938,136.0,15109.0,136.0,"(128, 128, 128)",/home/grva-mint/Projects/Falhas/Marlim/Regions/Marlim/files/faulted/marlim_2600_faulted_060.npy
marlim_2600_faulted_061.npy,faulted,2600,912,560,40,0.0,1.0,0.5040037631988525,0.1540098637342453,1.0,0.0,0.9819145202636719,0.13961283127173552,0.04169464111328125,128.0,9429.0,128.0,"(128, 128, 128)",/home/grva-mint/Projects/Falhas/Marlim/Regions/Marlim/files/faulted/marlim_2600_faulted_061.npy
marlim_2600_faulted_062.npy,faulted,2600,912,656,40,0.0,1.0,0.49920937418937683,0.20703886449337006,1.0,0.0,0.9991903305053711,0.19604472366472692,0.04345130920410156,128.0,11683.0,128.0,"(128, 128, 128)",/home/grva-mint/Projects/Falhas/Marlim/Regions/Marlim/files/faulted/marlim_2600_faulted_062.npy
marlim_2600_faulted_063.npy,faulted,2600,912,992,40,0.0,1.0,0.5012177228927612,0.21723711490631104,1.0,0.0,1.0,0.20357129323292789,0.023153305053710938,128.0,16382.0,128.0,"(128, 128, 128)",/home/grva-mint/Projects/Falhas/Marlim/Regions/Marlim/files/faulted/marlim_2600_faulted_063.npy
marlim_2600_faulted_064.npy,faulted,2600,912,1328,40,0.0,1.0,0.5003650188446045,0.21139442920684814,1.0,0.0,1.0,0.1979570542971496,0.021543502807617188,128.0,10819.0,128.0,"(128, 128, 128)",/home/grva-mint/Projects/Falhas/Marlim/Regions/Marlim/files/faulted/marlim_2600_faulted_064.npy
marlim_2600_faulted_065.npy,faulted,2600,928,1088,40,0.0,1.0,0.4996092617511749,0.21969065070152283,1.0,0.0,1.0,0.2144920277287472,0.0026397705078125,128.0,16384.0,128.0,"(128, 128, 128)",/home/grva-mint/Projects/Falhas/Marlim/Regions/Marlim/files/faulted/marlim_2600_faulted_065.npy
marlim_2600_faulted_066.npy,faulted,2600,944,816,40,0.0,1.0,0.5033292174339294,0.22083157300949097,1.0,0.0,0.9611907005310059,0.19687628953352032,0.05130195617675781,128.0,11331.0,128.0,"(128, 128, 128)",/home/grva-mint/Projects/Falhas/Marlim/Regions/Marlim/files/faulted/marlim_2600_faulted_066.npy
marlim_2600_faulted_067.npy,faulted,2600,944,1968,40,0.0,1.0,0.5006998777389526,0.19890469312667847,1.0,0.0,0.8732285499572754,0.16874659262703062,0.07348442077636719,177.0,16354.0,177.0,"(128, 128, 128)",/home/grva-mint/Projects/Falhas/Marlim/Regions/Marlim/files/faulted/marlim_2600_faulted_067.npy
marlim_2600_faulted_068.npy,faulted,2600,976,1168,40,0.0,1.0,0.4982856512069702,0.2465333491563797,1.0,0.0,1.0,0.23812232080399998,0.0053997039794921875,128.0,12960.0,128.0,"(128, 128, 128)",/home/grva-mint/Projects/Falhas/Marlim/Regions/Marlim/files/faulted/marlim_2600_faulted_068.npy
marlim_2600_faulted_069.npy,faulted,2600,992,1888,40,0.0,1.0,0.5042245984077454,0.2173929512500763,1.0,0.0,0.9995417594909668,0.2008804182860331,0.04117584228515625,128.0,11256.0,128.0,"(128, 128, 128)",/home/grva-mint/Projects/Falhas/Marlim/Regions/Marlim/files/faulted/marlim_2600_faulted_069.npy
marlim_2600_faulted_070.npy,faulted,2600,1024,2064,40,0.0,1.0,0.5079103708267212,0.3146779537200928,1.0,0.0,0.9999876022338867,0.30058205534714943,0.0069065093994140625,128.0,14316.0,128.0,"(128, 128, 128)",/home/grva-mint/Projects/Falhas/Marlim/Regions/Marlim/files/faulted/marlim_2600_faulted_070.npy
marlim_1200_dead_000.npy,dead,1200,1184,1024,48,0.3925325274467468,0.6166363954544067,0.5029803514480591,0.023381095379590988,0.0,1.0,0.0,0.022580162010058302,0.21747398376464844,0.0,0.0,-0.022580162010058302,"(128, 128, 128)",/home/grva-mint/Projects/Falhas/Marlim/Regions/Marlim/files/dead/marlim_1200_dead_000.npy
marlim_1200_dead_001.npy,dead,1200,1280,320,48,0.4183865785598755,0.5804940462112427,0.5023204684257507,0.019276786595582962,0.0,1.0,0.0,0.019079495387756218,0.1416645050048828,0.0,0.0,-0.019079495387756218,"(128, 128, 128)",/home/grva-mint/Projects/Falhas/Marlim/Regions/Marlim/files/dead/marlim_1200_dead_001.npy
marlim_1200_dead_002.npy,dead,1200,1280,1024,48,0.4288789629936218,0.5814703106880188,0.502407968044281,0.016505341976881027,0.0,1.0,0.0,0.016541228043706724,0.23950576782226562,0.0,0.0,-0.016541228043706724,"(128, 128, 128)",/home/grva-mint/Projects/Falhas/Marlim/Regions/Marlim/files/dead/marlim_1200_dead_002.npy
marlim_1200_dead_003.npy,dead,1200,1296,224,48,0.42199307680130005,0.579878032207489,0.5025385618209839,0.01726534776389599,0.0,1.0,0.0,0.016973193943613296,0.14350318908691406,0.0,0.0,-0.016973193943613296,"(128, 128, 128)",/home/grva-mint/Projects/Falhas/Marlim/Regions/Marlim/files/dead/marlim_1200_dead_003.npy
marlim_1200_dead_004.npy,dead,1200,1312,752,48,0.43557998538017273,0.5742519497871399,0.5024184584617615,0.014989764429628849,0.0,1.0,0.0,0.01460529076194561,0.26033782958984375,0.0,0.0,-0.01460529076194561,"(128, 128, 128)",/home/grva-mint/Projects/Falhas/Marlim/Regions/Marlim/files/dead/marlim_1200_dead_004.npy
marlim_1200_dead_005.npy,dead,1200,1312,1440,48,0.3952854871749878,0.6112048029899597,0.5024882555007935,0.020655272528529167,0.0,1.0,0.0,0.01993120166270046,0.12208366394042969,0.0,0.0,-0.01993120166270046,"(128, 128, 128)",/home/grva-mint/Projects/Falhas/Marlim/Regions/Marlim/files/dead/marlim_1200_dead_005.npy
marlim_1200_dead_006.npy,dead,1200,1328,400,48,0.3893055021762848,0.6082280874252319,0.5024785399436951,0.02251080423593521,0.0,1.0,0.0,0.02215859268051279,0.11426353454589844,0.0,0.0,-0.02215859268051279,"(128, 128, 128)",/home/grva-mint/Projects/Falhas/Marlim/Regions/Marlim/files/dead/marlim_1200_dead_006.npy
marlim_1200_dead_007.npy,dead,1200,1344,1104,48,0.3973667323589325,0.6098345518112183,0.5025137662887573,0.019665969535708427,0.0,1.0,0.0,0.019545783436740294,0.25069618225097656,0.0,0.0,-0.019545783436740294,"(128, 128, 128)",/home/grva-mint/Projects/Falhas/Marlim/Regions/Marlim/files/dead/marlim_1200_dead_007.npy
marlim_1200_dead_008.npy,dead,1200,1360,672,48,0.40934404730796814,0.5785357356071472,0.5025981664657593,0.016518324613571167,0.0,1.0,0.0,0.016187186323344704,0.1445446014404297,0.0,0.0,-0.016187186323344704,"(128, 128, 128)",/home/grva-mint/Projects/Falhas/Marlim/Regions/Marlim/files/dead/marlim_1200_dead_008.npy
marlim_1200_dead_009.npy,dead,1200,1376,480,48,0.40559908747673035,0.6097660660743713,0.5019793510437012,0.022696252912282944,0.0,1.0,0.0,0.022147973511721375,0.08137130737304688,0.0,0.0,-0.022147973511721375,"(128, 128, 128)",/home/grva-mint/Projects/Falhas/Marlim/Regions/Marlim/files/dead/marlim_1200_dead_009.npy
marlim_1200_dead_010.npy,dead,1200,1376,576,48,0.4225926697254181,0.6097660660743713,0.5030195116996765,0.01814698427915573,0.0,1.0,0.0,0.018170239296352975,0.11071205139160156,0.0,0.0,-0.018170239296352975,"(128, 128, 128)",/home/grva-mint/Projects/Falhas/Marlim/Regions/Marlim/files/dead/marlim_1200_dead_010.npy
marlim_1200_dead_011.npy,dead,1200,1376,1008,48,0.4198957681655884,0.6062746644020081,0.5028603076934814,0.019328011199831963,0.0,1.0,0.0,0.019029268728047555,0.1796703338623047,0.0,0.0,-0.019029268728047555,"(128, 128, 128)",/home/grva-mint/Projects/Falhas/Marlim/Regions/Marlim/files/dead/marlim_1200_dead_011.npy
marlim_1200_dead_012.npy,dead,1200,1376,2112,48,0.43326255679130554,0.5717747211456299,0.5023951530456543,0.017504926770925522,0.0,1.0,0.0,0.01671017657355378,0.05315589904785156,0.0,0.0,-0.01671017657355378,"(128, 128, 128)",/home/grva-mint/Projects/Falhas/Marlim/Regions/Marlim/files/dead/marlim_1200_dead_012.npy
marlim_1200_dead_013.npy,dead,1200,1392,1296,48,0.39172083139419556,0.5907274484634399,0.5028032660484314,0.01848500221967697,0.0,1.0,0.0,0.01767288430175995,0.11616134643554688,0.0,0.0,-0.01767288430175995,"(128, 128, 128)",/home/grva-mint/Projects/Falhas/Marlim/Regions/Marlim/files/dead/marlim_1200_dead_013.npy
marlim_1200_dead_014.npy,dead,1200,1392,1392,48,0.43962252140045166,0.5709167122840881,0.5025519132614136,0.015488455072045326,0.0,1.0,0.0,0.015291013769456185,0.11842727661132812,0.0,0.0,-0.015291013769456185,"(128, 128, 128)",/home/grva-mint/Projects/Falhas/Marlim/Regions/Marlim/files/dead/marlim_1200_dead_014.npy
marlim_1200_dead_015.npy,dead,1200,1392,1488,48,0.40815502405166626,0.5772129893302917,0.5024586319923401,0.016955267637968063,0.0,1.0,0.0,0.016464908543241563,0.11396980285644531,0.0,0.0,-0.016464908543241563,"(128, 128, 128)",/home/grva-mint/Projects/Falhas/Marlim/Regions/Marlim/files/dead/marlim_1200_dead_015.npy
marlim_1200_dead_016.npy,dead,1200,1408,832,48,0.38666173815727234,0.6033904552459717,0.5026973485946655,0.020207421854138374,0.0,1.0,0.0,0.019863074622719523,0.21451950073242188,0.0,0.0,-0.019863074622719523,"(128, 128, 128)",/home/grva-mint/Projects/Falhas/Marlim/Regions/Marlim/files/dead/marlim_1200_dead_016.npy
marlim_1200_dead_017.npy,dead,1200,1408,1184,48,0.40244993567466736,0.6103074550628662,0.5024992227554321,0.019461030140519142,0.0,1.0,0.0,0.018965812714554886,0.20504379272460938,0.0,0.0,-0.018965812714554886,"(128, 128, 128)",/home/grva-mint/Projects/Falhas/Marlim/Regions/Marlim/files/dead/marlim_1200_dead_017.npy
marlim_1200_dead_018.npy,dead,1200,1424,2032,48,0.43226486444473267,0.5929692983627319,0.5025405287742615,0.018786555156111717,0.0,1.0,0.0,0.01764763854723128,0.027162551879882812,0.0,0.0,-0.01764763854723128,"(128, 128, 128)",/home/grva-mint/Projects/Falhas/Marlim/Regions/Marlim/files/dead/marlim_1200_dead_018.npy
marlim_1200_dead_019.npy,dead,1200,1472,368,48,0.39896315336227417,0.5960899591445923,0.5026601552963257,0.01870582066476345,0.0,1.0,0.0,0.018238329132941544,0.08228683471679688,0.0,0.0,-0.018238329132941544,"(128, 128, 128)",/home/grva-mint/Projects/Falhas/Marlim/Regions/Marlim/files/dead/marlim_1200_dead_019.npy
marlim_1200_dead_020.npy,dead,1200,1472,464,48,0.39896315336227417,0.5906474590301514,0.5025298595428467,0.01783783920109272,0.0,1.0,0.0,0.017149609373149133,0.060764312744140625,0.0,0.0,-0.017149609373149133,"(128, 128, 128)",/home/grva-mint/Projects/Falhas/Marlim/Regions/Marlim/files/dead/marlim_1200_dead_020.npy
marlim_1200_dead_021.npy,dead,1200,1472,768,48,0.41706088185310364,0.5886727571487427,0.5025320649147034,0.017842810600996017,0.0,1.0,0.0,0.017155783654542844,0.11535263061523438,0.0,0.0,-0.017155783654542844,"(128, 128, 128)",/home/grva-mint/Projects/Falhas/Marlim/Regions/Marlim/files/dead/marlim_1200_dead_021.npy
marlim_1200_dead_022.npy,dead,1200,1472,896,48,0.38666173815727234,0.636652946472168,0.5023178458213806,0.026427676901221275,0.0,1.0,0.0,0.02492486725168419,0.12807464599609375,0.0,0.0,-0.02492486725168419,"(128, 128, 128)",/home/grva-mint/Projects/Falhas/Marlim/Regions/Marlim/files/dead/marlim_1200_dead_022.npy
marlim_1200_dead_023.npy,dead,1200,1472,992,48,0.38510632514953613,0.6201074719429016,0.5024611949920654,0.023648222908377647,0.0,1.0,0.0,0.02281869103092049,0.13070297241210938,0.0,0.0,-0.02281869103092049,"(128, 128, 128)",/home/grva-mint/Projects/Falhas/Marlim/Regions/Marlim/files/dead/marlim_1200_dead_023.npy
marlim_1200_dead_024.npy,dead,1200,1472,1248,48,0.4336004853248596,0.5663987398147583,0.502456784248352,0.013992168940603733,0.0,1.0,0.0,0.013146544677965721,0.12329292297363281,0.0,0.0,-0.013146544677965721,"(128, 128, 128)",/home/grva-mint/Projects/Falhas/Marlim/Regions/Marlim/files/dead/marlim_1200_dead_024.npy
marlim_1200_dead_025.npy,dead,1200,1472,1344,48,0.43962252140045166,0.5580060482025146,0.5025035738945007,0.012310963124036789,0.0,1.0,0.0,0.011522974606094749,0.11505317687988281,0.0,0.0,-0.011522974606094749,"(128, 128, 128)",/home/grva-mint/Projects/Falhas/Marlim/Regions/Marlim/files/dead/marlim_1200_dead_025.npy
marlim_1200_dead_026.npy,dead,1200,1472,1440,48,0.44088223576545715,0.5570358037948608,0.5025256872177124,0.011724173091351986,0.0,1.0,0.0,0.01114973558709309,0.10526275634765625,0.0,0.0,-0.01114973558709309,"(128, 128, 128)",/home/grva-mint/Projects/Falhas/Marlim/Regions/Marlim/files/dead/marlim_1200_dead_026.npy
marlim_1200_dead_027.npy,dead,1200,1472,1536,48,0.43780717253685,0.5683522820472717,0.5027309656143188,0.012695678509771824,0.0,1.0,0.0,0.012082799469805394,0.1038360595703125,0.0,0.0,-0.012082799469805394,"(128, 128, 128)",/home/grva-mint/Projects/Falhas/Marlim/Regions/Marlim/files/dead/marlim_1200_dead_027.npy
marlim_1200_dead_028.npy,dead,1200,1472,1696,48,0.4504835307598114,0.5665166974067688,0.5027205944061279,0.010741619393229485,0.0,1.0,0.0,0.009975811816303803,0.09223747253417969,0.0,0.0,-0.009975811816303803,"(128, 128, 128)",/home/grva-mint/Projects/Falhas/Marlim/Regions/Marlim/files/dead/marlim_1200_dead_028.npy
marlim_1200_dead_029.npy,dead,1200,1472,1792,48,0.4553884267807007,0.5423125624656677,0.5026592016220093,0.008257590234279633,0.0,1.0,0.0,0.007745752859232624,0.07659149169921875,0.0,0.0,-0.007745752859232624,"(128, 128, 128)",/home/grva-mint/Projects/Falhas/Marlim/Regions/Marlim/files/dead/marlim_1200_dead_029.npy
marlim_1200_dead_030.npy,dead,1200,1472,2112,48,0.4436705410480499,0.5628816485404968,0.5025938749313354,0.009490740485489368,0.0,1.0,0.0,0.008342138086007367,0.03597450256347656,0.0,0.0,-0.008342138086007367,"(128, 128, 128)",/home/grva-mint/Projects/Falhas/Marlim/Regions/Marlim/files/dead/marlim_1200_dead_030.npy
marlim_1300_dead_000.npy,dead,1300,1216,1440,84,0.3910091519355774,0.6170979142189026,0.5022429823875427,0.02490059845149517,0.0,1.0,0.0,0.02461448063058924,0.14683151245117188,0.0,0.0,-0.02461448063058924,"(128, 128, 128)",/home/grva-mint/Projects/Falhas/Marlim/Regions/Marlim/files/dead/marlim_1300_dead_000.npy
marlim_1300_dead_001.npy,dead,1300,1264,816,84,0.4411698281764984,0.5690293312072754,0.502765417098999,0.013913694769144058,0.0,1.0,0.0,0.013865220346644946,0.24881744384765625,0.0,0.0,-0.013865220346644946,"(128, 128, 128)",/home/grva-mint/Projects/Falhas/Marlim/Regions/Marlim/files/dead/marlim_1300_dead_001.npy
marlim_1300_dead_002.npy,dead,1300,1264,1520,84,0.40357205271720886,0.602443516254425,0.5027101039886475,0.02314378134906292,0.0,1.0,0.0,0.022717726451212172,0.18366622924804688,0.0,0.0,-0.022717726451212172,"(128, 128, 128)",/home/grva-mint/Projects/Falhas/Marlim/Regions/Marlim/files/dead/marlim_1300_dead_002.npy
marlim_1300_dead_003.npy,dead,1300,1280,32,84,0.4224120080471039,0.6147192716598511,0.5023016929626465,0.018128396943211555,0.0,1.0,0.0,0.017214065446637505,0.09810447692871094,0.0,0.0,-0.017214065446637505,"(128, 128, 128)",/home/grva-mint/Projects/Falhas/Marlim/Regions/Marlim/files/dead/marlim_1300_dead_003.npy
marlim_1300_dead_004.npy,dead,1300,1280,992,84,0.4330075979232788,0.5718446373939514,0.5023989677429199,0.016145439818501472,0.0,1.0,0.0,0.016174995725179997,0.21898269653320312,0.0,0.0,-0.016174995725179997,"(128, 128, 128)",/home/grva-mint/Projects/Falhas/Marlim/Regions/Marlim/files/dead/marlim_1300_dead_004.npy
marlim_1300_dead_005.npy,dead,1300,1312,208,84,0.42684346437454224,0.5811885595321655,0.5026915073394775,0.015898453071713448,0.0,1.0,0.0,0.015897171177982727,0.15139007568359375,0.0,0.0,-0.015897171177982727,"(128, 128, 128)",/home/grva-mint/Projects/Falhas/Marlim/Regions/Marlim/files/dead/marlim_1300_dead_005.npy
marlim_1300_dead_006.npy,dead,1300,1312,736,84,0.438220739364624,0.5742519497871399,0.5024585723876953,0.014607851393520832,0.0,1.0,0.0,0.014483189138219998,0.26151084899902344,0.0,0.0,-0.014483189138219998,"(128, 128, 128)",/home/grva-mint/Projects/Falhas/Marlim/Regions/Marlim/files/dead/marlim_1300_dead_006.npy
marlim_1300_dead_007.npy,dead,1300,1312,896,84,0.4344087243080139,0.5756847858428955,0.5024154782295227,0.015331147238612175,0.0,1.0,0.0,0.015151796614702562,0.16628074645996094,0.0,0.0,-0.015151796614702562,"(128, 128, 128)",/home/grva-mint/Projects/Falhas/Marlim/Regions/Marlim/files/dead/marlim_1300_dead_007.npy
marlim_1300_dead_008.npy,dead,1300,1312,1600,84,0.4220271408557892,0.5837788581848145,0.502481997013092,0.018844792619347572,0.0,1.0,0.0,0.01842045798377967,0.15531158447265625,0.0,0.0,-0.01842045798377967,"(128, 128, 128)",/home/grva-mint/Projects/Falhas/Marlim/Regions/Marlim/files/dead/marlim_1300_dead_008.npy
marlim_1300_dead_009.npy,dead,1300,1312,1696,84,0.43739810585975647,0.5695047378540039,0.5023371577262878,0.013996908441185951,0.0,1.0,0.0,0.013715830333637768,0.1577014923095703,0.0,0.0,-0.013715830333637768,"(128, 128, 128)",/home/grva-mint/Projects/Falhas/Marlim/Regions/Marlim/files/dead/marlim_1300_dead_009.npy
marlim_1300_dead_010.npy,dead,1300,1312,1792,84,0.4440017342567444,0.560814380645752,0.5024650692939758,0.012495302595198154,0.0,1.0,0.0,0.012410003034005967,0.16053009033203125,0.0,0.0,-0.012410003034005967,"(128, 128, 128)",/home/grva-mint/Projects/Falhas/Marlim/Regions/Marlim/files/dead/marlim_1300_dead_010.npy
marlim_1300_dead_011.npy,dead,1300,1328,112,84,0.4366583824157715,0.5774030685424805,0.5028793811798096,0.013915116898715496,0.0,1.0,0.0,0.013793871337611563,0.1436443328857422,0.0,0.0,-0.013793871337611563,"(128, 128, 128)",/home/grva-mint/Projects/Falhas/Marlim/Regions/Marlim/files/dead/marlim_1300_dead_011.npy
marlim_1300_dead_012.npy,dead,1300,1328,368,84,0.3975602090358734,0.6082645654678345,0.5025192499160767,0.022568559274077415,0.0,1.0,0.0,0.022336777159127408,0.11613845825195312,0.0,0.0,-0.022336777159127408,"(128, 128, 128)",/home/grva-mint/Projects/Falhas/Marlim/Regions/Marlim/files/dead/marlim_1300_dead_012.npy
marlim_1300_dead_013.npy,dead,1300,1328,464,84,0.4026592969894409,0.5978915095329285,0.5025234222412109,0.025119131430983543,0.0,1.0,0.0,0.024811493966012677,0.06937980651855469,0.0,0.0,-0.024811493966012677,"(128, 128, 128)",/home/grva-mint/Projects/Falhas/Marlim/Regions/Marlim/files/dead/marlim_1300_dead_013.npy
marlim_1300_dead_014.npy,dead,1300,1328,1360,84,0.42292073369026184,0.5817319750785828,0.5022780299186707,0.018810251727700233,0.0,1.0,0.0,0.01826270759079307,0.11109161376953125,0.0,0.0,-0.01826270759079307,"(128, 128, 128)",/home/grva-mint/Projects/Falhas/Marlim/Regions/Marlim/files/dead/marlim_1300_dead_014.npy
marlim_1300_dead_015.npy,dead,1300,1328,1456,84,0.4111733138561249,0.5914704203605652,0.5026604533195496,0.02019936591386795,0.0,1.0,0.0,0.01952758839115276,0.14605331420898438,0.0,0.0,-0.01952758839115276,"(128, 128, 128)",/home/grva-mint/Projects/Falhas/Marlim/Regions/Marlim/files/dead/marlim_1300_dead_015.npy
marlim_1300_dead_016.npy,dead,1300,1360,560,84,0.4102424383163452,0.5869067311286926,0.5024599432945251,0.019082557410001755,0.0,1.0,0.0,0.018648859118570726,0.10280609130859375,0.0,0.0,-0.018648859118570726,"(128, 128, 128)",/home/grva-mint/Projects/Falhas/Marlim/Regions/Marlim/files/dead/marlim_1300_dead_016.npy
marlim_1300_dead_017.npy,dead,1300,1360,656,84,0.41811859607696533,0.5789849162101746,0.5027673244476318,0.016101611778140068,0.0,1.0,0.0,0.01565826140779336,0.14121627807617188,0.0,0.0,-0.01565826140779336,"(128, 128, 128)",/home/grva-mint/Projects/Falhas/Marlim/Regions/Marlim/files/dead/marlim_1300_dead_017.npy
marlim_1300_dead_018.npy,dead,1300,1360,816,84,0.420909583568573,0.5827249884605408,0.5025318264961243,0.016406584531068802,0.0,1.0,0.0,0.016045534413365203,0.2521648406982422,0.0,0.0,-0.016045534413365203,"(128, 128, 128)",/home/grva-mint/Projects/Falhas/Marlim/Regions/Marlim/files/dead/marlim_1300_dead_018.npy
marlim_1300_dead_019.npy,dead,1300,1376,16,84,0.4366583824157715,0.5664452910423279,0.5020939111709595,0.014159533195197582,0.0,1.0,0.0,0.013863674045978769,0.09077262878417969,0.0,0.0,-0.013863674045978769,"(128, 128, 128)",/home/grva-mint/Projects/Falhas/Marlim/Regions/Marlim/files/dead/marlim_1300_dead_019.npy
marlim_1300_dead_020.npy,dead,1300,1376,960,84,0.40091168880462646,0.591501772403717,0.5027186274528503,0.01882537640631199,0.0,1.0,0.0,0.018382908214903182,0.15898895263671875,0.0,0.0,-0.018382908214903182,"(128, 128, 128)",/home/grva-mint/Projects/Falhas/Marlim/Regions/Marlim/files/dead/marlim_1300_dead_020.npy
marlim_1300_dead_021.npy,dead,1300,1392,1200,84,0.36852243542671204,0.619018018245697,0.5029177069664001,0.019951947033405304,0.0,1.0,0.0,0.019095319358598317,0.18394088745117188,0.0,0.0,-0.019095319358598317,"(128, 128, 128)",/home/grva-mint/Projects/Falhas/Marlim/Regions/Marlim/files/dead/marlim_1300_dead_021.npy
marlim_1300_dead_022.npy,dead,1300,1392,1296,84,0.40731099247932434,0.587356686592102,0.5026905536651611,0.017045490443706512,0.0,1.0,0.0,0.016227341896353664,0.12199020385742188,0.0,0.0,-0.016227341896353664,"(128, 128, 128)",/home/grva-mint/Projects/Falhas/Marlim/Regions/Marlim/files/dead/marlim_1300_dead_022.npy
marlim_1300_dead_023.npy,dead,1300,1392,1520,84,0.4287991225719452,0.5789006948471069,0.5025548934936523,0.01702953316271305,0.0,1.0,0.0,0.01672638668901527,0.1428661346435547,0.0,0.0,-0.01672638668901527,"(128, 128, 128)",/home/grva-mint/Projects/Falhas/Marlim/Regions/Marlim/files/dead/marlim_1300_dead_023.npy
marlim_1300_dead_024.npy,dead,1300,1392,1648,84,0.4229188859462738,0.5768163800239563,0.5026226043701172,0.01562271174043417,0.0,1.0,0.0,0.014872039147860505,0.12977027893066406,0.0,0.0,-0.014872039147860505,"(128, 128, 128)",/home/grva-mint/Projects/Falhas/Marlim/Regions/Marlim/files/dead/marlim_1300_dead_024.npy
marlim_1300_dead_025.npy,dead,1300,1392,1744,84,0.44630923867225647,0.5532017946243286,0.5026682019233704,0.010427179746329784,0.0,1.0,0.0,0.010230605649240943,0.1276836395263672,0.0,0.0,-0.010230605649240943,"(128, 128, 128)",/home/grva-mint/Projects/Falhas/Marlim/Regions/Marlim/files/dead/marlim_1300_dead_025.npy
marlim_1300_dead_026.npy,dead,1300,1408,1408,84,0.43621256947517395,0.5704700350761414,0.5027720928192139,0.015148002654314041,0.0,1.0,0.0,0.014814284629551366,0.10013198852539062,0.0,0.0,-0.014814284629551366,"(128, 128, 128)",/home/grva-mint/Projects/Falhas/Marlim/Regions/Marlim/files/dead/marlim_1300_dead_026.npy
marlim_1300_dead_027.npy,dead,1300,1408,2048,84,0.3870304226875305,0.6249666213989258,0.5026784539222717,0.018836118280887604,0.0,1.0,0.0,0.01789470495458545,0.04114341735839844,0.0,0.0,-0.01789470495458545,"(128, 128, 128)",/home/grva-mint/Projects/Falhas/Marlim/Regions/Marlim/files/dead/marlim_1300_dead_027.npy
marlim_1300_dead_028.npy,dead,1300,1424,96,84,0.43483978509902954,0.5860587358474731,0.5031062960624695,0.01577618345618248,0.0,1.0,0.0,0.01547344277821594,0.08355331420898438,0.0,0.0,-0.01547344277821594,"(128, 128, 128)",/home/grva-mint/Projects/Falhas/Marlim/Regions/Marlim/files/dead/marlim_1300_dead_028.npy
marlim_1300_dead_029.npy,dead,1300,1424,880,84,0.3990797698497772,0.6161490678787231,0.5023201704025269,0.021433021873235703,0.0,1.0,0.0,0.020675019398424865,0.1548137664794922,0.0,0.0,-0.020675019398424865,"(128, 128, 128)",/home/grva-mint/Projects/Falhas/Marlim/Regions/Marlim/files/dead/marlim_1300_dead_029.npy
marlim_1300_dead_030.npy,dead,1300,1472,16,84,0.4319247007369995,0.5611854791641235,0.5023855566978455,0.017260873690247536,0.0,1.0,0.0,0.016504621460854185,0.02843475341796875,0.0,0.0,-0.016504621460854185,"(128, 128, 128)",/home/grva-mint/Projects/Falhas/Marlim/Regions/Marlim/files/dead/marlim_1300_dead_030.npy
marlim_1300_dead_031.npy,dead,1300,1472,176,84,0.40780940651893616,0.6029311418533325,0.5030609965324402,0.021355798467993736,0.0,1.0,0.0,0.020092146173169123,0.0572967529296875,0.0,0.0,-0.020092146173169123,"(128, 128, 128)",/home/grva-mint/Projects/Falhas/Marlim/Regions/Marlim/files/dead/marlim_1300_dead_031.npy
marlim_1300_dead_032.npy,dead,1300,1472,784,84,0.3777734041213989,0.5993925929069519,0.5024522542953491,0.019865382462739944,0.0,1.0,0.0,0.018926069737830176,0.1299915313720703,0.0,0.0,-0.018926069737830176,"(128, 128, 128)",/home/grva-mint/Projects/Falhas/Marlim/Regions/Marlim/files/dead/marlim_1300_dead_032.npy
marlim_1300_dead_033.npy,dead,1300,1472,960,84,0.40091168880462646,0.602633535861969,0.5023351311683655,0.022091930732131004,0.0,1.0,0.0,0.021403165183528472,0.13225173950195312,0.0,0.0,-0.021403165183528472,"(128, 128, 128)",/home/grva-mint/Projects/Falhas/Marlim/Regions/Marlim/files/dead/marlim_1300_dead_033.npy
marlim_1300_dead_034.npy,dead,1300,1472,1248,84,0.4428737461566925,0.5596975088119507,0.5025290846824646,0.012339388951659203,0.0,1.0,0.0,0.011799857686128234,0.13608551025390625,0.0,0.0,-0.011799857686128234,"(128, 128, 128)",/home/grva-mint/Projects/Falhas/Marlim/Regions/Marlim/files/dead/marlim_1300_dead_034.npy
marlim_1300_dead_035.npy,dead,1300,1472,1344,84,0.44088223576545715,0.556333065032959,0.502518355846405,0.011265263892710209,0.0,1.0,0.0,0.010756566955620883,0.11038017272949219,0.0,0.0,-0.010756566955620883,"(128, 128, 128)",/home/grva-mint/Projects/Falhas/Marlim/Regions/Marlim/files/dead/marlim_1300_dead_035.npy
marlim_1300_dead_036.npy,dead,1300,1472,1472,84,0.43621256947517395,0.5686916708946228,0.50250244140625,0.01142546720802784,0.0,1.0,0.0,0.010846876424622565,0.08817672729492188,0.0,0.0,-0.010846876424622565,"(128, 128, 128)",/home/grva-mint/Projects/Falhas/Marlim/Regions/Marlim/files/dead/marlim_1300_dead_036.npy
marlim_1300_dead_037.npy,dead,1300,1472,1568,84,0.42777708172798157,0.5729928016662598,0.5025933980941772,0.013582783751189709,0.0,1.0,0.0,0.012563281267222948,0.10179328918457031,0.0,0.0,-0.012563281267222948,"(128, 128, 128)",/home/grva-mint/Projects/Falhas/Marlim/Regions/Marlim/files/dead/marlim_1300_dead_037.npy
marlim_1300_dead_038.npy,dead,1300,1472,1696,84,0.4504835307598114,0.5634520649909973,0.5026705861091614,0.009600574150681496,0.0,1.0,0.0,0.009049707521512573,0.08311080932617188,0.0,0.0,-0.009049707521512573,"(128, 128, 128)",/home/grva-mint/Projects/Falhas/Marlim/Regions/Marlim/files/dead/marlim_1300_dead_038.npy
marlim_1300_dead_039.npy,dead,1300,1472,1792,84,0.4654220938682556,0.5384822487831116,0.5026088953018188,0.007589622400701046,0.0,1.0,0.0,0.007171151751009575,0.07063674926757812,0.0,0.0,-0.007171151751009575,"(128, 128, 128)",/home/grva-mint/Projects/Falhas/Marlim/Regions/Marlim/files/dead/marlim_1300_dead_039.npy
marlim_1300_dead_040.npy,dead,1300,1472,2112,84,0.4436705410480499,0.5628816485404968,0.5026177763938904,0.00931848119944334,0.0,1.0,0.0,0.008207022656023355,0.029867172241210938,0.0,0.0,-0.008207022656023355,"(128, 128, 128)",/home/grva-mint/Projects/Falhas/Marlim/Regions/Marlim/files/dead/marlim_1300_dead_040.npy
marlim_1400_dead_000.npy,dead,1400,1200,976,56,0.40303054451942444,0.5968912839889526,0.5026381015777588,0.019704949110746384,0.0,1.0,0.0,0.019098829741153622,0.15112686157226562,0.0,0.0,-0.019098829741153622,"(128, 128, 128)",/home/grva-mint/Projects/Falhas/Marlim/Regions/Marlim/files/dead/marlim_1400_dead_000.npy
marlim_1400_dead_001.npy,dead,1400,1216,864,56,0.4072299003601074,0.5893014669418335,0.5020602941513062,0.018138723447918892,0.0,1.0,0.0,0.017748199822563038,0.18462181091308594,0.0,0.0,-0.017748199822563038,"(128, 128, 128)",/home/grva-mint/Projects/Falhas/Marlim/Regions/Marlim/files/dead/marlim_1400_dead_001.npy
marlim_1400_dead_002.npy,dead,1400,1248,768,56,0.42218899726867676,0.5734759569168091,0.5026424527168274,0.015303830616176128,0.0,1.0,0.0,0.01526653475361428,0.21620559692382812,0.0,0.0,-0.01526653475361428,"(128, 128, 128)",/home/grva-mint/Projects/Falhas/Marlim/Regions/Marlim/files/dead/marlim_1400_dead_002.npy
marlim_1400_dead_003.npy,dead,1400,1248,1456,56,0.421994686126709,0.5920663475990295,0.5023431777954102,0.018095359206199646,0.0,1.0,0.0,0.017692112131612703,0.1876506805419922,0.0,0.0,-0.017692112131612703,"(128, 128, 128)",/home/grva-mint/Projects/Falhas/Marlim/Regions/Marlim/files/dead/marlim_1400_dead_003.npy
marlim_1400_dead_004.npy,dead,1400,1280,128,56,0.40614965558052063,0.6034877896308899,0.5028269290924072,0.01875024102628231,0.0,1.0,0.0,0.01824434384320739,0.14990806579589844,0.0,0.0,-0.01824434384320739,"(128, 128, 128)",/home/grva-mint/Projects/Falhas/Marlim/Regions/Marlim/files/dead/marlim_1400_dead_004.npy
marlim_1400_dead_005.npy,dead,1400,1280,1024,56,0.4334852397441864,0.5895959138870239,0.5026184320449829,0.015252918004989624,0.0,1.0,0.0,0.015197315193290706,0.22624588012695312,0.0,0.0,-0.015197315193290706,"(128, 128, 128)",/home/grva-mint/Projects/Falhas/Marlim/Regions/Marlim/files/dead/marlim_1400_dead_005.npy
marlim_1400_dead_006.npy,dead,1400,1296,928,56,0.4334852397441864,0.5626901388168335,0.5023264288902283,0.014675898477435112,0.0,1.0,0.0,0.014660871511466667,0.1744232177734375,0.0,0.0,-0.014660871511466667,"(128, 128, 128)",/home/grva-mint/Projects/Falhas/Marlim/Regions/Marlim/files/dead/marlim_1400_dead_006.npy
marlim_1400_dead_007.npy,dead,1400,1296,1712,56,0.435272753238678,0.572716236114502,0.5028019547462463,0.013242715038359165,0.0,1.0,0.0,0.013087297427659905,0.15596961975097656,0.0,0.0,-0.013087297427659905,"(128, 128, 128)",/home/grva-mint/Projects/Falhas/Marlim/Regions/Marlim/files/dead/marlim_1400_dead_007.npy
marlim_1400_dead_008.npy,dead,1400,1312,240,56,0.41318678855895996,0.5951796174049377,0.5021166205406189,0.01931990310549736,0.0,1.0,0.0,0.01904042996437738,0.1391429901123047,0.0,0.0,-0.01904042996437738,"(128, 128, 128)",/home/grva-mint/Projects/Falhas/Marlim/Regions/Marlim/files/dead/marlim_1400_dead_008.npy
marlim_1400_dead_009.npy,dead,1400,1312,704,56,0.4176926016807556,0.5823371410369873,0.5022352933883667,0.018685000017285347,0.0,1.0,0.0,0.018012151395794262,0.18580245971679688,0.0,0.0,-0.018012151395794262,"(128, 128, 128)",/home/grva-mint/Projects/Falhas/Marlim/Regions/Marlim/files/dead/marlim_1400_dead_009.npy
marlim_1400_dead_010.npy,dead,1400,1312,832,56,0.4376888871192932,0.5602833032608032,0.5025045275688171,0.013833755627274513,0.0,1.0,0.0,0.01376405193326491,0.1970996856689453,0.0,0.0,-0.01376405193326491,"(128, 128, 128)",/home/grva-mint/Projects/Falhas/Marlim/Regions/Marlim/files/dead/marlim_1400_dead_010.npy
marlim_1400_dead_011.npy,dead,1400,1312,1520,56,0.4251359701156616,0.5869682431221008,0.5023797750473022,0.01638193428516388,0.0,1.0,0.0,0.015924919492354306,0.1940937042236328,0.0,0.0,-0.015924919492354306,"(128, 128, 128)",/home/grva-mint/Projects/Falhas/Marlim/Regions/Marlim/files/dead/marlim_1400_dead_011.npy
marlim_1400_dead_012.npy,dead,1400,1312,1616,56,0.4251359701156616,0.5869682431221008,0.5026404857635498,0.014727537520229816,0.0,1.0,0.0,0.014315329341954453,0.14577484130859375,0.0,0.0,-0.014315329341954453,"(128, 128, 128)",/home/grva-mint/Projects/Falhas/Marlim/Regions/Marlim/files/dead/marlim_1400_dead_012.npy
marlim_1400_dead_013.npy,dead,1400,1312,1808,56,0.4415028393268585,0.5640439987182617,0.5026325583457947,0.012801985256373882,0.0,1.0,0.0,0.01265142150958809,0.12436676025390625,0.0,0.0,-0.01265142150958809,"(128, 128, 128)",/home/grva-mint/Projects/Falhas/Marlim/Regions/Marlim/files/dead/marlim_1400_dead_013.npy
marlim_1400_dead_014.npy,dead,1400,1360,80,56,0.4266659617424011,0.5598236322402954,0.5025765299797058,0.013814767822623253,0.0,1.0,0.0,0.01372586782201779,0.1342029571533203,0.0,0.0,-0.01372586782201779,"(128, 128, 128)",/home/grva-mint/Projects/Falhas/Marlim/Regions/Marlim/files/dead/marlim_1400_dead_014.npy
marlim_1400_dead_015.npy,dead,1400,1360,576,56,0.4180360734462738,0.5854714512825012,0.5022798776626587,0.019296204671263695,0.0,1.0,0.0,0.019001604632535418,0.1040802001953125,0.0,0.0,-0.019001604632535418,"(128, 128, 128)",/home/grva-mint/Projects/Falhas/Marlim/Regions/Marlim/files/dead/marlim_1400_dead_015.npy
marlim_1400_dead_016.npy,dead,1400,1376,176,56,0.4277210831642151,0.5696377158164978,0.5025904178619385,0.015425589866936207,0.0,1.0,0.0,0.01517241512686951,0.1421985626220703,0.0,0.0,-0.01517241512686951,"(128, 128, 128)",/home/grva-mint/Projects/Falhas/Marlim/Regions/Marlim/files/dead/marlim_1400_dead_016.npy
marlim_1400_dead_017.npy,dead,1400,1376,768,56,0.4195948839187622,0.5788776278495789,0.5024951696395874,0.016183553263545036,0.0,1.0,0.0,0.01586340730335678,0.2128429412841797,0.0,0.0,-0.01586340730335678,"(128, 128, 128)",/home/grva-mint/Projects/Falhas/Marlim/Regions/Marlim/files/dead/marlim_1400_dead_017.npy
marlim_1400_dead_018.npy,dead,1400,1376,976,56,0.42167574167251587,0.5832561254501343,0.5023454427719116,0.018228106200695038,0.0,1.0,0.0,0.01775819405185075,0.17037010192871094,0.0,0.0,-0.01775819405185075,"(128, 128, 128)",/home/grva-mint/Projects/Falhas/Marlim/Regions/Marlim/files/dead/marlim_1400_dead_018.npy
marlim_1400_dead_019.npy,dead,1400,1376,1920,56,0.3928355276584625,0.6101732850074768,0.502784252166748,0.014920033514499664,0.0,1.0,0.0,0.014082311286614413,0.07213211059570312,0.0,0.0,-0.014082311286614413,"(128, 128, 128)",/home/grva-mint/Projects/Falhas/Marlim/Regions/Marlim/files/dead/marlim_1400_dead_019.npy
marlim_1400_dead_020.npy,dead,1400,1392,880,56,0.42167574167251587,0.5823553800582886,0.5025386810302734,0.01634216122329235,0.0,1.0,0.0,0.016124620610753482,0.15613937377929688,0.0,0.0,-0.016124620610753482,"(128, 128, 128)",/home/grva-mint/Projects/Falhas/Marlim/Regions/Marlim/files/dead/marlim_1400_dead_020.npy
marlim_1400_dead_021.npy,dead,1400,1392,1472,56,0.4270806908607483,0.5834379196166992,0.5025585889816284,0.014725033193826675,0.0,1.0,0.0,0.014199229194218788,0.1565532684326172,0.0,0.0,-0.014199229194218788,"(128, 128, 128)",/home/grva-mint/Projects/Falhas/Marlim/Regions/Marlim/files/dead/marlim_1400_dead_021.npy
marlim_1400_dead_022.npy,dead,1400,1392,1696,56,0.44897326827049255,0.5705406069755554,0.5027868151664734,0.012105181813240051,0.0,1.0,0.0,0.01161127686654595,0.10159683227539062,0.0,0.0,-0.01161127686654595,"(128, 128, 128)",/home/grva-mint/Projects/Falhas/Marlim/Regions/Marlim/files/dead/marlim_1400_dead_022.npy
marlim_1400_dead_023.npy,dead,1400,1408,1584,56,0.4384428858757019,0.5756014585494995,0.5027008652687073,0.01311311312019825,0.0,1.0,0.0,0.012708007235229246,0.12817001342773438,0.0,0.0,-0.012708007235229246,"(128, 128, 128)",/home/grva-mint/Projects/Falhas/Marlim/Regions/Marlim/files/dead/marlim_1400_dead_023.npy
marlim_1400_dead_024.npy,dead,1400,1408,1824,56,0.4562956392765045,0.5506642460823059,0.5024899840354919,0.011031447909772396,0.0,1.0,0.0,0.010586275376397225,0.07841873168945312,0.0,0.0,-0.010586275376397225,"(128, 128, 128)",/home/grva-mint/Projects/Falhas/Marlim/Regions/Marlim/files/dead/marlim_1400_dead_024.npy
marlim_1400_dead_025.npy,dead,1400,1472,64,56,0.43170300126075745,0.5845397710800171,0.502596378326416,0.016590939834713936,0.0,1.0,0.0,0.015907204589325374,0.05419731140136719,0.0,0.0,-0.015907204589325374,"(128, 128, 128)",/home/grva-mint/Projects/Falhas/Marlim/Regions/Marlim/files/dead/marlim_1400_dead_025.npy
marlim_1400_dead_026.npy,dead,1400,1472,160,56,0.43790584802627563,0.5690144300460815,0.5027698874473572,0.014266985468566418,0.0,1.0,0.0,0.013905078450449082,0.08779335021972656,0.0,0.0,-0.013905078450449082,"(128, 128, 128)",/home/grva-mint/Projects/Falhas/Marlim/Regions/Marlim/files/dead/marlim_1400_dead_026.npy
marlim_1400_dead_027.npy,dead,1400,1472,256,56,0.4331831634044647,0.5728592276573181,0.5027219653129578,0.015860889106988907,0.0,1.0,0.0,0.01541382450378137,0.07130622863769531,0.0,0.0,-0.01541382450378137,"(128, 128, 128)",/home/grva-mint/Projects/Falhas/Marlim/Regions/Marlim/files/dead/marlim_1400_dead_027.npy
marlim_1400_dead_028.npy,dead,1400,1472,784,56,0.4001762866973877,0.5889052748680115,0.5026118755340576,0.01892082765698433,0.0,1.0,0.0,0.0182654464445573,0.13419532775878906,0.0,0.0,-0.0182654464445573,"(128, 128, 128)",/home/grva-mint/Projects/Falhas/Marlim/Regions/Marlim/files/dead/marlim_1400_dead_028.npy
marlim_1400_dead_029.npy,dead,1400,1472,976,56,0.41445720195770264,0.6038357615470886,0.5026345252990723,0.018397316336631775,0.0,1.0,0.0,0.017449108883710096,0.13621902465820312,0.0,0.0,-0.017449108883710096,"(128, 128, 128)",/home/grva-mint/Projects/Falhas/Marlim/Regions/Marlim/files/dead/marlim_1400_dead_029.npy
marlim_1400_dead_030.npy,dead,1400,1472,1216,56,0.45019179582595825,0.5548433661460876,0.5026692748069763,0.010675158351659775,0.0,1.0,0.0,0.010386020573918131,0.15440940856933594,0.0,0.0,-0.010386020573918131,"(128, 128, 128)",/home/grva-mint/Projects/Falhas/Marlim/Regions/Marlim/files/dead/marlim_1400_dead_030.npy
marlim_1400_dead_031.npy,dead,1400,1472,1520,56,0.45389312505722046,0.5611074566841125,0.5026254653930664,0.009798116981983185,0.0,1.0,0.0,0.009192915093301224,0.10923194885253906,0.0,0.0,-0.009192915093301224,"(128, 128, 128)",/home/grva-mint/Projects/Falhas/Marlim/Regions/Marlim/files/dead/marlim_1400_dead_031.npy
marlim_1400_dead_032.npy,dead,1400,1472,1648,56,0.45258957147598267,0.556999921798706,0.5027307271957397,0.009326440282166004,0.0,1.0,0.0,0.008766094476072794,0.07723426818847656,0.0,0.0,-0.008766094476072794,"(128, 128, 128)",/home/grva-mint/Projects/Falhas/Marlim/Regions/Marlim/files/dead/marlim_1400_dead_032.npy
marlim_1400_dead_033.npy,dead,1400,1472,1744,56,0.465689480304718,0.5416474342346191,0.5027289986610413,0.0074685439467430115,0.0,1.0,0.0,0.007228468401208943,0.067108154296875,0.0,0.0,-0.007228468401208943,"(128, 128, 128)",/home/grva-mint/Projects/Falhas/Marlim/Regions/Marlim/files/dead/marlim_1400_dead_033.npy
marlim_1400_dead_034.npy,dead,1400,1472,1888,56,0.46271753311157227,0.5404060482978821,0.5026359558105469,0.007857142947614193,0.0,1.0,0.0,0.007145937108319345,0.04563331604003906,0.0,0.0,-0.007145937108319345,"(128, 128, 128)",/home/grva-mint/Projects/Falhas/Marlim/Regions/Marlim/files/dead/marlim_1400_dead_034.npy
marlim_2600_dead_000.npy,dead,2600,1264,784,40,0.43706077337265015,0.5688484907150269,0.5027127861976624,0.013748623430728912,0.0,1.0,0.0,0.0134156926766833,0.14910888671875,0.0,0.0,-0.0134156926766833,"(128, 128, 128)",/home/grva-mint/Projects/Falhas/Marlim/Regions/Marlim/files/dead/marlim_2600_dead_000.npy
marlim_2600_dead_001.npy,dead,2600,1312,1808,40,0.42085951566696167,0.598811149597168,0.5024759769439697,0.018771369010210037,0.0,1.0,0.0,0.018060936029087316,0.05245018005371094,0.0,0.0,-0.018060936029087316,"(128, 128, 128)",/home/grva-mint/Projects/Falhas/Marlim/Regions/Marlim/files/dead/marlim_2600_dead_001.npy
marlim_2600_dead_002.npy,dead,2600,1328,720,40,0.45294609665870667,0.5604315400123596,0.5026131272315979,0.012206547893583775,0.0,1.0,0.0,0.012131719619844716,0.15369415283203125,0.0,0.0,-0.012131719619844716,"(128, 128, 128)",/home/grva-mint/Projects/Falhas/Marlim/Regions/Marlim/files/dead/marlim_2600_dead_002.npy
marlim_2600_dead_003.npy,dead,2600,1344,304,40,0.4428144693374634,0.5677991509437561,0.50284743309021,0.012823197990655899,0.0,1.0,0.0,0.012847429897249185,0.10488700866699219,0.0,0.0,-0.012847429897249185,"(128, 128, 128)",/home/grva-mint/Projects/Falhas/Marlim/Regions/Marlim/files/dead/marlim_2600_dead_003.npy
marlim_2600_dead_004.npy,dead,2600,1360,400,40,0.4200975298881531,0.5625534057617188,0.5023950338363647,0.01563337817788124,0.0,1.0,0.0,0.015322987163528978,0.1256847381591797,0.0,0.0,-0.015322987163528978,"(128, 128, 128)",/home/grva-mint/Projects/Falhas/Marlim/Regions/Marlim/files/dead/marlim_2600_dead_004.npy
marlim_2600_dead_005.npy,dead,2600,1360,816,40,0.4483502209186554,0.5557798743247986,0.5025643110275269,0.011306286789476871,0.0,1.0,0.0,0.01107996810219447,0.15905189514160156,0.0,0.0,-0.01107996810219447,"(128, 128, 128)",/home/grva-mint/Projects/Falhas/Marlim/Regions/Marlim/files/dead/marlim_2600_dead_005.npy
marlim_2600_dead_006.npy,dead,2600,1376,1872,40,0.4371373951435089,0.5665825605392456,0.5024909377098083,0.012440811842679977,0.0,1.0,0.0,0.01164897863884562,0.05008697509765625,0.0,0.0,-0.01164897863884562,"(128, 128, 128)",/home/grva-mint/Projects/Falhas/Marlim/Regions/Marlim/files/dead/marlim_2600_dead_006.npy
marlim_2600_dead_007.npy,dead,2600,1392,192,40,0.41144564747810364,0.6002969145774841,0.5025767683982849,0.01929849199950695,0.0,1.0,0.0,0.018498826425514148,0.05517768859863281,0.0,0.0,-0.018498826425514148,"(128, 128, 128)",/home/grva-mint/Projects/Falhas/Marlim/Regions/Marlim/files/dead/marlim_2600_dead_007.npy
marlim_2600_dead_008.npy,dead,2600,1472,16,40,0.40833547711372375,0.6196532845497131,0.5025310516357422,0.01812107488512993,0.0,1.0,0.0,0.016795031883731326,0.02698516845703125,0.0,0.0,-0.016795031883731326,"(128, 128, 128)",/home/grva-mint/Projects/Falhas/Marlim/Regions/Marlim/files/dead/marlim_2600_dead_008.npy
marlim_2600_dead_009.npy,dead,2600,1472,144,40,0.4139186143875122,0.6151037216186523,0.502567708492279,0.01965334266424179,0.0,1.0,0.0,0.01738551876837846,0.03767204284667969,0.0,0.0,-0.01738551876837846,"(128, 128, 128)",/home/grva-mint/Projects/Falhas/Marlim/Regions/Marlim/files/dead/marlim_2600_dead_009.npy
marlim_2600_dead_010.npy,dead,2600,1472,240,40,0.41144564747810364,0.5759167075157166,0.5023226141929626,0.016372911632061005,0.0,1.0,0.0,0.014968453322069308,0.050067901611328125,0.0,0.0,-0.014968453322069308,"(128, 128, 128)",/home/grva-mint/Projects/Falhas/Marlim/Regions/Marlim/files/dead/marlim_2600_dead_010.npy
marlim_2600_dead_011.npy,dead,2600,1472,336,40,0.44012194871902466,0.5631531476974487,0.5023715496063232,0.013233622536063194,0.0,1.0,0.0,0.01272473058605783,0.06314659118652344,0.0,0.0,-0.01272473058605783,"(128, 128, 128)",/home/grva-mint/Projects/Falhas/Marlim/Regions/Marlim/files/dead/marlim_2600_dead_011.npy
marlim_2600_dead_012.npy,dead,2600,1472,432,40,0.4271260201931,0.5804840326309204,0.5021944642066956,0.016099844127893448,0.0,1.0,0.0,0.01506532008522754,0.11451339721679688,0.0,0.0,-0.01506532008522754,"(128, 128, 128)",/home/grva-mint/Projects/Falhas/Marlim/Regions/Marlim/files/dead/marlim_2600_dead_012.npy
marlim_2600_dead_013.npy,dead,2600,1472,704,40,0.43047311902046204,0.5769537091255188,0.5025348663330078,0.012603345327079296,0.0,1.0,0.0,0.01173798035736695,0.13718223571777344,0.0,0.0,-0.01173798035736695,"(128, 128, 128)",/home/grva-mint/Projects/Falhas/Marlim/Regions/Marlim/files/dead/marlim_2600_dead_013.npy
marlim_2600_dead_014.npy,dead,2600,1472,848,40,0.43454787135124207,0.5666131377220154,0.5025362968444824,0.011208680458366871,0.0,1.0,0.0,0.010410583113582561,0.12130546569824219,0.0,0.0,-0.010410583113582561,"(128, 128, 128)",/home/grva-mint/Projects/Falhas/Marlim/Regions/Marlim/files/dead/marlim_2600_dead_014.npy
marlim_2600_dead_015.npy,dead,2600,1472,1888,40,0.46460676193237305,0.547184944152832,0.502601683139801,0.006177827250212431,0.0,1.0,0.0,0.005049201355021182,0.028165817260742188,0.0,0.0,-0.005049201355021182,"(128, 128, 128)",/home/grva-mint/Projects/Falhas/Marlim/Regions/Marlim/files/dead/marlim_2600_dead_015.npy
