id,img_min,img_max,img_mean,img_std,msk_min,msk_max,shape,img_path,mask_path
img_0000.npy,0.0,1.0,0.4999849,0.20668416,0,1,"(128, 128, 128)",/home/grva-mint/Projects/Falhas/Dataset/dataset_74_2000/images/img_0000.npy,/home/grva-mint/Projects/Falhas/Dataset/dataset_74_2000/masks/img_0000.npy
img_0001.npy,0.0,1.0,0.49957272,0.20462179,0,1,"(128, 128, 128)",/home/grva-mint/Projects/Falhas/Dataset/dataset_74_2000/images/img_0001.npy,/home/grva-mint/Projects/Falhas/Dataset/dataset_74_2000/masks/img_0001.npy
img_0002.npy,0.0,1.0,0.49925172,0.2028269,0,0,"(128, 128, 128)",/home/grva-mint/Projects/Falhas/Dataset/dataset_74_2000/images/img_0002.npy,/home/grva-mint/Projects/Falhas/Dataset/dataset_74_2000/masks/img_0002.npy
img_0003.npy,0.0,1.0,0.50185156,0.2006096,0,1,"(128, 128, 128)",/home/grva-mint/Projects/Falhas/Dataset/dataset_74_2000/images/img_0003.npy,/home/grva-mint/Projects/Falhas/Dataset/dataset_74_2000/masks/img_0003.npy
img_0004.npy,0.0,1.0,0.499738,0.18499693,0,0,"(128, 128, 128)",/home/grva-mint/Projects/Falhas/Dataset/dataset_74_2000/images/img_0004.npy,/home/grva-mint/Projects/Falhas/Dataset/dataset_74_2000/masks/img_0004.npy
img_0005.npy,0.0,1.0,0.50043815,0.202375,0,1,"(128, 128, 128)",/home/grva-mint/Projects/Falhas/Dataset/dataset_74_2000/images/img_0005.npy,/home/grva-mint/Projects/Falhas/Dataset/dataset_74_2000/masks/img_0005.npy
img_0006.npy,0.0,1.0,0.5013561,0.20146379,0,1,"(128, 128, 128)",/home/grva-mint/Projects/Falhas/Dataset/dataset_74_2000/images/img_0006.npy,/home/grva-mint/Projects/Falhas/Dataset/dataset_74_2000/masks/img_0006.npy
img_0007.npy,0.0,1.0,0.49230906,0.17863624,0,1,"(128, 128, 128)",/home/grva-mint/Projects/Falhas/Dataset/dataset_74_2000/images/img_0007.npy,/home/grva-mint/Projects/Falhas/Dataset/dataset_74_2000/masks/img_0007.npy
img_0008.npy,0.0,1.0,0.49936035,0.20300505,0,1,"(128, 128, 128)",/home/grva-mint/Projects/Falhas/Dataset/dataset_74_2000/images/img_0008.npy,/home/grva-mint/Projects/Falhas/Dataset/dataset_74_2000/masks/img_0008.npy
img_0009.npy,0.0,1.0,0.49882585,0.20213191,0,1,"(128, 128, 128)",/home/grva-mint/Projects/Falhas/Dataset/dataset_74_2000/images/img_0009.npy,/home/grva-mint/Projects/Falhas/Dataset/dataset_74_2000/masks/img_0009.npy
img_0010.npy,0.0,1.0,0.49967733,0.20417045,0,1,"(128, 128, 128)",/home/grva-mint/Projects/Falhas/Dataset/dataset_74_2000/images/img_0010.npy,/home/grva-mint/Projects/Falhas/Dataset/dataset_74_2000/masks/img_0010.npy
img_0011.npy,0.0,1.0,0.49941006,0.20015226,0,1,"(128, 128, 128)",/home/grva-mint/Projects/Falhas/Dataset/dataset_74_2000/images/img_0011.npy,/home/grva-mint/Projects/Falhas/Dataset/dataset_74_2000/masks/img_0011.npy
img_0012.npy,0.0,1.0,0.49915507,0.19882955,0,1,"(128, 128, 128)",/home/grva-mint/Projects/Falhas/Dataset/dataset_74_2000/images/img_0012.npy,/home/grva-mint/Projects/Falhas/Dataset/dataset_74_2000/masks/img_0012.npy
img_0013.npy,0.0,1.0,0.49981612,0.20460586,0,1,"(128, 128, 128)",/home/grva-mint/Projects/Falhas/Dataset/dataset_74_2000/images/img_0013.npy,/home/grva-mint/Projects/Falhas/Dataset/dataset_74_2000/masks/img_0013.npy
img_0014.npy,0.0,1.0,0.49986136,0.20561823,0,1,"(128, 128, 128)",/home/grva-mint/Projects/Falhas/Dataset/dataset_74_2000/images/img_0014.npy,/home/grva-mint/Projects/Falhas/Dataset/dataset_74_2000/masks/img_0014.npy
img_0015.npy,0.0,1.0,0.499461,0.2045519,0,1,"(128, 128, 128)",/home/grva-mint/Projects/Falhas/Dataset/dataset_74_2000/images/img_0015.npy,/home/grva-mint/Projects/Falhas/Dataset/dataset_74_2000/masks/img_0015.npy
img_0016.npy,0.0,1.0,0.49988568,0.2052879,0,1,"(128, 128, 128)",/home/grva-mint/Projects/Falhas/Dataset/dataset_74_2000/images/img_0016.npy,/home/grva-mint/Projects/Falhas/Dataset/dataset_74_2000/masks/img_0016.npy
img_0017.npy,0.0,1.0,0.49965876,0.20384085,0,1,"(128, 128, 128)",/home/grva-mint/Projects/Falhas/Dataset/dataset_74_2000/images/img_0017.npy,/home/grva-mint/Projects/Falhas/Dataset/dataset_74_2000/masks/img_0017.npy
img_0018.npy,0.0,1.0,0.499535,0.20258191,0,1,"(128, 128, 128)",/home/grva-mint/Projects/Falhas/Dataset/dataset_74_2000/images/img_0018.npy,/home/grva-mint/Projects/Falhas/Dataset/dataset_74_2000/masks/img_0018.npy
img_0019.npy,0.0,1.0,0.4998938,0.20559503,0,1,"(128, 128, 128)",/home/grva-mint/Projects/Falhas/Dataset/dataset_74_2000/images/img_0019.npy,/home/grva-mint/Projects/Falhas/Dataset/dataset_74_2000/masks/img_0019.npy
img_0020.npy,0.0,1.0,0.5000274,0.20525293,0,1,"(128, 128, 128)",/home/grva-mint/Projects/Falhas/Dataset/dataset_74_2000/images/img_0020.npy,/home/grva-mint/Projects/Falhas/Dataset/dataset_74_2000/masks/img_0020.npy
img_0021.npy,0.0,1.0,0.5001321,0.20593433,0,1,"(128, 128, 128)",/home/grva-mint/Projects/Falhas/Dataset/dataset_74_2000/images/img_0021.npy,/home/grva-mint/Projects/Falhas/Dataset/dataset_74_2000/masks/img_0021.npy
img_0022.npy,0.0,1.0,0.5000456,0.2064974,0,1,"(128, 128, 128)",/home/grva-mint/Projects/Falhas/Dataset/dataset_74_2000/images/img_0022.npy,/home/grva-mint/Projects/Falhas/Dataset/dataset_74_2000/masks/img_0022.npy
img_0023.npy,0.0,1.0,0.4993599,0.2009481,0,1,"(128, 128, 128)",/home/grva-mint/Projects/Falhas/Dataset/dataset_74_2000/images/img_0023.npy,/home/grva-mint/Projects/Falhas/Dataset/dataset_74_2000/masks/img_0023.npy
img_0024.npy,0.0,1.0,0.49831063,0.19986057,0,1,"(128, 128, 128)",/home/grva-mint/Projects/Falhas/Dataset/dataset_74_2000/images/img_0024.npy,/home/grva-mint/Projects/Falhas/Dataset/dataset_74_2000/masks/img_0024.npy
img_0025.npy,0.0,1.0,0.49973413,0.20637427,0,1,"(128, 128, 128)",/home/grva-mint/Projects/Falhas/Dataset/dataset_74_2000/images/img_0025.npy,/home/grva-mint/Projects/Falhas/Dataset/dataset_74_2000/masks/img_0025.npy
img_0026.npy,0.0,1.0,0.49996936,0.20502564,0,1,"(128, 128, 128)",/home/grva-mint/Projects/Falhas/Dataset/dataset_74_2000/images/img_0026.npy,/home/grva-mint/Projects/Falhas/Dataset/dataset_74_2000/masks/img_0026.npy
img_0027.npy,0.0,1.0,0.49973333,0.20511833,0,1,"(128, 128, 128)",/home/grva-mint/Projects/Falhas/Dataset/dataset_74_2000/images/img_0027.npy,/home/grva-mint/Projects/Falhas/Dataset/dataset_74_2000/masks/img_0027.npy
img_0028.npy,0.0,1.0,0.5008789,0.18405874,0,1,"(128, 128, 128)",/home/grva-mint/Projects/Falhas/Dataset/dataset_74_2000/images/img_0028.npy,/home/grva-mint/Projects/Falhas/Dataset/dataset_74_2000/masks/img_0028.npy
img_0029.npy,0.0,1.0,0.4998037,0.20621783,0,1,"(128, 128, 128)",/home/grva-mint/Projects/Falhas/Dataset/dataset_74_2000/images/img_0029.npy,/home/grva-mint/Projects/Falhas/Dataset/dataset_74_2000/masks/img_0029.npy
img_0030.npy,0.0,1.0,0.5007548,0.20198831,0,1,"(128, 128, 128)",/home/grva-mint/Projects/Falhas/Dataset/dataset_74_2000/images/img_0030.npy,/home/grva-mint/Projects/Falhas/Dataset/dataset_74_2000/masks/img_0030.npy
img_0031.npy,0.0,1.0,0.4999364,0.2064008,0,1,"(128, 128, 128)",/home/grva-mint/Projects/Falhas/Dataset/dataset_74_2000/images/img_0031.npy,/home/grva-mint/Projects/Falhas/Dataset/dataset_74_2000/masks/img_0031.npy
img_0032.npy,0.0,1.0,0.501104,0.19924507,0,1,"(128, 128, 128)",/home/grva-mint/Projects/Falhas/Dataset/dataset_74_2000/images/img_0032.npy,/home/grva-mint/Projects/Falhas/Dataset/dataset_74_2000/masks/img_0032.npy
img_0033.npy,0.0,1.0,0.49883357,0.202246,0,1,"(128, 128, 128)",/home/grva-mint/Projects/Falhas/Dataset/dataset_74_2000/images/img_0033.npy,/home/grva-mint/Projects/Falhas/Dataset/dataset_74_2000/masks/img_0033.npy
img_0034.npy,0.0,1.0,0.50016147,0.20597926,0,1,"(128, 128, 128)",/home/grva-mint/Projects/Falhas/Dataset/dataset_74_2000/images/img_0034.npy,/home/grva-mint/Projects/Falhas/Dataset/dataset_74_2000/masks/img_0034.npy
img_0035.npy,0.0,1.0,0.49987775,0.20676993,0,1,"(128, 128, 128)",/home/grva-mint/Projects/Falhas/Dataset/dataset_74_2000/images/img_0035.npy,/home/grva-mint/Projects/Falhas/Dataset/dataset_74_2000/masks/img_0035.npy
img_0036.npy,0.0,1.0,0.49959898,0.20136513,0,1,"(128, 128, 128)",/home/grva-mint/Projects/Falhas/Dataset/dataset_74_2000/images/img_0036.npy,/home/grva-mint/Projects/Falhas/Dataset/dataset_74_2000/masks/img_0036.npy
img_0037.npy,0.0,1.0,0.4995799,0.2056411,0,1,"(128, 128, 128)",/home/grva-mint/Projects/Falhas/Dataset/dataset_74_2000/images/img_0037.npy,/home/grva-mint/Projects/Falhas/Dataset/dataset_74_2000/masks/img_0037.npy
img_0038.npy,0.0,1.0,0.4990627,0.20388967,0,1,"(128, 128, 128)",/home/grva-mint/Projects/Falhas/Dataset/dataset_74_2000/images/img_0038.npy,/home/grva-mint/Projects/Falhas/Dataset/dataset_74_2000/masks/img_0038.npy
img_0039.npy,0.0,1.0,0.4998118,0.20614612,0,1,"(128, 128, 128)",/home/grva-mint/Projects/Falhas/Dataset/dataset_74_2000/images/img_0039.npy,/home/grva-mint/Projects/Falhas/Dataset/dataset_74_2000/masks/img_0039.npy
img_0040.npy,0.0,1.0,0.4995602,0.2022635,0,1,"(128, 128, 128)",/home/grva-mint/Projects/Falhas/Dataset/dataset_74_2000/images/img_0040.npy,/home/grva-mint/Projects/Falhas/Dataset/dataset_74_2000/masks/img_0040.npy
img_0041.npy,0.0,1.0,0.4997326,0.20618612,0,1,"(128, 128, 128)",/home/grva-mint/Projects/Falhas/Dataset/dataset_74_2000/images/img_0041.npy,/home/grva-mint/Projects/Falhas/Dataset/dataset_74_2000/masks/img_0041.npy
img_0042.npy,0.0,1.0,0.5010514,0.20214407,0,1,"(128, 128, 128)",/home/grva-mint/Projects/Falhas/Dataset/dataset_74_2000/images/img_0042.npy,/home/grva-mint/Projects/Falhas/Dataset/dataset_74_2000/masks/img_0042.npy
img_0043.npy,0.0,1.0,0.50045997,0.20417774,0,1,"(128, 128, 128)",/home/grva-mint/Projects/Falhas/Dataset/dataset_74_2000/images/img_0043.npy,/home/grva-mint/Projects/Falhas/Dataset/dataset_74_2000/masks/img_0043.npy
img_0044.npy,0.0,1.0,0.49909386,0.20454317,0,0,"(128, 128, 128)",/home/grva-mint/Projects/Falhas/Dataset/dataset_74_2000/images/img_0044.npy,/home/grva-mint/Projects/Falhas/Dataset/dataset_74_2000/masks/img_0044.npy
img_0045.npy,0.0,1.0,0.49738976,0.19883457,0,1,"(128, 128, 128)",/home/grva-mint/Projects/Falhas/Dataset/dataset_74_2000/images/img_0045.npy,/home/grva-mint/Projects/Falhas/Dataset/dataset_74_2000/masks/img_0045.npy
img_0046.npy,0.0,1.0,0.5000595,0.2025516,0,1,"(128, 128, 128)",/home/grva-mint/Projects/Falhas/Dataset/dataset_74_2000/images/img_0046.npy,/home/grva-mint/Projects/Falhas/Dataset/dataset_74_2000/masks/img_0046.npy
img_0047.npy,0.0,1.0,0.50029355,0.20572029,0,1,"(128, 128, 128)",/home/grva-mint/Projects/Falhas/Dataset/dataset_74_2000/images/img_0047.npy,/home/grva-mint/Projects/Falhas/Dataset/dataset_74_2000/masks/img_0047.npy
img_0048.npy,0.0,1.0,0.50000346,0.20580986,0,1,"(128, 128, 128)",/home/grva-mint/Projects/Falhas/Dataset/dataset_74_2000/images/img_0048.npy,/home/grva-mint/Projects/Falhas/Dataset/dataset_74_2000/masks/img_0048.npy
img_0049.npy,0.0,1.0,0.49940974,0.2052669,0,1,"(128, 128, 128)",/home/grva-mint/Projects/Falhas/Dataset/dataset_74_2000/images/img_0049.npy,/home/grva-mint/Projects/Falhas/Dataset/dataset_74_2000/masks/img_0049.npy
img_0050.npy,0.0,1.0,0.4999589,0.20628388,0,1,"(128, 128, 128)",/home/grva-mint/Projects/Falhas/Dataset/dataset_74_2000/images/img_0050.npy,/home/grva-mint/Projects/Falhas/Dataset/dataset_74_2000/masks/img_0050.npy
img_0051.npy,0.0,1.0,0.49917796,0.18742153,0,0,"(128, 128, 128)",/home/grva-mint/Projects/Falhas/Dataset/dataset_74_2000/images/img_0051.npy,/home/grva-mint/Projects/Falhas/Dataset/dataset_74_2000/masks/img_0051.npy
img_0052.npy,0.0,1.0,0.49941796,0.2042815,0,1,"(128, 128, 128)",/home/grva-mint/Projects/Falhas/Dataset/dataset_74_2000/images/img_0052.npy,/home/grva-mint/Projects/Falhas/Dataset/dataset_74_2000/masks/img_0052.npy
img_0053.npy,0.0,1.0,0.49998644,0.20603253,0,1,"(128, 128, 128)",/home/grva-mint/Projects/Falhas/Dataset/dataset_74_2000/images/img_0053.npy,/home/grva-mint/Projects/Falhas/Dataset/dataset_74_2000/masks/img_0053.npy
img_0054.npy,0.0,1.0,0.5001374,0.2053409,0,1,"(128, 128, 128)",/home/grva-mint/Projects/Falhas/Dataset/dataset_74_2000/images/img_0054.npy,/home/grva-mint/Projects/Falhas/Dataset/dataset_74_2000/masks/img_0054.npy
img_0055.npy,0.0,1.0,0.5000162,0.20607732,0,1,"(128, 128, 128)",/home/grva-mint/Projects/Falhas/Dataset/dataset_74_2000/images/img_0055.npy,/home/grva-mint/Projects/Falhas/Dataset/dataset_74_2000/masks/img_0055.npy
img_0056.npy,0.0,1.0,0.49985108,0.20645034,0,1,"(128, 128, 128)",/home/grva-mint/Projects/Falhas/Dataset/dataset_74_2000/images/img_0056.npy,/home/grva-mint/Projects/Falhas/Dataset/dataset_74_2000/masks/img_0056.npy
img_0057.npy,0.0,1.0,0.50025666,0.2042474,0,1,"(128, 128, 128)",/home/grva-mint/Projects/Falhas/Dataset/dataset_74_2000/images/img_0057.npy,/home/grva-mint/Projects/Falhas/Dataset/dataset_74_2000/masks/img_0057.npy
img_0058.npy,0.0,1.0,0.49935246,0.19765313,0,0,"(128, 128, 128)",/home/grva-mint/Projects/Falhas/Dataset/dataset_74_2000/images/img_0058.npy,/home/grva-mint/Projects/Falhas/Dataset/dataset_74_2000/masks/img_0058.npy
img_0059.npy,0.0,1.0,0.5016354,0.19760552,0,1,"(128, 128, 128)",/home/grva-mint/Projects/Falhas/Dataset/dataset_74_2000/images/img_0059.npy,/home/grva-mint/Projects/Falhas/Dataset/dataset_74_2000/masks/img_0059.npy
img_0060.npy,0.0,1.0,0.49932832,0.20399319,0,1,"(128, 128, 128)",/home/grva-mint/Projects/Falhas/Dataset/dataset_74_2000/images/img_0060.npy,/home/grva-mint/Projects/Falhas/Dataset/dataset_74_2000/masks/img_0060.npy
img_0061.npy,0.0,1.0,0.49960244,0.20201139,0,1,"(128, 128, 128)",/home/grva-mint/Projects/Falhas/Dataset/dataset_74_2000/images/img_0061.npy,/home/grva-mint/Projects/Falhas/Dataset/dataset_74_2000/masks/img_0061.npy
img_0062.npy,0.0,1.0,0.49998164,0.20480615,0,1,"(128, 128, 128)",/home/grva-mint/Projects/Falhas/Dataset/dataset_74_2000/images/img_0062.npy,/home/grva-mint/Projects/Falhas/Dataset/dataset_74_2000/masks/img_0062.npy
img_0063.npy,0.0,1.0,0.5004083,0.20390326,0,1,"(128, 128, 128)",/home/grva-mint/Projects/Falhas/Dataset/dataset_74_2000/images/img_0063.npy,/home/grva-mint/Projects/Falhas/Dataset/dataset_74_2000/masks/img_0063.npy
img_0064.npy,0.0,1.0,0.49988368,0.20437548,0,1,"(128, 128, 128)",/home/grva-mint/Projects/Falhas/Dataset/dataset_74_2000/images/img_0064.npy,/home/grva-mint/Projects/Falhas/Dataset/dataset_74_2000/masks/img_0064.npy
img_0065.npy,0.0,1.0,0.5011237,0.1997372,0,1,"(128, 128, 128)",/home/grva-mint/Projects/Falhas/Dataset/dataset_74_2000/images/img_0065.npy,/home/grva-mint/Projects/Falhas/Dataset/dataset_74_2000/masks/img_0065.npy
img_0066.npy,0.0,1.0,0.49989727,0.20649397,0,1,"(128, 128, 128)",/home/grva-mint/Projects/Falhas/Dataset/dataset_74_2000/images/img_0066.npy,/home/grva-mint/Projects/Falhas/Dataset/dataset_74_2000/masks/img_0066.npy
img_0067.npy,0.0,1.0,0.49998876,0.20434062,0,1,"(128, 128, 128)",/home/grva-mint/Projects/Falhas/Dataset/dataset_74_2000/images/img_0067.npy,/home/grva-mint/Projects/Falhas/Dataset/dataset_74_2000/masks/img_0067.npy
img_0068.npy,0.0,1.0,0.49953884,0.20183627,0,0,"(128, 128, 128)",/home/grva-mint/Projects/Falhas/Dataset/dataset_74_2000/images/img_0068.npy,/home/grva-mint/Projects/Falhas/Dataset/dataset_74_2000/masks/img_0068.npy
img_0069.npy,0.0,1.0,0.49991894,0.20623581,0,1,"(128, 128, 128)",/home/grva-mint/Projects/Falhas/Dataset/dataset_74_2000/images/img_0069.npy,/home/grva-mint/Projects/Falhas/Dataset/dataset_74_2000/masks/img_0069.npy
img_0070.npy,0.0,1.0,0.4999411,0.20382978,0,1,"(128, 128, 128)",/home/grva-mint/Projects/Falhas/Dataset/dataset_74_2000/images/img_0070.npy,/home/grva-mint/Projects/Falhas/Dataset/dataset_74_2000/masks/img_0070.npy
img_0071.npy,0.0,1.0,0.49930346,0.20414098,0,1,"(128, 128, 128)",/home/grva-mint/Projects/Falhas/Dataset/dataset_74_2000/images/img_0071.npy,/home/grva-mint/Projects/Falhas/Dataset/dataset_74_2000/masks/img_0071.npy
img_0072.npy,0.0,1.0,0.49809393,0.19846389,0,1,"(128, 128, 128)",/home/grva-mint/Projects/Falhas/Dataset/dataset_74_2000/images/img_0072.npy,/home/grva-mint/Projects/Falhas/Dataset/dataset_74_2000/masks/img_0072.npy
img_0073.npy,0.0,1.0,0.49975502,0.2059504,0,1,"(128, 128, 128)",/home/grva-mint/Projects/Falhas/Dataset/dataset_74_2000/images/img_0073.npy,/home/grva-mint/Projects/Falhas/Dataset/dataset_74_2000/masks/img_0073.npy
img_0074.npy,0.0,1.0,0.49937665,0.2004769,0,1,"(128, 128, 128)",/home/grva-mint/Projects/Falhas/Dataset/dataset_74_2000/images/img_0074.npy,/home/grva-mint/Projects/Falhas/Dataset/dataset_74_2000/masks/img_0074.npy
img_0075.npy,0.0,1.0,0.4994041,0.20506601,0,0,"(128, 128, 128)",/home/grva-mint/Projects/Falhas/Dataset/dataset_74_2000/images/img_0075.npy,/home/grva-mint/Projects/Falhas/Dataset/dataset_74_2000/masks/img_0075.npy
img_0076.npy,0.0,1.0,0.5001665,0.20473225,0,1,"(128, 128, 128)",/home/grva-mint/Projects/Falhas/Dataset/dataset_74_2000/images/img_0076.npy,/home/grva-mint/Projects/Falhas/Dataset/dataset_74_2000/masks/img_0076.npy
img_0077.npy,0.0,1.0,0.4998161,0.20657808,0,1,"(128, 128, 128)",/home/grva-mint/Projects/Falhas/Dataset/dataset_74_2000/images/img_0077.npy,/home/grva-mint/Projects/Falhas/Dataset/dataset_74_2000/masks/img_0077.npy
img_0078.npy,0.0,1.0,0.49986383,0.20404932,0,1,"(128, 128, 128)",/home/grva-mint/Projects/Falhas/Dataset/dataset_74_2000/images/img_0078.npy,/home/grva-mint/Projects/Falhas/Dataset/dataset_74_2000/masks/img_0078.npy
img_0079.npy,0.0,1.0,0.49988127,0.20641796,0,1,"(128, 128, 128)",/home/grva-mint/Projects/Falhas/Dataset/dataset_74_2000/images/img_0079.npy,/home/grva-mint/Projects/Falhas/Dataset/dataset_74_2000/masks/img_0079.npy
img_0080.npy,0.0,1.0,0.49596202,0.1912173,0,1,"(128, 128, 128)",/home/grva-mint/Projects/Falhas/Dataset/dataset_74_2000/images/img_0080.npy,/home/grva-mint/Projects/Falhas/Dataset/dataset_74_2000/masks/img_0080.npy
img_0081.npy,0.0,1.0,0.49986777,0.20434308,0,1,"(128, 128, 128)",/home/grva-mint/Projects/Falhas/Dataset/dataset_74_2000/images/img_0081.npy,/home/grva-mint/Projects/Falhas/Dataset/dataset_74_2000/masks/img_0081.npy
img_0082.npy,0.0,1.0,0.50002056,0.20531358,0,1,"(128, 128, 128)",/home/grva-mint/Projects/Falhas/Dataset/dataset_74_2000/images/img_0082.npy,/home/grva-mint/Projects/Falhas/Dataset/dataset_74_2000/masks/img_0082.npy
img_0083.npy,0.0,1.0,0.5000417,0.20345932,0,1,"(128, 128, 128)",/home/grva-mint/Projects/Falhas/Dataset/dataset_74_2000/images/img_0083.npy,/home/grva-mint/Projects/Falhas/Dataset/dataset_74_2000/masks/img_0083.npy
img_0084.npy,0.0,1.0,0.500157,0.19929461,0,1,"(128, 128, 128)",/home/grva-mint/Projects/Falhas/Dataset/dataset_74_2000/images/img_0084.npy,/home/grva-mint/Projects/Falhas/Dataset/dataset_74_2000/masks/img_0084.npy
img_0085.npy,0.0,1.0,0.49910384,0.20083287,0,1,"(128, 128, 128)",/home/grva-mint/Projects/Falhas/Dataset/dataset_74_2000/images/img_0085.npy,/home/grva-mint/Projects/Falhas/Dataset/dataset_74_2000/masks/img_0085.npy
img_0086.npy,0.0,1.0,0.5011907,0.19715853,0,1,"(128, 128, 128)",/home/grva-mint/Projects/Falhas/Dataset/dataset_74_2000/images/img_0086.npy,/home/grva-mint/Projects/Falhas/Dataset/dataset_74_2000/masks/img_0086.npy
img_0087.npy,0.0,1.0,0.49990076,0.20456256,0,0,"(128, 128, 128)",/home/grva-mint/Projects/Falhas/Dataset/dataset_74_2000/images/img_0087.npy,/home/grva-mint/Projects/Falhas/Dataset/dataset_74_2000/masks/img_0087.npy
img_0088.npy,0.0,1.0,0.4998225,0.20471986,0,1,"(128, 128, 128)",/home/grva-mint/Projects/Falhas/Dataset/dataset_74_2000/images/img_0088.npy,/home/grva-mint/Projects/Falhas/Dataset/dataset_74_2000/masks/img_0088.npy
img_0089.npy,0.0,1.0,0.50000906,0.20404305,0,1,"(128, 128, 128)",/home/grva-mint/Projects/Falhas/Dataset/dataset_74_2000/images/img_0089.npy,/home/grva-mint/Projects/Falhas/Dataset/dataset_74_2000/masks/img_0089.npy
img_0090.npy,0.0,1.0,0.49921826,0.20220062,0,1,"(128, 128, 128)",/home/grva-mint/Projects/Falhas/Dataset/dataset_74_2000/images/img_0090.npy,/home/grva-mint/Projects/Falhas/Dataset/dataset_74_2000/masks/img_0090.npy
img_0091.npy,0.0,1.0,0.5001408,0.20555355,0,0,"(128, 128, 128)",/home/grva-mint/Projects/Falhas/Dataset/dataset_74_2000/images/img_0091.npy,/home/grva-mint/Projects/Falhas/Dataset/dataset_74_2000/masks/img_0091.npy
img_0092.npy,0.0,1.0,0.5003593,0.20413251,0,1,"(128, 128, 128)",/home/grva-mint/Projects/Falhas/Dataset/dataset_74_2000/images/img_0092.npy,/home/grva-mint/Projects/Falhas/Dataset/dataset_74_2000/masks/img_0092.npy
img_0093.npy,0.0,1.0,0.50030434,0.20566851,0,1,"(128, 128, 128)",/home/grva-mint/Projects/Falhas/Dataset/dataset_74_2000/images/img_0093.npy,/home/grva-mint/Projects/Falhas/Dataset/dataset_74_2000/masks/img_0093.npy
img_0094.npy,0.0,1.0,0.4993419,0.20536004,0,1,"(128, 128, 128)",/home/grva-mint/Projects/Falhas/Dataset/dataset_74_2000/images/img_0094.npy,/home/grva-mint/Projects/Falhas/Dataset/dataset_74_2000/masks/img_0094.npy
img_0095.npy,0.0,1.0,0.5006632,0.2013974,0,1,"(128, 128, 128)",/home/grva-mint/Projects/Falhas/Dataset/dataset_74_2000/images/img_0095.npy,/home/grva-mint/Projects/Falhas/Dataset/dataset_74_2000/masks/img_0095.npy
img_0096.npy,0.0,1.0,0.50000614,0.20625128,0,1,"(128, 128, 128)",/home/grva-mint/Projects/Falhas/Dataset/dataset_74_2000/images/img_0096.npy,/home/grva-mint/Projects/Falhas/Dataset/dataset_74_2000/masks/img_0096.npy
img_0097.npy,0.0,1.0,0.5011235,0.19467375,0,1,"(128, 128, 128)",/home/grva-mint/Projects/Falhas/Dataset/dataset_74_2000/images/img_0097.npy,/home/grva-mint/Projects/Falhas/Dataset/dataset_74_2000/masks/img_0097.npy
img_0098.npy,0.0,1.0,0.5005058,0.20508568,0,1,"(128, 128, 128)",/home/grva-mint/Projects/Falhas/Dataset/dataset_74_2000/images/img_0098.npy,/home/grva-mint/Projects/Falhas/Dataset/dataset_74_2000/masks/img_0098.npy
img_0099.npy,0.0,1.0,0.5006568,0.2040722,0,1,"(128, 128, 128)",/home/grva-mint/Projects/Falhas/Dataset/dataset_74_2000/images/img_0099.npy,/home/grva-mint/Projects/Falhas/Dataset/dataset_74_2000/masks/img_0099.npy
img_0100.npy,0.0,1.0,0.49957973,0.20330577,0,1,"(128, 128, 128)",/home/grva-mint/Projects/Falhas/Dataset/dataset_74_2000/images/img_0100.npy,/home/grva-mint/Projects/Falhas/Dataset/dataset_74_2000/masks/img_0100.npy
img_0101.npy,0.0,1.0,0.500301,0.20567836,0,0,"(128, 128, 128)",/home/grva-mint/Projects/Falhas/Dataset/dataset_74_2000/images/img_0101.npy,/home/grva-mint/Projects/Falhas/Dataset/dataset_74_2000/masks/img_0101.npy
img_0102.npy,0.0,1.0,0.5009871,0.2036839,0,1,"(128, 128, 128)",/home/grva-mint/Projects/Falhas/Dataset/dataset_74_2000/images/img_0102.npy,/home/grva-mint/Projects/Falhas/Dataset/dataset_74_2000/masks/img_0102.npy
img_0103.npy,0.0,1.0,0.5013471,0.20159957,0,1,"(128, 128, 128)",/home/grva-mint/Projects/Falhas/Dataset/dataset_74_2000/images/img_0103.npy,/home/grva-mint/Projects/Falhas/Dataset/dataset_74_2000/masks/img_0103.npy
img_0104.npy,0.0,1.0,0.4986199,0.20247091,0,1,"(128, 128, 128)",/home/grva-mint/Projects/Falhas/Dataset/dataset_74_2000/images/img_0104.npy,/home/grva-mint/Projects/Falhas/Dataset/dataset_74_2000/masks/img_0104.npy
img_0105.npy,0.0,1.0,0.49922106,0.2035994,0,1,"(128, 128, 128)",/home/grva-mint/Projects/Falhas/Dataset/dataset_74_2000/images/img_0105.npy,/home/grva-mint/Projects/Falhas/Dataset/dataset_74_2000/masks/img_0105.npy
img_0106.npy,0.0,1.0,0.5001968,0.20510304,0,0,"(128, 128, 128)",/home/grva-mint/Projects/Falhas/Dataset/dataset_74_2000/images/img_0106.npy,/home/grva-mint/Projects/Falhas/Dataset/dataset_74_2000/masks/img_0106.npy
img_0107.npy,0.0,1.0,0.50081694,0.20437077,0,1,"(128, 128, 128)",/home/grva-mint/Projects/Falhas/Dataset/dataset_74_2000/images/img_0107.npy,/home/grva-mint/Projects/Falhas/Dataset/dataset_74_2000/masks/img_0107.npy
img_0108.npy,0.0,1.0,0.5000163,0.20598748,0,0,"(128, 128, 128)",/home/grva-mint/Projects/Falhas/Dataset/dataset_74_2000/images/img_0108.npy,/home/grva-mint/Projects/Falhas/Dataset/dataset_74_2000/masks/img_0108.npy
img_0109.npy,0.0,1.0,0.49867666,0.19879048,0,1,"(128, 128, 128)",/home/grva-mint/Projects/Falhas/Dataset/dataset_74_2000/images/img_0109.npy,/home/grva-mint/Projects/Falhas/Dataset/dataset_74_2000/masks/img_0109.npy
img_0110.npy,0.0,1.0,0.49957338,0.20592295,0,1,"(128, 128, 128)",/home/grva-mint/Projects/Falhas/Dataset/dataset_74_2000/images/img_0110.npy,/home/grva-mint/Projects/Falhas/Dataset/dataset_74_2000/masks/img_0110.npy
img_0111.npy,0.0,1.0,0.50006884,0.20429274,0,1,"(128, 128, 128)",/home/grva-mint/Projects/Falhas/Dataset/dataset_74_2000/images/img_0111.npy,/home/grva-mint/Projects/Falhas/Dataset/dataset_74_2000/masks/img_0111.npy
img_0112.npy,0.0,1.0,0.49974275,0.20540664,0,1,"(128, 128, 128)",/home/grva-mint/Projects/Falhas/Dataset/dataset_74_2000/images/img_0112.npy,/home/grva-mint/Projects/Falhas/Dataset/dataset_74_2000/masks/img_0112.npy
img_0113.npy,0.0,1.0,0.5008192,0.20150226,0,1,"(128, 128, 128)",/home/grva-mint/Projects/Falhas/Dataset/dataset_74_2000/images/img_0113.npy,/home/grva-mint/Projects/Falhas/Dataset/dataset_74_2000/masks/img_0113.npy
img_0114.npy,0.0,1.0,0.49644196,0.19686812,0,1,"(128, 128, 128)",/home/grva-mint/Projects/Falhas/Dataset/dataset_74_2000/images/img_0114.npy,/home/grva-mint/Projects/Falhas/Dataset/dataset_74_2000/masks/img_0114.npy
img_0115.npy,0.0,1.0,0.49991384,0.20597151,0,1,"(128, 128, 128)",/home/grva-mint/Projects/Falhas/Dataset/dataset_74_2000/images/img_0115.npy,/home/grva-mint/Projects/Falhas/Dataset/dataset_74_2000/masks/img_0115.npy
img_0116.npy,0.0,1.0,0.5008159,0.20294742,0,1,"(128, 128, 128)",/home/grva-mint/Projects/Falhas/Dataset/dataset_74_2000/images/img_0116.npy,/home/grva-mint/Projects/Falhas/Dataset/dataset_74_2000/masks/img_0116.npy
img_0117.npy,0.0,1.0,0.49927554,0.2033625,0,1,"(128, 128, 128)",/home/grva-mint/Projects/Falhas/Dataset/dataset_74_2000/images/img_0117.npy,/home/grva-mint/Projects/Falhas/Dataset/dataset_74_2000/masks/img_0117.npy
img_0118.npy,0.0,1.0,0.49999663,0.20658389,0,1,"(128, 128, 128)",/home/grva-mint/Projects/Falhas/Dataset/dataset_74_2000/images/img_0118.npy,/home/grva-mint/Projects/Falhas/Dataset/dataset_74_2000/masks/img_0118.npy
img_0119.npy,0.0,1.0,0.4997586,0.20640251,0,0,"(128, 128, 128)",/home/grva-mint/Projects/Falhas/Dataset/dataset_74_2000/images/img_0119.npy,/home/grva-mint/Projects/Falhas/Dataset/dataset_74_2000/masks/img_0119.npy
img_0120.npy,0.0,1.0,0.4993321,0.20331359,0,1,"(128, 128, 128)",/home/grva-mint/Projects/Falhas/Dataset/dataset_74_2000/images/img_0120.npy,/home/grva-mint/Projects/Falhas/Dataset/dataset_74_2000/masks/img_0120.npy
img_0121.npy,0.0,1.0,0.49958405,0.20309943,0,1,"(128, 128, 128)",/home/grva-mint/Projects/Falhas/Dataset/dataset_74_2000/images/img_0121.npy,/home/grva-mint/Projects/Falhas/Dataset/dataset_74_2000/masks/img_0121.npy
img_0122.npy,0.0,1.0,0.50037146,0.19989581,0,1,"(128, 128, 128)",/home/grva-mint/Projects/Falhas/Dataset/dataset_74_2000/images/img_0122.npy,/home/grva-mint/Projects/Falhas/Dataset/dataset_74_2000/masks/img_0122.npy
img_0123.npy,0.0,1.0,0.4989709,0.20313266,0,1,"(128, 128, 128)",/home/grva-mint/Projects/Falhas/Dataset/dataset_74_2000/images/img_0123.npy,/home/grva-mint/Projects/Falhas/Dataset/dataset_74_2000/masks/img_0123.npy
img_0124.npy,0.0,1.0,0.49988946,0.20616642,0,1,"(128, 128, 128)",/home/grva-mint/Projects/Falhas/Dataset/dataset_74_2000/images/img_0124.npy,/home/grva-mint/Projects/Falhas/Dataset/dataset_74_2000/masks/img_0124.npy
img_0125.npy,0.0,1.0,0.4999827,0.20648855,0,1,"(128, 128, 128)",/home/grva-mint/Projects/Falhas/Dataset/dataset_74_2000/images/img_0125.npy,/home/grva-mint/Projects/Falhas/Dataset/dataset_74_2000/masks/img_0125.npy
img_0126.npy,0.0,1.0,0.4998238,0.20371169,0,1,"(128, 128, 128)",/home/grva-mint/Projects/Falhas/Dataset/dataset_74_2000/images/img_0126.npy,/home/grva-mint/Projects/Falhas/Dataset/dataset_74_2000/masks/img_0126.npy
img_0127.npy,0.0,1.0,0.5003601,0.19196053,0,1,"(128, 128, 128)",/home/grva-mint/Projects/Falhas/Dataset/dataset_74_2000/images/img_0127.npy,/home/grva-mint/Projects/Falhas/Dataset/dataset_74_2000/masks/img_0127.npy
img_0128.npy,0.0,1.0,0.49976355,0.2045109,0,1,"(128, 128, 128)",/home/grva-mint/Projects/Falhas/Dataset/dataset_74_2000/images/img_0128.npy,/home/grva-mint/Projects/Falhas/Dataset/dataset_74_2000/masks/img_0128.npy
img_0129.npy,0.0,1.0,0.49938098,0.20520861,0,1,"(128, 128, 128)",/home/grva-mint/Projects/Falhas/Dataset/dataset_74_2000/images/img_0129.npy,/home/grva-mint/Projects/Falhas/Dataset/dataset_74_2000/masks/img_0129.npy
img_0130.npy,0.0,1.0,0.49981695,0.20569934,0,1,"(128, 128, 128)",/home/grva-mint/Projects/Falhas/Dataset/dataset_74_2000/images/img_0130.npy,/home/grva-mint/Projects/Falhas/Dataset/dataset_74_2000/masks/img_0130.npy
img_0131.npy,0.0,1.0,0.49976134,0.2049141,0,1,"(128, 128, 128)",/home/grva-mint/Projects/Falhas/Dataset/dataset_74_2000/images/img_0131.npy,/home/grva-mint/Projects/Falhas/Dataset/dataset_74_2000/masks/img_0131.npy
img_0132.npy,0.0,1.0,0.50303775,0.19524132,0,1,"(128, 128, 128)",/home/grva-mint/Projects/Falhas/Dataset/dataset_74_2000/images/img_0132.npy,/home/grva-mint/Projects/Falhas/Dataset/dataset_74_2000/masks/img_0132.npy
img_0133.npy,0.0,1.0,0.5006629,0.20101604,0,1,"(128, 128, 128)",/home/grva-mint/Projects/Falhas/Dataset/dataset_74_2000/images/img_0133.npy,/home/grva-mint/Projects/Falhas/Dataset/dataset_74_2000/masks/img_0133.npy
img_0134.npy,0.0,1.0,0.501752,0.20127814,0,1,"(128, 128, 128)",/home/grva-mint/Projects/Falhas/Dataset/dataset_74_2000/images/img_0134.npy,/home/grva-mint/Projects/Falhas/Dataset/dataset_74_2000/masks/img_0134.npy
img_0135.npy,0.0,1.0,0.49993786,0.20629543,0,1,"(128, 128, 128)",/home/grva-mint/Projects/Falhas/Dataset/dataset_74_2000/images/img_0135.npy,/home/grva-mint/Projects/Falhas/Dataset/dataset_74_2000/masks/img_0135.npy
img_0136.npy,0.0,1.0,0.4997136,0.20519733,0,1,"(128, 128, 128)",/home/grva-mint/Projects/Falhas/Dataset/dataset_74_2000/images/img_0136.npy,/home/grva-mint/Projects/Falhas/Dataset/dataset_74_2000/masks/img_0136.npy
img_0137.npy,0.0,1.0,0.4991822,0.20452791,0,1,"(128, 128, 128)",/home/grva-mint/Projects/Falhas/Dataset/dataset_74_2000/images/img_0137.npy,/home/grva-mint/Projects/Falhas/Dataset/dataset_74_2000/masks/img_0137.npy
img_0138.npy,0.0,1.0,0.5009312,0.20336936,0,1,"(128, 128, 128)",/home/grva-mint/Projects/Falhas/Dataset/dataset_74_2000/images/img_0138.npy,/home/grva-mint/Projects/Falhas/Dataset/dataset_74_2000/masks/img_0138.npy
img_0139.npy,0.0,1.0,0.49879262,0.200815,0,1,"(128, 128, 128)",/home/grva-mint/Projects/Falhas/Dataset/dataset_74_2000/images/img_0139.npy,/home/grva-mint/Projects/Falhas/Dataset/dataset_74_2000/masks/img_0139.npy
img_0140.npy,0.0,1.0,0.49997985,0.20502257,0,1,"(128, 128, 128)",/home/grva-mint/Projects/Falhas/Dataset/dataset_74_2000/images/img_0140.npy,/home/grva-mint/Projects/Falhas/Dataset/dataset_74_2000/masks/img_0140.npy
img_0141.npy,0.0,1.0,0.49722067,0.19734262,0,1,"(128, 128, 128)",/home/grva-mint/Projects/Falhas/Dataset/dataset_74_2000/images/img_0141.npy,/home/grva-mint/Projects/Falhas/Dataset/dataset_74_2000/masks/img_0141.npy
img_0142.npy,0.0,1.0,0.49994543,0.206225,0,1,"(128, 128, 128)",/home/grva-mint/Projects/Falhas/Dataset/dataset_74_2000/images/img_0142.npy,/home/grva-mint/Projects/Falhas/Dataset/dataset_74_2000/masks/img_0142.npy
img_0143.npy,0.0,1.0,0.49945024,0.20448284,0,1,"(128, 128, 128)",/home/grva-mint/Projects/Falhas/Dataset/dataset_74_2000/images/img_0143.npy,/home/grva-mint/Projects/Falhas/Dataset/dataset_74_2000/masks/img_0143.npy
img_0144.npy,0.0,1.0,0.500378,0.20066129,0,1,"(128, 128, 128)",/home/grva-mint/Projects/Falhas/Dataset/dataset_74_2000/images/img_0144.npy,/home/grva-mint/Projects/Falhas/Dataset/dataset_74_2000/masks/img_0144.npy
img_0145.npy,0.0,1.0,0.49984294,0.20610158,0,1,"(128, 128, 128)",/home/grva-mint/Projects/Falhas/Dataset/dataset_74_2000/images/img_0145.npy,/home/grva-mint/Projects/Falhas/Dataset/dataset_74_2000/masks/img_0145.npy
img_0146.npy,0.0,1.0,0.4997583,0.20649068,0,1,"(128, 128, 128)",/home/grva-mint/Projects/Falhas/Dataset/dataset_74_2000/images/img_0146.npy,/home/grva-mint/Projects/Falhas/Dataset/dataset_74_2000/masks/img_0146.npy
img_0147.npy,0.0,1.0,0.49987563,0.20293419,0,1,"(128, 128, 128)",/home/grva-mint/Projects/Falhas/Dataset/dataset_74_2000/images/img_0147.npy,/home/grva-mint/Projects/Falhas/Dataset/dataset_74_2000/masks/img_0147.npy
img_0148.npy,0.0,1.0,0.5000227,0.19529481,0,1,"(128, 128, 128)",/home/grva-mint/Projects/Falhas/Dataset/dataset_74_2000/images/img_0148.npy,/home/grva-mint/Projects/Falhas/Dataset/dataset_74_2000/masks/img_0148.npy
img_0149.npy,0.0,1.0,0.4992135,0.20176154,0,1,"(128, 128, 128)",/home/grva-mint/Projects/Falhas/Dataset/dataset_74_2000/images/img_0149.npy,/home/grva-mint/Projects/Falhas/Dataset/dataset_74_2000/masks/img_0149.npy
img_0150.npy,0.0,1.0,0.5005867,0.20456351,0,1,"(128, 128, 128)",/home/grva-mint/Projects/Falhas/Dataset/dataset_74_2000/images/img_0150.npy,/home/grva-mint/Projects/Falhas/Dataset/dataset_74_2000/masks/img_0150.npy
img_0151.npy,0.0,1.0,0.50044477,0.20428653,0,1,"(128, 128, 128)",/home/grva-mint/Projects/Falhas/Dataset/dataset_74_2000/images/img_0151.npy,/home/grva-mint/Projects/Falhas/Dataset/dataset_74_2000/masks/img_0151.npy
img_0152.npy,0.0,1.0,0.5000218,0.20654799,0,0,"(128, 128, 128)",/home/grva-mint/Projects/Falhas/Dataset/dataset_74_2000/images/img_0152.npy,/home/grva-mint/Projects/Falhas/Dataset/dataset_74_2000/masks/img_0152.npy
img_0153.npy,0.0,1.0,0.5001395,0.2060642,0,1,"(128, 128, 128)",/home/grva-mint/Projects/Falhas/Dataset/dataset_74_2000/images/img_0153.npy,/home/grva-mint/Projects/Falhas/Dataset/dataset_74_2000/masks/img_0153.npy
img_0154.npy,0.0,1.0,0.4990416,0.20165202,0,1,"(128, 128, 128)",/home/grva-mint/Projects/Falhas/Dataset/dataset_74_2000/images/img_0154.npy,/home/grva-mint/Projects/Falhas/Dataset/dataset_74_2000/masks/img_0154.npy
img_0155.npy,0.0,1.0,0.4994874,0.2039393,0,1,"(128, 128, 128)",/home/grva-mint/Projects/Falhas/Dataset/dataset_74_2000/images/img_0155.npy,/home/grva-mint/Projects/Falhas/Dataset/dataset_74_2000/masks/img_0155.npy
img_0156.npy,0.0,1.0,0.49800032,0.19681829,0,0,"(128, 128, 128)",/home/grva-mint/Projects/Falhas/Dataset/dataset_74_2000/images/img_0156.npy,/home/grva-mint/Projects/Falhas/Dataset/dataset_74_2000/masks/img_0156.npy
img_0157.npy,0.0,1.0,0.49927238,0.19860992,0,1,"(128, 128, 128)",/home/grva-mint/Projects/Falhas/Dataset/dataset_74_2000/images/img_0157.npy,/home/grva-mint/Projects/Falhas/Dataset/dataset_74_2000/masks/img_0157.npy
img_0158.npy,0.0,1.0,0.5004705,0.20534505,0,0,"(128, 128, 128)",/home/grva-mint/Projects/Falhas/Dataset/dataset_74_2000/images/img_0158.npy,/home/grva-mint/Projects/Falhas/Dataset/dataset_74_2000/masks/img_0158.npy
img_0159.npy,0.0,1.0,0.5022975,0.19688219,0,1,"(128, 128, 128)",/home/grva-mint/Projects/Falhas/Dataset/dataset_74_2000/images/img_0159.npy,/home/grva-mint/Projects/Falhas/Dataset/dataset_74_2000/masks/img_0159.npy
img_0160.npy,0.0,1.0,0.50015324,0.20360802,0,1,"(128, 128, 128)",/home/grva-mint/Projects/Falhas/Dataset/dataset_74_2000/images/img_0160.npy,/home/grva-mint/Projects/Falhas/Dataset/dataset_74_2000/masks/img_0160.npy
img_0161.npy,0.0,1.0,0.5000037,0.20578103,0,1,"(128, 128, 128)",/home/grva-mint/Projects/Falhas/Dataset/dataset_74_2000/images/img_0161.npy,/home/grva-mint/Projects/Falhas/Dataset/dataset_74_2000/masks/img_0161.npy
img_0162.npy,0.0,1.0,0.4997065,0.20200787,0,1,"(128, 128, 128)",/home/grva-mint/Projects/Falhas/Dataset/dataset_74_2000/images/img_0162.npy,/home/grva-mint/Projects/Falhas/Dataset/dataset_74_2000/masks/img_0162.npy
img_0163.npy,0.0,1.0,0.49875435,0.20327376,0,1,"(128, 128, 128)",/home/grva-mint/Projects/Falhas/Dataset/dataset_74_2000/images/img_0163.npy,/home/grva-mint/Projects/Falhas/Dataset/dataset_74_2000/masks/img_0163.npy
img_0164.npy,0.0,1.0,0.5001456,0.20331089,0,1,"(128, 128, 128)",/home/grva-mint/Projects/Falhas/Dataset/dataset_74_2000/images/img_0164.npy,/home/grva-mint/Projects/Falhas/Dataset/dataset_74_2000/masks/img_0164.npy
img_0165.npy,0.0,1.0,0.5028223,0.19706014,0,1,"(128, 128, 128)",/home/grva-mint/Projects/Falhas/Dataset/dataset_74_2000/images/img_0165.npy,/home/grva-mint/Projects/Falhas/Dataset/dataset_74_2000/masks/img_0165.npy
img_0166.npy,0.0,1.0,0.5003273,0.20329116,0,1,"(128, 128, 128)",/home/grva-mint/Projects/Falhas/Dataset/dataset_74_2000/images/img_0166.npy,/home/grva-mint/Projects/Falhas/Dataset/dataset_74_2000/masks/img_0166.npy
img_0167.npy,0.0,1.0,0.49968082,0.20583777,0,0,"(128, 128, 128)",/home/grva-mint/Projects/Falhas/Dataset/dataset_74_2000/images/img_0167.npy,/home/grva-mint/Projects/Falhas/Dataset/dataset_74_2000/masks/img_0167.npy
img_0168.npy,0.0,1.0,0.5002244,0.20412572,0,1,"(128, 128, 128)",/home/grva-mint/Projects/Falhas/Dataset/dataset_74_2000/images/img_0168.npy,/home/grva-mint/Projects/Falhas/Dataset/dataset_74_2000/masks/img_0168.npy
img_0169.npy,0.0,1.0,0.5001015,0.20512046,0,1,"(128, 128, 128)",/home/grva-mint/Projects/Falhas/Dataset/dataset_74_2000/images/img_0169.npy,/home/grva-mint/Projects/Falhas/Dataset/dataset_74_2000/masks/img_0169.npy
img_0170.npy,0.0,1.0,0.49880934,0.20293069,0,1,"(128, 128, 128)",/home/grva-mint/Projects/Falhas/Dataset/dataset_74_2000/images/img_0170.npy,/home/grva-mint/Projects/Falhas/Dataset/dataset_74_2000/masks/img_0170.npy
img_0171.npy,0.0,1.0,0.50225806,0.1984285,0,1,"(128, 128, 128)",/home/grva-mint/Projects/Falhas/Dataset/dataset_74_2000/images/img_0171.npy,/home/grva-mint/Projects/Falhas/Dataset/dataset_74_2000/masks/img_0171.npy
img_0172.npy,0.0,1.0,0.50067025,0.20364513,0,1,"(128, 128, 128)",/home/grva-mint/Projects/Falhas/Dataset/dataset_74_2000/images/img_0172.npy,/home/grva-mint/Projects/Falhas/Dataset/dataset_74_2000/masks/img_0172.npy
img_0173.npy,0.0,1.0,0.5000744,0.20579463,0,0,"(128, 128, 128)",/home/grva-mint/Projects/Falhas/Dataset/dataset_74_2000/images/img_0173.npy,/home/grva-mint/Projects/Falhas/Dataset/dataset_74_2000/masks/img_0173.npy
img_0174.npy,0.0,1.0,0.49894303,0.1981527,0,1,"(128, 128, 128)",/home/grva-mint/Projects/Falhas/Dataset/dataset_74_2000/images/img_0174.npy,/home/grva-mint/Projects/Falhas/Dataset/dataset_74_2000/masks/img_0174.npy
img_0175.npy,0.0,1.0,0.49942657,0.20364136,0,1,"(128, 128, 128)",/home/grva-mint/Projects/Falhas/Dataset/dataset_74_2000/images/img_0175.npy,/home/grva-mint/Projects/Falhas/Dataset/dataset_74_2000/masks/img_0175.npy
img_0176.npy,0.0,1.0,0.50022143,0.20334908,0,0,"(128, 128, 128)",/home/grva-mint/Projects/Falhas/Dataset/dataset_74_2000/images/img_0176.npy,/home/grva-mint/Projects/Falhas/Dataset/dataset_74_2000/masks/img_0176.npy
img_0177.npy,0.0,1.0,0.49981248,0.20326649,0,1,"(128, 128, 128)",/home/grva-mint/Projects/Falhas/Dataset/dataset_74_2000/images/img_0177.npy,/home/grva-mint/Projects/Falhas/Dataset/dataset_74_2000/masks/img_0177.npy
img_0178.npy,0.0,1.0,0.5010591,0.20265971,0,1,"(128, 128, 128)",/home/grva-mint/Projects/Falhas/Dataset/dataset_74_2000/images/img_0178.npy,/home/grva-mint/Projects/Falhas/Dataset/dataset_74_2000/masks/img_0178.npy
img_0179.npy,0.0,1.0,0.49980775,0.2049599,0,1,"(128, 128, 128)",/home/grva-mint/Projects/Falhas/Dataset/dataset_74_2000/images/img_0179.npy,/home/grva-mint/Projects/Falhas/Dataset/dataset_74_2000/masks/img_0179.npy
img_0180.npy,0.0,1.0,0.50000364,0.20471269,0,1,"(128, 128, 128)",/home/grva-mint/Projects/Falhas/Dataset/dataset_74_2000/images/img_0180.npy,/home/grva-mint/Projects/Falhas/Dataset/dataset_74_2000/masks/img_0180.npy
img_0181.npy,0.0,1.0,0.499823,0.20643565,0,1,"(128, 128, 128)",/home/grva-mint/Projects/Falhas/Dataset/dataset_74_2000/images/img_0181.npy,/home/grva-mint/Projects/Falhas/Dataset/dataset_74_2000/masks/img_0181.npy
img_0182.npy,0.0,1.0,0.50019735,0.20150752,0,1,"(128, 128, 128)",/home/grva-mint/Projects/Falhas/Dataset/dataset_74_2000/images/img_0182.npy,/home/grva-mint/Projects/Falhas/Dataset/dataset_74_2000/masks/img_0182.npy
img_0183.npy,0.0,1.0,0.49972957,0.20618205,0,1,"(128, 128, 128)",/home/grva-mint/Projects/Falhas/Dataset/dataset_74_2000/images/img_0183.npy,/home/grva-mint/Projects/Falhas/Dataset/dataset_74_2000/masks/img_0183.npy
img_0184.npy,0.0,1.0,0.50062,0.20120054,0,1,"(128, 128, 128)",/home/grva-mint/Projects/Falhas/Dataset/dataset_74_2000/images/img_0184.npy,/home/grva-mint/Projects/Falhas/Dataset/dataset_74_2000/masks/img_0184.npy
img_0185.npy,0.0,1.0,0.49986556,0.20511863,0,1,"(128, 128, 128)",/home/grva-mint/Projects/Falhas/Dataset/dataset_74_2000/images/img_0185.npy,/home/grva-mint/Projects/Falhas/Dataset/dataset_74_2000/masks/img_0185.npy
img_0186.npy,0.0,1.0,0.49885118,0.20184445,0,1,"(128, 128, 128)",/home/grva-mint/Projects/Falhas/Dataset/dataset_74_2000/images/img_0186.npy,/home/grva-mint/Projects/Falhas/Dataset/dataset_74_2000/masks/img_0186.npy
img_0187.npy,0.0,1.0,0.49988765,0.20460257,0,1,"(128, 128, 128)",/home/grva-mint/Projects/Falhas/Dataset/dataset_74_2000/images/img_0187.npy,/home/grva-mint/Projects/Falhas/Dataset/dataset_74_2000/masks/img_0187.npy
img_0188.npy,0.0,1.0,0.49968848,0.20468146,0,1,"(128, 128, 128)",/home/grva-mint/Projects/Falhas/Dataset/dataset_74_2000/images/img_0188.npy,/home/grva-mint/Projects/Falhas/Dataset/dataset_74_2000/masks/img_0188.npy
img_0189.npy,0.0,1.0,0.5005043,0.20080017,0,1,"(128, 128, 128)",/home/grva-mint/Projects/Falhas/Dataset/dataset_74_2000/images/img_0189.npy,/home/grva-mint/Projects/Falhas/Dataset/dataset_74_2000/masks/img_0189.npy
img_0190.npy,0.0,1.0,0.50027806,0.20553446,0,1,"(128, 128, 128)",/home/grva-mint/Projects/Falhas/Dataset/dataset_74_2000/images/img_0190.npy,/home/grva-mint/Projects/Falhas/Dataset/dataset_74_2000/masks/img_0190.npy
img_0191.npy,0.0,1.0,0.49908042,0.2044431,0,1,"(128, 128, 128)",/home/grva-mint/Projects/Falhas/Dataset/dataset_74_2000/images/img_0191.npy,/home/grva-mint/Projects/Falhas/Dataset/dataset_74_2000/masks/img_0191.npy
img_0192.npy,0.0,1.0,0.49996182,0.20663081,0,1,"(128, 128, 128)",/home/grva-mint/Projects/Falhas/Dataset/dataset_74_2000/images/img_0192.npy,/home/grva-mint/Projects/Falhas/Dataset/dataset_74_2000/masks/img_0192.npy
img_0193.npy,0.0,1.0,0.4976793,0.19526863,0,1,"(128, 128, 128)",/home/grva-mint/Projects/Falhas/Dataset/dataset_74_2000/images/img_0193.npy,/home/grva-mint/Projects/Falhas/Dataset/dataset_74_2000/masks/img_0193.npy
img_0194.npy,0.0,1.0,0.50032866,0.20355612,0,1,"(128, 128, 128)",/home/grva-mint/Projects/Falhas/Dataset/dataset_74_2000/images/img_0194.npy,/home/grva-mint/Projects/Falhas/Dataset/dataset_74_2000/masks/img_0194.npy
img_0195.npy,0.0,1.0,0.50000226,0.20620999,0,0,"(128, 128, 128)",/home/grva-mint/Projects/Falhas/Dataset/dataset_74_2000/images/img_0195.npy,/home/grva-mint/Projects/Falhas/Dataset/dataset_74_2000/masks/img_0195.npy
img_0196.npy,0.0,1.0,0.5017146,0.19803491,0,1,"(128, 128, 128)",/home/grva-mint/Projects/Falhas/Dataset/dataset_74_2000/images/img_0196.npy,/home/grva-mint/Projects/Falhas/Dataset/dataset_74_2000/masks/img_0196.npy
img_0197.npy,0.0,1.0,0.5008524,0.2036211,0,1,"(128, 128, 128)",/home/grva-mint/Projects/Falhas/Dataset/dataset_74_2000/images/img_0197.npy,/home/grva-mint/Projects/Falhas/Dataset/dataset_74_2000/masks/img_0197.npy
img_0198.npy,0.0,1.0,0.49930698,0.20331287,0,1,"(128, 128, 128)",/home/grva-mint/Projects/Falhas/Dataset/dataset_74_2000/images/img_0198.npy,/home/grva-mint/Projects/Falhas/Dataset/dataset_74_2000/masks/img_0198.npy
img_0199.npy,0.0,1.0,0.500053,0.2019226,0,1,"(128, 128, 128)",/home/grva-mint/Projects/Falhas/Dataset/dataset_74_2000/images/img_0199.npy,/home/grva-mint/Projects/Falhas/Dataset/dataset_74_2000/masks/img_0199.npy
img_0200.npy,0.0,1.0,0.5003988,0.20287873,0,1,"(128, 128, 128)",/home/grva-mint/Projects/Falhas/Dataset/dataset_74_2000/images/img_0200.npy,/home/grva-mint/Projects/Falhas/Dataset/dataset_74_2000/masks/img_0200.npy
img_0201.npy,0.0,1.0,0.49964988,0.20497267,0,0,"(128, 128, 128)",/home/grva-mint/Projects/Falhas/Dataset/dataset_74_2000/images/img_0201.npy,/home/grva-mint/Projects/Falhas/Dataset/dataset_74_2000/masks/img_0201.npy
img_0202.npy,0.0,1.0,0.50015324,0.20593594,0,1,"(128, 128, 128)",/home/grva-mint/Projects/Falhas/Dataset/dataset_74_2000/images/img_0202.npy,/home/grva-mint/Projects/Falhas/Dataset/dataset_74_2000/masks/img_0202.npy
img_0203.npy,0.0,1.0,0.49839628,0.20068796,0,1,"(128, 128, 128)",/home/grva-mint/Projects/Falhas/Dataset/dataset_74_2000/images/img_0203.npy,/home/grva-mint/Projects/Falhas/Dataset/dataset_74_2000/masks/img_0203.npy
img_0204.npy,0.0,1.0,0.50018114,0.2052964,0,1,"(128, 128, 128)",/home/grva-mint/Projects/Falhas/Dataset/dataset_74_2000/images/img_0204.npy,/home/grva-mint/Projects/Falhas/Dataset/dataset_74_2000/masks/img_0204.npy
img_0205.npy,0.0,1.0,0.5002233,0.20591034,0,1,"(128, 128, 128)",/home/grva-mint/Projects/Falhas/Dataset/dataset_74_2000/images/img_0205.npy,/home/grva-mint/Projects/Falhas/Dataset/dataset_74_2000/masks/img_0205.npy
img_0206.npy,0.0,1.0,0.49987978,0.20527628,0,1,"(128, 128, 128)",/home/grva-mint/Projects/Falhas/Dataset/dataset_74_2000/images/img_0206.npy,/home/grva-mint/Projects/Falhas/Dataset/dataset_74_2000/masks/img_0206.npy
img_0207.npy,0.0,1.0,0.5002056,0.20441926,0,1,"(128, 128, 128)",/home/grva-mint/Projects/Falhas/Dataset/dataset_74_2000/images/img_0207.npy,/home/grva-mint/Projects/Falhas/Dataset/dataset_74_2000/masks/img_0207.npy
img_0208.npy,0.0,1.0,0.49822685,0.19253281,0,1,"(128, 128, 128)",/home/grva-mint/Projects/Falhas/Dataset/dataset_74_2000/images/img_0208.npy,/home/grva-mint/Projects/Falhas/Dataset/dataset_74_2000/masks/img_0208.npy
img_0209.npy,0.0,1.0,0.498521,0.1853324,0,1,"(128, 128, 128)",/home/grva-mint/Projects/Falhas/Dataset/dataset_74_2000/images/img_0209.npy,/home/grva-mint/Projects/Falhas/Dataset/dataset_74_2000/masks/img_0209.npy
img_0210.npy,0.0,1.0,0.49983707,0.19505207,0,1,"(128, 128, 128)",/home/grva-mint/Projects/Falhas/Dataset/dataset_74_2000/images/img_0210.npy,/home/grva-mint/Projects/Falhas/Dataset/dataset_74_2000/masks/img_0210.npy
img_0211.npy,0.0,1.0,0.500837,0.20192273,0,1,"(128, 128, 128)",/home/grva-mint/Projects/Falhas/Dataset/dataset_74_2000/images/img_0211.npy,/home/grva-mint/Projects/Falhas/Dataset/dataset_74_2000/masks/img_0211.npy
img_0212.npy,0.0,1.0,0.49990907,0.20554797,0,1,"(128, 128, 128)",/home/grva-mint/Projects/Falhas/Dataset/dataset_74_2000/images/img_0212.npy,/home/grva-mint/Projects/Falhas/Dataset/dataset_74_2000/masks/img_0212.npy
img_0213.npy,0.0,1.0,0.50044614,0.20306593,0,1,"(128, 128, 128)",/home/grva-mint/Projects/Falhas/Dataset/dataset_74_2000/images/img_0213.npy,/home/grva-mint/Projects/Falhas/Dataset/dataset_74_2000/masks/img_0213.npy
img_0214.npy,0.0,1.0,0.5020597,0.19865818,0,1,"(128, 128, 128)",/home/grva-mint/Projects/Falhas/Dataset/dataset_74_2000/images/img_0214.npy,/home/grva-mint/Projects/Falhas/Dataset/dataset_74_2000/masks/img_0214.npy
img_0215.npy,0.0,1.0,0.4998616,0.20646448,0,1,"(128, 128, 128)",/home/grva-mint/Projects/Falhas/Dataset/dataset_74_2000/images/img_0215.npy,/home/grva-mint/Projects/Falhas/Dataset/dataset_74_2000/masks/img_0215.npy
img_0216.npy,0.0,1.0,0.49938732,0.20227887,0,1,"(128, 128, 128)",/home/grva-mint/Projects/Falhas/Dataset/dataset_74_2000/images/img_0216.npy,/home/grva-mint/Projects/Falhas/Dataset/dataset_74_2000/masks/img_0216.npy
img_0217.npy,0.0,1.0,0.5005198,0.20324379,0,1,"(128, 128, 128)",/home/grva-mint/Projects/Falhas/Dataset/dataset_74_2000/images/img_0217.npy,/home/grva-mint/Projects/Falhas/Dataset/dataset_74_2000/masks/img_0217.npy
img_0218.npy,0.0,1.0,0.5005612,0.2050669,0,1,"(128, 128, 128)",/home/grva-mint/Projects/Falhas/Dataset/dataset_74_2000/images/img_0218.npy,/home/grva-mint/Projects/Falhas/Dataset/dataset_74_2000/masks/img_0218.npy
img_0219.npy,0.0,1.0,0.49855757,0.19941494,0,1,"(128, 128, 128)",/home/grva-mint/Projects/Falhas/Dataset/dataset_74_2000/images/img_0219.npy,/home/grva-mint/Projects/Falhas/Dataset/dataset_74_2000/masks/img_0219.npy
img_0220.npy,0.0,1.0,0.49939346,0.20478441,0,1,"(128, 128, 128)",/home/grva-mint/Projects/Falhas/Dataset/dataset_74_2000/images/img_0220.npy,/home/grva-mint/Projects/Falhas/Dataset/dataset_74_2000/masks/img_0220.npy
img_0221.npy,0.0,1.0,0.4999718,0.20671406,0,0,"(128, 128, 128)",/home/grva-mint/Projects/Falhas/Dataset/dataset_74_2000/images/img_0221.npy,/home/grva-mint/Projects/Falhas/Dataset/dataset_74_2000/masks/img_0221.npy
img_0222.npy,0.0,1.0,0.49957398,0.18484776,0,0,"(128, 128, 128)",/home/grva-mint/Projects/Falhas/Dataset/dataset_74_2000/images/img_0222.npy,/home/grva-mint/Projects/Falhas/Dataset/dataset_74_2000/masks/img_0222.npy
img_0223.npy,0.0,1.0,0.49913514,0.20418575,0,1,"(128, 128, 128)",/home/grva-mint/Projects/Falhas/Dataset/dataset_74_2000/images/img_0223.npy,/home/grva-mint/Projects/Falhas/Dataset/dataset_74_2000/masks/img_0223.npy
img_0224.npy,0.0,1.0,0.4999677,0.20569535,0,1,"(128, 128, 128)",/home/grva-mint/Projects/Falhas/Dataset/dataset_74_2000/images/img_0224.npy,/home/grva-mint/Projects/Falhas/Dataset/dataset_74_2000/masks/img_0224.npy
img_0225.npy,0.0,1.0,0.49809635,0.20100428,0,0,"(128, 128, 128)",/home/grva-mint/Projects/Falhas/Dataset/dataset_74_2000/images/img_0225.npy,/home/grva-mint/Projects/Falhas/Dataset/dataset_74_2000/masks/img_0225.npy
img_0226.npy,0.0,1.0,0.4999455,0.20664434,0,1,"(128, 128, 128)",/home/grva-mint/Projects/Falhas/Dataset/dataset_74_2000/images/img_0226.npy,/home/grva-mint/Projects/Falhas/Dataset/dataset_74_2000/masks/img_0226.npy
img_0227.npy,0.0,1.0,0.49888465,0.20175084,0,0,"(128, 128, 128)",/home/grva-mint/Projects/Falhas/Dataset/dataset_74_2000/images/img_0227.npy,/home/grva-mint/Projects/Falhas/Dataset/dataset_74_2000/masks/img_0227.npy
img_0228.npy,0.0,1.0,0.50002867,0.20441745,0,1,"(128, 128, 128)",/home/grva-mint/Projects/Falhas/Dataset/dataset_74_2000/images/img_0228.npy,/home/grva-mint/Projects/Falhas/Dataset/dataset_74_2000/masks/img_0228.npy
img_0229.npy,0.0,1.0,0.49933854,0.2005369,0,1,"(128, 128, 128)",/home/grva-mint/Projects/Falhas/Dataset/dataset_74_2000/images/img_0229.npy,/home/grva-mint/Projects/Falhas/Dataset/dataset_74_2000/masks/img_0229.npy
img_0230.npy,0.0,1.0,0.49951297,0.19985004,0,1,"(128, 128, 128)",/home/grva-mint/Projects/Falhas/Dataset/dataset_74_2000/images/img_0230.npy,/home/grva-mint/Projects/Falhas/Dataset/dataset_74_2000/masks/img_0230.npy
img_0231.npy,0.0,1.0,0.4995319,0.20359245,0,1,"(128, 128, 128)",/home/grva-mint/Projects/Falhas/Dataset/dataset_74_2000/images/img_0231.npy,/home/grva-mint/Projects/Falhas/Dataset/dataset_74_2000/masks/img_0231.npy
img_0232.npy,0.0,1.0,0.49878478,0.19980183,0,0,"(128, 128, 128)",/home/grva-mint/Projects/Falhas/Dataset/dataset_74_2000/images/img_0232.npy,/home/grva-mint/Projects/Falhas/Dataset/dataset_74_2000/masks/img_0232.npy
img_0233.npy,0.0,1.0,0.50039154,0.2032021,0,1,"(128, 128, 128)",/home/grva-mint/Projects/Falhas/Dataset/dataset_74_2000/images/img_0233.npy,/home/grva-mint/Projects/Falhas/Dataset/dataset_74_2000/masks/img_0233.npy
img_0234.npy,0.0,1.0,0.49954787,0.20470898,0,1,"(128, 128, 128)",/home/grva-mint/Projects/Falhas/Dataset/dataset_74_2000/images/img_0234.npy,/home/grva-mint/Projects/Falhas/Dataset/dataset_74_2000/masks/img_0234.npy
img_0235.npy,0.0,1.0,0.49989933,0.2058735,0,1,"(128, 128, 128)",/home/grva-mint/Projects/Falhas/Dataset/dataset_74_2000/images/img_0235.npy,/home/grva-mint/Projects/Falhas/Dataset/dataset_74_2000/masks/img_0235.npy
img_0236.npy,0.0,1.0,0.49973536,0.20639367,0,1,"(128, 128, 128)",/home/grva-mint/Projects/Falhas/Dataset/dataset_74_2000/images/img_0236.npy,/home/grva-mint/Projects/Falhas/Dataset/dataset_74_2000/masks/img_0236.npy
img_0237.npy,0.0,1.0,0.5001974,0.20122732,0,1,"(128, 128, 128)",/home/grva-mint/Projects/Falhas/Dataset/dataset_74_2000/images/img_0237.npy,/home/grva-mint/Projects/Falhas/Dataset/dataset_74_2000/masks/img_0237.npy
img_0238.npy,0.0,1.0,0.50001144,0.20630497,0,0,"(128, 128, 128)",/home/grva-mint/Projects/Falhas/Dataset/dataset_74_2000/images/img_0238.npy,/home/grva-mint/Projects/Falhas/Dataset/dataset_74_2000/masks/img_0238.npy
img_0239.npy,0.0,1.0,0.50021416,0.20477264,0,1,"(128, 128, 128)",/home/grva-mint/Projects/Falhas/Dataset/dataset_74_2000/images/img_0239.npy,/home/grva-mint/Projects/Falhas/Dataset/dataset_74_2000/masks/img_0239.npy
img_0240.npy,0.0,1.0,0.4996942,0.20302102,0,1,"(128, 128, 128)",/home/grva-mint/Projects/Falhas/Dataset/dataset_74_2000/images/img_0240.npy,/home/grva-mint/Projects/Falhas/Dataset/dataset_74_2000/masks/img_0240.npy
img_0241.npy,0.0,1.0,0.49970964,0.20384045,0,1,"(128, 128, 128)",/home/grva-mint/Projects/Falhas/Dataset/dataset_74_2000/images/img_0241.npy,/home/grva-mint/Projects/Falhas/Dataset/dataset_74_2000/masks/img_0241.npy
img_0242.npy,0.0,1.0,0.49801162,0.19968508,0,1,"(128, 128, 128)",/home/grva-mint/Projects/Falhas/Dataset/dataset_74_2000/images/img_0242.npy,/home/grva-mint/Projects/Falhas/Dataset/dataset_74_2000/masks/img_0242.npy
img_0243.npy,0.0,1.0,0.49961704,0.20544009,0,1,"(128, 128, 128)",/home/grva-mint/Projects/Falhas/Dataset/dataset_74_2000/images/img_0243.npy,/home/grva-mint/Projects/Falhas/Dataset/dataset_74_2000/masks/img_0243.npy
img_0244.npy,0.0,1.0,0.49976465,0.20572008,0,1,"(128, 128, 128)",/home/grva-mint/Projects/Falhas/Dataset/dataset_74_2000/images/img_0244.npy,/home/grva-mint/Projects/Falhas/Dataset/dataset_74_2000/masks/img_0244.npy
img_0245.npy,0.0,1.0,0.499749,0.20511672,0,1,"(128, 128, 128)",/home/grva-mint/Projects/Falhas/Dataset/dataset_74_2000/images/img_0245.npy,/home/grva-mint/Projects/Falhas/Dataset/dataset_74_2000/masks/img_0245.npy
img_0246.npy,0.0,1.0,0.500296,0.2053109,0,1,"(128, 128, 128)",/home/grva-mint/Projects/Falhas/Dataset/dataset_74_2000/images/img_0246.npy,/home/grva-mint/Projects/Falhas/Dataset/dataset_74_2000/masks/img_0246.npy
img_0247.npy,0.0,1.0,0.49988195,0.20604438,0,1,"(128, 128, 128)",/home/grva-mint/Projects/Falhas/Dataset/dataset_74_2000/images/img_0247.npy,/home/grva-mint/Projects/Falhas/Dataset/dataset_74_2000/masks/img_0247.npy
img_0248.npy,0.0,1.0,0.5005556,0.1969627,0,0,"(128, 128, 128)",/home/grva-mint/Projects/Falhas/Dataset/dataset_74_2000/images/img_0248.npy,/home/grva-mint/Projects/Falhas/Dataset/dataset_74_2000/masks/img_0248.npy
img_0249.npy,0.0,1.0,0.4999825,0.20664096,0,0,"(128, 128, 128)",/home/grva-mint/Projects/Falhas/Dataset/dataset_74_2000/images/img_0249.npy,/home/grva-mint/Projects/Falhas/Dataset/dataset_74_2000/masks/img_0249.npy
img_0250.npy,0.0,1.0,0.49950778,0.2056729,0,1,"(128, 128, 128)",/home/grva-mint/Projects/Falhas/Dataset/dataset_74_2000/images/img_0250.npy,/home/grva-mint/Projects/Falhas/Dataset/dataset_74_2000/masks/img_0250.npy
img_0251.npy,0.0,1.0,0.49753293,0.19628492,0,1,"(128, 128, 128)",/home/grva-mint/Projects/Falhas/Dataset/dataset_74_2000/images/img_0251.npy,/home/grva-mint/Projects/Falhas/Dataset/dataset_74_2000/masks/img_0251.npy
img_0252.npy,0.0,1.0,0.49991155,0.2032755,0,1,"(128, 128, 128)",/home/grva-mint/Projects/Falhas/Dataset/dataset_74_2000/images/img_0252.npy,/home/grva-mint/Projects/Falhas/Dataset/dataset_74_2000/masks/img_0252.npy
img_0253.npy,0.0,1.0,0.5001931,0.20450959,0,1,"(128, 128, 128)",/home/grva-mint/Projects/Falhas/Dataset/dataset_74_2000/images/img_0253.npy,/home/grva-mint/Projects/Falhas/Dataset/dataset_74_2000/masks/img_0253.npy
img_0254.npy,0.0,1.0,0.50038904,0.20245661,0,1,"(128, 128, 128)",/home/grva-mint/Projects/Falhas/Dataset/dataset_74_2000/images/img_0254.npy,/home/grva-mint/Projects/Falhas/Dataset/dataset_74_2000/masks/img_0254.npy
img_0255.npy,0.0,1.0,0.49822533,0.19749297,0,1,"(128, 128, 128)",/home/grva-mint/Projects/Falhas/Dataset/dataset_74_2000/images/img_0255.npy,/home/grva-mint/Projects/Falhas/Dataset/dataset_74_2000/masks/img_0255.npy
img_0256.npy,0.0,1.0,0.5002653,0.20379956,0,1,"(128, 128, 128)",/home/grva-mint/Projects/Falhas/Dataset/dataset_74_2000/images/img_0256.npy,/home/grva-mint/Projects/Falhas/Dataset/dataset_74_2000/masks/img_0256.npy
img_0257.npy,0.0,1.0,0.49951982,0.20562579,0,1,"(128, 128, 128)",/home/grva-mint/Projects/Falhas/Dataset/dataset_74_2000/images/img_0257.npy,/home/grva-mint/Projects/Falhas/Dataset/dataset_74_2000/masks/img_0257.npy
img_0258.npy,0.0,1.0,0.500722,0.20419767,0,1,"(128, 128, 128)",/home/grva-mint/Projects/Falhas/Dataset/dataset_74_2000/images/img_0258.npy,/home/grva-mint/Projects/Falhas/Dataset/dataset_74_2000/masks/img_0258.npy
img_0259.npy,0.0,1.0,0.5021412,0.19930343,0,1,"(128, 128, 128)",/home/grva-mint/Projects/Falhas/Dataset/dataset_74_2000/images/img_0259.npy,/home/grva-mint/Projects/Falhas/Dataset/dataset_74_2000/masks/img_0259.npy
img_0260.npy,0.0,1.0,0.49853462,0.19847561,0,1,"(128, 128, 128)",/home/grva-mint/Projects/Falhas/Dataset/dataset_74_2000/images/img_0260.npy,/home/grva-mint/Projects/Falhas/Dataset/dataset_74_2000/masks/img_0260.npy
img_0261.npy,0.0,1.0,0.49945286,0.20092306,0,0,"(128, 128, 128)",/home/grva-mint/Projects/Falhas/Dataset/dataset_74_2000/images/img_0261.npy,/home/grva-mint/Projects/Falhas/Dataset/dataset_74_2000/masks/img_0261.npy
img_0262.npy,0.0,1.0,0.49970764,0.2062678,0,1,"(128, 128, 128)",/home/grva-mint/Projects/Falhas/Dataset/dataset_74_2000/images/img_0262.npy,/home/grva-mint/Projects/Falhas/Dataset/dataset_74_2000/masks/img_0262.npy
img_0263.npy,0.0,1.0,0.4981735,0.19776309,0,1,"(128, 128, 128)",/home/grva-mint/Projects/Falhas/Dataset/dataset_74_2000/images/img_0263.npy,/home/grva-mint/Projects/Falhas/Dataset/dataset_74_2000/masks/img_0263.npy
img_0264.npy,0.0,1.0,0.5001328,0.2034914,0,1,"(128, 128, 128)",/home/grva-mint/Projects/Falhas/Dataset/dataset_74_2000/images/img_0264.npy,/home/grva-mint/Projects/Falhas/Dataset/dataset_74_2000/masks/img_0264.npy
img_0265.npy,0.0,1.0,0.50183594,0.19455943,0,1,"(128, 128, 128)",/home/grva-mint/Projects/Falhas/Dataset/dataset_74_2000/images/img_0265.npy,/home/grva-mint/Projects/Falhas/Dataset/dataset_74_2000/masks/img_0265.npy
img_0266.npy,0.0,1.0,0.4991248,0.20430629,0,1,"(128, 128, 128)",/home/grva-mint/Projects/Falhas/Dataset/dataset_74_2000/images/img_0266.npy,/home/grva-mint/Projects/Falhas/Dataset/dataset_74_2000/masks/img_0266.npy
img_0267.npy,0.0,1.0,0.497826,0.19836298,0,1,"(128, 128, 128)",/home/grva-mint/Projects/Falhas/Dataset/dataset_74_2000/images/img_0267.npy,/home/grva-mint/Projects/Falhas/Dataset/dataset_74_2000/masks/img_0267.npy
img_0268.npy,0.0,1.0,0.4999595,0.20579095,0,1,"(128, 128, 128)",/home/grva-mint/Projects/Falhas/Dataset/dataset_74_2000/images/img_0268.npy,/home/grva-mint/Projects/Falhas/Dataset/dataset_74_2000/masks/img_0268.npy
img_0269.npy,0.0,1.0,0.4999298,0.20526493,0,1,"(128, 128, 128)",/home/grva-mint/Projects/Falhas/Dataset/dataset_74_2000/images/img_0269.npy,/home/grva-mint/Projects/Falhas/Dataset/dataset_74_2000/masks/img_0269.npy
img_0270.npy,0.0,1.0,0.5005718,0.20475547,0,1,"(128, 128, 128)",/home/grva-mint/Projects/Falhas/Dataset/dataset_74_2000/images/img_0270.npy,/home/grva-mint/Projects/Falhas/Dataset/dataset_74_2000/masks/img_0270.npy
img_0271.npy,0.0,1.0,0.5005529,0.20517837,0,1,"(128, 128, 128)",/home/grva-mint/Projects/Falhas/Dataset/dataset_74_2000/images/img_0271.npy,/home/grva-mint/Projects/Falhas/Dataset/dataset_74_2000/masks/img_0271.npy
img_0272.npy,0.0,1.0,0.500591,0.20452827,0,1,"(128, 128, 128)",/home/grva-mint/Projects/Falhas/Dataset/dataset_74_2000/images/img_0272.npy,/home/grva-mint/Projects/Falhas/Dataset/dataset_74_2000/masks/img_0272.npy
img_0273.npy,0.0,1.0,0.5002824,0.2057417,0,0,"(128, 128, 128)",/home/grva-mint/Projects/Falhas/Dataset/dataset_74_2000/images/img_0273.npy,/home/grva-mint/Projects/Falhas/Dataset/dataset_74_2000/masks/img_0273.npy
img_0274.npy,0.0,1.0,0.49966204,0.20447691,0,1,"(128, 128, 128)",/home/grva-mint/Projects/Falhas/Dataset/dataset_74_2000/images/img_0274.npy,/home/grva-mint/Projects/Falhas/Dataset/dataset_74_2000/masks/img_0274.npy
img_0275.npy,0.0,1.0,0.4984018,0.19908105,0,0,"(128, 128, 128)",/home/grva-mint/Projects/Falhas/Dataset/dataset_74_2000/images/img_0275.npy,/home/grva-mint/Projects/Falhas/Dataset/dataset_74_2000/masks/img_0275.npy
img_0276.npy,0.0,1.0,0.50004137,0.20621386,0,1,"(128, 128, 128)",/home/grva-mint/Projects/Falhas/Dataset/dataset_74_2000/images/img_0276.npy,/home/grva-mint/Projects/Falhas/Dataset/dataset_74_2000/masks/img_0276.npy
img_0277.npy,0.0,1.0,0.5005117,0.20331013,0,1,"(128, 128, 128)",/home/grva-mint/Projects/Falhas/Dataset/dataset_74_2000/images/img_0277.npy,/home/grva-mint/Projects/Falhas/Dataset/dataset_74_2000/masks/img_0277.npy
img_0278.npy,0.0,1.0,0.4986643,0.2030351,0,1,"(128, 128, 128)",/home/grva-mint/Projects/Falhas/Dataset/dataset_74_2000/images/img_0278.npy,/home/grva-mint/Projects/Falhas/Dataset/dataset_74_2000/masks/img_0278.npy
img_0279.npy,0.0,1.0,0.49992546,0.20502605,0,1,"(128, 128, 128)",/home/grva-mint/Projects/Falhas/Dataset/dataset_74_2000/images/img_0279.npy,/home/grva-mint/Projects/Falhas/Dataset/dataset_74_2000/masks/img_0279.npy
img_0280.npy,0.0,1.0,0.5004674,0.2052667,0,1,"(128, 128, 128)",/home/grva-mint/Projects/Falhas/Dataset/dataset_74_2000/images/img_0280.npy,/home/grva-mint/Projects/Falhas/Dataset/dataset_74_2000/masks/img_0280.npy
img_0281.npy,0.0,1.0,0.49824283,0.20163144,0,1,"(128, 128, 128)",/home/grva-mint/Projects/Falhas/Dataset/dataset_74_2000/images/img_0281.npy,/home/grva-mint/Projects/Falhas/Dataset/dataset_74_2000/masks/img_0281.npy
img_0282.npy,0.0,1.0,0.49989682,0.20674366,0,0,"(128, 128, 128)",/home/grva-mint/Projects/Falhas/Dataset/dataset_74_2000/images/img_0282.npy,/home/grva-mint/Projects/Falhas/Dataset/dataset_74_2000/masks/img_0282.npy
img_0283.npy,0.0,1.0,0.4998182,0.20312491,0,1,"(128, 128, 128)",/home/grva-mint/Projects/Falhas/Dataset/dataset_74_2000/images/img_0283.npy,/home/grva-mint/Projects/Falhas/Dataset/dataset_74_2000/masks/img_0283.npy
img_0284.npy,0.0,1.0,0.49991512,0.20029914,0,1,"(128, 128, 128)",/home/grva-mint/Projects/Falhas/Dataset/dataset_74_2000/images/img_0284.npy,/home/grva-mint/Projects/Falhas/Dataset/dataset_74_2000/masks/img_0284.npy
img_0285.npy,0.0,1.0,0.49968588,0.20376219,0,0,"(128, 128, 128)",/home/grva-mint/Projects/Falhas/Dataset/dataset_74_2000/images/img_0285.npy,/home/grva-mint/Projects/Falhas/Dataset/dataset_74_2000/masks/img_0285.npy
img_0286.npy,0.0,1.0,0.5008036,0.20423433,0,1,"(128, 128, 128)",/home/grva-mint/Projects/Falhas/Dataset/dataset_74_2000/images/img_0286.npy,/home/grva-mint/Projects/Falhas/Dataset/dataset_74_2000/masks/img_0286.npy
img_0287.npy,0.0,1.0,0.50001794,0.20643784,0,1,"(128, 128, 128)",/home/grva-mint/Projects/Falhas/Dataset/dataset_74_2000/images/img_0287.npy,/home/grva-mint/Projects/Falhas/Dataset/dataset_74_2000/masks/img_0287.npy
img_0288.npy,0.0,1.0,0.49755242,0.19894218,0,0,"(128, 128, 128)",/home/grva-mint/Projects/Falhas/Dataset/dataset_74_2000/images/img_0288.npy,/home/grva-mint/Projects/Falhas/Dataset/dataset_74_2000/masks/img_0288.npy
img_0289.npy,0.0,1.0,0.5000606,0.20239444,0,1,"(128, 128, 128)",/home/grva-mint/Projects/Falhas/Dataset/dataset_74_2000/images/img_0289.npy,/home/grva-mint/Projects/Falhas/Dataset/dataset_74_2000/masks/img_0289.npy
img_0290.npy,0.0,1.0,0.50017804,0.20346628,0,1,"(128, 128, 128)",/home/grva-mint/Projects/Falhas/Dataset/dataset_74_2000/images/img_0290.npy,/home/grva-mint/Projects/Falhas/Dataset/dataset_74_2000/masks/img_0290.npy
img_0291.npy,0.0,1.0,0.50042623,0.20195445,0,1,"(128, 128, 128)",/home/grva-mint/Projects/Falhas/Dataset/dataset_74_2000/images/img_0291.npy,/home/grva-mint/Projects/Falhas/Dataset/dataset_74_2000/masks/img_0291.npy
img_0292.npy,0.0,1.0,0.5004671,0.20376104,0,1,"(128, 128, 128)",/home/grva-mint/Projects/Falhas/Dataset/dataset_74_2000/images/img_0292.npy,/home/grva-mint/Projects/Falhas/Dataset/dataset_74_2000/masks/img_0292.npy
img_0293.npy,0.0,1.0,0.5007267,0.18981105,0,0,"(128, 128, 128)",/home/grva-mint/Projects/Falhas/Dataset/dataset_74_2000/images/img_0293.npy,/home/grva-mint/Projects/Falhas/Dataset/dataset_74_2000/masks/img_0293.npy
img_0294.npy,0.0,1.0,0.4996877,0.20230518,0,1,"(128, 128, 128)",/home/grva-mint/Projects/Falhas/Dataset/dataset_74_2000/images/img_0294.npy,/home/grva-mint/Projects/Falhas/Dataset/dataset_74_2000/masks/img_0294.npy
img_0295.npy,0.0,1.0,0.501682,0.20094015,0,0,"(128, 128, 128)",/home/grva-mint/Projects/Falhas/Dataset/dataset_74_2000/images/img_0295.npy,/home/grva-mint/Projects/Falhas/Dataset/dataset_74_2000/masks/img_0295.npy
img_0296.npy,0.0,1.0,0.5007612,0.19799684,0,1,"(128, 128, 128)",/home/grva-mint/Projects/Falhas/Dataset/dataset_74_2000/images/img_0296.npy,/home/grva-mint/Projects/Falhas/Dataset/dataset_74_2000/masks/img_0296.npy
img_0297.npy,0.0,1.0,0.5001958,0.20407367,0,1,"(128, 128, 128)",/home/grva-mint/Projects/Falhas/Dataset/dataset_74_2000/images/img_0297.npy,/home/grva-mint/Projects/Falhas/Dataset/dataset_74_2000/masks/img_0297.npy
img_0298.npy,0.0,1.0,0.4991914,0.20482488,0,1,"(128, 128, 128)",/home/grva-mint/Projects/Falhas/Dataset/dataset_74_2000/images/img_0298.npy,/home/grva-mint/Projects/Falhas/Dataset/dataset_74_2000/masks/img_0298.npy
img_0299.npy,0.0,1.0,0.49964598,0.20612893,0,1,"(128, 128, 128)",/home/grva-mint/Projects/Falhas/Dataset/dataset_74_2000/images/img_0299.npy,/home/grva-mint/Projects/Falhas/Dataset/dataset_74_2000/masks/img_0299.npy
img_0300.npy,0.0,1.0,0.49775088,0.19843559,0,1,"(128, 128, 128)",/home/grva-mint/Projects/Falhas/Dataset/dataset_74_2000/images/img_0300.npy,/home/grva-mint/Projects/Falhas/Dataset/dataset_74_2000/masks/img_0300.npy
img_0301.npy,0.0,1.0,0.49982306,0.20603953,0,1,"(128, 128, 128)",/home/grva-mint/Projects/Falhas/Dataset/dataset_74_2000/images/img_0301.npy,/home/grva-mint/Projects/Falhas/Dataset/dataset_74_2000/masks/img_0301.npy
img_0302.npy,0.0,1.0,0.49986392,0.2051782,0,1,"(128, 128, 128)",/home/grva-mint/Projects/Falhas/Dataset/dataset_74_2000/images/img_0302.npy,/home/grva-mint/Projects/Falhas/Dataset/dataset_74_2000/masks/img_0302.npy
img_0303.npy,0.0,1.0,0.50456697,0.19222322,0,1,"(128, 128, 128)",/home/grva-mint/Projects/Falhas/Dataset/dataset_74_2000/images/img_0303.npy,/home/grva-mint/Projects/Falhas/Dataset/dataset_74_2000/masks/img_0303.npy
img_0304.npy,0.0,1.0,0.49965316,0.20572568,0,1,"(128, 128, 128)",/home/grva-mint/Projects/Falhas/Dataset/dataset_74_2000/images/img_0304.npy,/home/grva-mint/Projects/Falhas/Dataset/dataset_74_2000/masks/img_0304.npy
img_0305.npy,0.0,1.0,0.499245,0.20509708,0,1,"(128, 128, 128)",/home/grva-mint/Projects/Falhas/Dataset/dataset_74_2000/images/img_0305.npy,/home/grva-mint/Projects/Falhas/Dataset/dataset_74_2000/masks/img_0305.npy
img_0306.npy,0.0,1.0,0.5005076,0.20497571,0,1,"(128, 128, 128)",/home/grva-mint/Projects/Falhas/Dataset/dataset_74_2000/images/img_0306.npy,/home/grva-mint/Projects/Falhas/Dataset/dataset_74_2000/masks/img_0306.npy
img_0307.npy,0.0,1.0,0.49756256,0.20027395,0,1,"(128, 128, 128)",/home/grva-mint/Projects/Falhas/Dataset/dataset_74_2000/images/img_0307.npy,/home/grva-mint/Projects/Falhas/Dataset/dataset_74_2000/masks/img_0307.npy
img_0308.npy,0.0,1.0,0.4999578,0.20563112,0,1,"(128, 128, 128)",/home/grva-mint/Projects/Falhas/Dataset/dataset_74_2000/images/img_0308.npy,/home/grva-mint/Projects/Falhas/Dataset/dataset_74_2000/masks/img_0308.npy
img_0309.npy,0.0,1.0,0.4990938,0.20447202,0,1,"(128, 128, 128)",/home/grva-mint/Projects/Falhas/Dataset/dataset_74_2000/images/img_0309.npy,/home/grva-mint/Projects/Falhas/Dataset/dataset_74_2000/masks/img_0309.npy
img_0310.npy,0.0,1.0,0.4999939,0.2057292,0,1,"(128, 128, 128)",/home/grva-mint/Projects/Falhas/Dataset/dataset_74_2000/images/img_0310.npy,/home/grva-mint/Projects/Falhas/Dataset/dataset_74_2000/masks/img_0310.npy
img_0311.npy,0.0,1.0,0.4999807,0.20580041,0,1,"(128, 128, 128)",/home/grva-mint/Projects/Falhas/Dataset/dataset_74_2000/images/img_0311.npy,/home/grva-mint/Projects/Falhas/Dataset/dataset_74_2000/masks/img_0311.npy
img_0312.npy,0.0,1.0,0.5000897,0.20576805,0,1,"(128, 128, 128)",/home/grva-mint/Projects/Falhas/Dataset/dataset_74_2000/images/img_0312.npy,/home/grva-mint/Projects/Falhas/Dataset/dataset_74_2000/masks/img_0312.npy
img_0313.npy,0.0,1.0,0.4996335,0.19692557,0,1,"(128, 128, 128)",/home/grva-mint/Projects/Falhas/Dataset/dataset_74_2000/images/img_0313.npy,/home/grva-mint/Projects/Falhas/Dataset/dataset_74_2000/masks/img_0313.npy
img_0314.npy,0.0,1.0,0.500743,0.20080946,0,1,"(128, 128, 128)",/home/grva-mint/Projects/Falhas/Dataset/dataset_74_2000/images/img_0314.npy,/home/grva-mint/Projects/Falhas/Dataset/dataset_74_2000/masks/img_0314.npy
img_0315.npy,0.0,1.0,0.49950504,0.20570835,0,1,"(128, 128, 128)",/home/grva-mint/Projects/Falhas/Dataset/dataset_74_2000/images/img_0315.npy,/home/grva-mint/Projects/Falhas/Dataset/dataset_74_2000/masks/img_0315.npy
img_0316.npy,0.0,1.0,0.499474,0.20374897,0,0,"(128, 128, 128)",/home/grva-mint/Projects/Falhas/Dataset/dataset_74_2000/images/img_0316.npy,/home/grva-mint/Projects/Falhas/Dataset/dataset_74_2000/masks/img_0316.npy
img_0317.npy,0.0,1.0,0.4992976,0.20107484,0,1,"(128, 128, 128)",/home/grva-mint/Projects/Falhas/Dataset/dataset_74_2000/images/img_0317.npy,/home/grva-mint/Projects/Falhas/Dataset/dataset_74_2000/masks/img_0317.npy
img_0318.npy,0.0,1.0,0.49852556,0.20229329,0,1,"(128, 128, 128)",/home/grva-mint/Projects/Falhas/Dataset/dataset_74_2000/images/img_0318.npy,/home/grva-mint/Projects/Falhas/Dataset/dataset_74_2000/masks/img_0318.npy
img_0319.npy,0.0,1.0,0.49955332,0.20274387,0,1,"(128, 128, 128)",/home/grva-mint/Projects/Falhas/Dataset/dataset_74_2000/images/img_0319.npy,/home/grva-mint/Projects/Falhas/Dataset/dataset_74_2000/masks/img_0319.npy
img_0320.npy,0.0,1.0,0.5016902,0.19905326,0,1,"(128, 128, 128)",/home/grva-mint/Projects/Falhas/Dataset/dataset_74_2000/images/img_0320.npy,/home/grva-mint/Projects/Falhas/Dataset/dataset_74_2000/masks/img_0320.npy
img_0321.npy,0.0,1.0,0.50005406,0.19265634,0,1,"(128, 128, 128)",/home/grva-mint/Projects/Falhas/Dataset/dataset_74_2000/images/img_0321.npy,/home/grva-mint/Projects/Falhas/Dataset/dataset_74_2000/masks/img_0321.npy
img_0322.npy,0.0,1.0,0.49813762,0.20199308,0,0,"(128, 128, 128)",/home/grva-mint/Projects/Falhas/Dataset/dataset_74_2000/images/img_0322.npy,/home/grva-mint/Projects/Falhas/Dataset/dataset_74_2000/masks/img_0322.npy
img_0323.npy,0.0,1.0,0.4997486,0.20509605,0,1,"(128, 128, 128)",/home/grva-mint/Projects/Falhas/Dataset/dataset_74_2000/images/img_0323.npy,/home/grva-mint/Projects/Falhas/Dataset/dataset_74_2000/masks/img_0323.npy
img_0324.npy,0.0,1.0,0.5010669,0.20242895,0,1,"(128, 128, 128)",/home/grva-mint/Projects/Falhas/Dataset/dataset_74_2000/images/img_0324.npy,/home/grva-mint/Projects/Falhas/Dataset/dataset_74_2000/masks/img_0324.npy
img_0325.npy,0.0,1.0,0.49977565,0.20642892,0,1,"(128, 128, 128)",/home/grva-mint/Projects/Falhas/Dataset/dataset_74_2000/images/img_0325.npy,/home/grva-mint/Projects/Falhas/Dataset/dataset_74_2000/masks/img_0325.npy
img_0326.npy,0.0,1.0,0.50006,0.2063703,0,1,"(128, 128, 128)",/home/grva-mint/Projects/Falhas/Dataset/dataset_74_2000/images/img_0326.npy,/home/grva-mint/Projects/Falhas/Dataset/dataset_74_2000/masks/img_0326.npy
img_0327.npy,0.0,1.0,0.499634,0.20417322,0,1,"(128, 128, 128)",/home/grva-mint/Projects/Falhas/Dataset/dataset_74_2000/images/img_0327.npy,/home/grva-mint/Projects/Falhas/Dataset/dataset_74_2000/masks/img_0327.npy
img_0328.npy,0.0,1.0,0.5011465,0.19906074,0,1,"(128, 128, 128)",/home/grva-mint/Projects/Falhas/Dataset/dataset_74_2000/images/img_0328.npy,/home/grva-mint/Projects/Falhas/Dataset/dataset_74_2000/masks/img_0328.npy
img_0329.npy,0.0,1.0,0.50023425,0.20601407,0,1,"(128, 128, 128)",/home/grva-mint/Projects/Falhas/Dataset/dataset_74_2000/images/img_0329.npy,/home/grva-mint/Projects/Falhas/Dataset/dataset_74_2000/masks/img_0329.npy
img_0330.npy,0.0,1.0,0.50066257,0.20232613,0,1,"(128, 128, 128)",/home/grva-mint/Projects/Falhas/Dataset/dataset_74_2000/images/img_0330.npy,/home/grva-mint/Projects/Falhas/Dataset/dataset_74_2000/masks/img_0330.npy
img_0331.npy,0.0,1.0,0.4999621,0.2062408,0,0,"(128, 128, 128)",/home/grva-mint/Projects/Falhas/Dataset/dataset_74_2000/images/img_0331.npy,/home/grva-mint/Projects/Falhas/Dataset/dataset_74_2000/masks/img_0331.npy
img_0332.npy,0.0,1.0,0.4997071,0.20461667,0,1,"(128, 128, 128)",/home/grva-mint/Projects/Falhas/Dataset/dataset_74_2000/images/img_0332.npy,/home/grva-mint/Projects/Falhas/Dataset/dataset_74_2000/masks/img_0332.npy
img_0333.npy,0.0,1.0,0.50022995,0.20554596,0,1,"(128, 128, 128)",/home/grva-mint/Projects/Falhas/Dataset/dataset_74_2000/images/img_0333.npy,/home/grva-mint/Projects/Falhas/Dataset/dataset_74_2000/masks/img_0333.npy
img_0334.npy,0.0,1.0,0.50003356,0.20367856,0,1,"(128, 128, 128)",/home/grva-mint/Projects/Falhas/Dataset/dataset_74_2000/images/img_0334.npy,/home/grva-mint/Projects/Falhas/Dataset/dataset_74_2000/masks/img_0334.npy
img_0335.npy,0.0,1.0,0.49730334,0.18746172,0,1,"(128, 128, 128)",/home/grva-mint/Projects/Falhas/Dataset/dataset_74_2000/images/img_0335.npy,/home/grva-mint/Projects/Falhas/Dataset/dataset_74_2000/masks/img_0335.npy
img_0336.npy,0.0,1.0,0.5000128,0.20650236,0,1,"(128, 128, 128)",/home/grva-mint/Projects/Falhas/Dataset/dataset_74_2000/images/img_0336.npy,/home/grva-mint/Projects/Falhas/Dataset/dataset_74_2000/masks/img_0336.npy
img_0337.npy,0.0,1.0,0.5000321,0.20541593,0,1,"(128, 128, 128)",/home/grva-mint/Projects/Falhas/Dataset/dataset_74_2000/images/img_0337.npy,/home/grva-mint/Projects/Falhas/Dataset/dataset_74_2000/masks/img_0337.npy
img_0338.npy,0.0,1.0,0.49930176,0.2042206,0,1,"(128, 128, 128)",/home/grva-mint/Projects/Falhas/Dataset/dataset_74_2000/images/img_0338.npy,/home/grva-mint/Projects/Falhas/Dataset/dataset_74_2000/masks/img_0338.npy
img_0339.npy,0.0,1.0,0.4994714,0.20543325,0,1,"(128, 128, 128)",/home/grva-mint/Projects/Falhas/Dataset/dataset_74_2000/images/img_0339.npy,/home/grva-mint/Projects/Falhas/Dataset/dataset_74_2000/masks/img_0339.npy
img_0340.npy,0.0,1.0,0.49980828,0.20609638,0,1,"(128, 128, 128)",/home/grva-mint/Projects/Falhas/Dataset/dataset_74_2000/images/img_0340.npy,/home/grva-mint/Projects/Falhas/Dataset/dataset_74_2000/masks/img_0340.npy
img_0341.npy,0.0,1.0,0.49917698,0.19712637,0,1,"(128, 128, 128)",/home/grva-mint/Projects/Falhas/Dataset/dataset_74_2000/images/img_0341.npy,/home/grva-mint/Projects/Falhas/Dataset/dataset_74_2000/masks/img_0341.npy
img_0342.npy,0.0,1.0,0.50079066,0.19111975,0,1,"(128, 128, 128)",/home/grva-mint/Projects/Falhas/Dataset/dataset_74_2000/images/img_0342.npy,/home/grva-mint/Projects/Falhas/Dataset/dataset_74_2000/masks/img_0342.npy
img_0343.npy,0.0,1.0,0.49966738,0.20473112,0,1,"(128, 128, 128)",/home/grva-mint/Projects/Falhas/Dataset/dataset_74_2000/images/img_0343.npy,/home/grva-mint/Projects/Falhas/Dataset/dataset_74_2000/masks/img_0343.npy
img_0344.npy,0.0,1.0,0.50009507,0.20471531,0,1,"(128, 128, 128)",/home/grva-mint/Projects/Falhas/Dataset/dataset_74_2000/images/img_0344.npy,/home/grva-mint/Projects/Falhas/Dataset/dataset_74_2000/masks/img_0344.npy
img_0345.npy,0.0,1.0,0.49908227,0.2004784,0,0,"(128, 128, 128)",/home/grva-mint/Projects/Falhas/Dataset/dataset_74_2000/images/img_0345.npy,/home/grva-mint/Projects/Falhas/Dataset/dataset_74_2000/masks/img_0345.npy
img_0346.npy,0.0,1.0,0.49945754,0.20431848,0,0,"(128, 128, 128)",/home/grva-mint/Projects/Falhas/Dataset/dataset_74_2000/images/img_0346.npy,/home/grva-mint/Projects/Falhas/Dataset/dataset_74_2000/masks/img_0346.npy
img_0347.npy,0.0,1.0,0.50084496,0.20363092,0,1,"(128, 128, 128)",/home/grva-mint/Projects/Falhas/Dataset/dataset_74_2000/images/img_0347.npy,/home/grva-mint/Projects/Falhas/Dataset/dataset_74_2000/masks/img_0347.npy
img_0348.npy,0.0,1.0,0.50013006,0.20621522,0,1,"(128, 128, 128)",/home/grva-mint/Projects/Falhas/Dataset/dataset_74_2000/images/img_0348.npy,/home/grva-mint/Projects/Falhas/Dataset/dataset_74_2000/masks/img_0348.npy
img_0349.npy,0.0,1.0,0.5004495,0.20134358,0,1,"(128, 128, 128)",/home/grva-mint/Projects/Falhas/Dataset/dataset_74_2000/images/img_0349.npy,/home/grva-mint/Projects/Falhas/Dataset/dataset_74_2000/masks/img_0349.npy
img_0350.npy,0.0,1.0,0.49999934,0.20558596,0,1,"(128, 128, 128)",/home/grva-mint/Projects/Falhas/Dataset/dataset_74_2000/images/img_0350.npy,/home/grva-mint/Projects/Falhas/Dataset/dataset_74_2000/masks/img_0350.npy
img_0351.npy,0.0,1.0,0.50513214,0.1783188,0,1,"(128, 128, 128)",/home/grva-mint/Projects/Falhas/Dataset/dataset_74_2000/images/img_0351.npy,/home/grva-mint/Projects/Falhas/Dataset/dataset_74_2000/masks/img_0351.npy
img_0352.npy,0.0,1.0,0.49707937,0.19605668,0,0,"(128, 128, 128)",/home/grva-mint/Projects/Falhas/Dataset/dataset_74_2000/images/img_0352.npy,/home/grva-mint/Projects/Falhas/Dataset/dataset_74_2000/masks/img_0352.npy
img_0353.npy,0.0,1.0,0.50008035,0.20152636,0,1,"(128, 128, 128)",/home/grva-mint/Projects/Falhas/Dataset/dataset_74_2000/images/img_0353.npy,/home/grva-mint/Projects/Falhas/Dataset/dataset_74_2000/masks/img_0353.npy
img_0354.npy,0.0,1.0,0.49998665,0.20089369,0,1,"(128, 128, 128)",/home/grva-mint/Projects/Falhas/Dataset/dataset_74_2000/images/img_0354.npy,/home/grva-mint/Projects/Falhas/Dataset/dataset_74_2000/masks/img_0354.npy
img_0355.npy,0.0,1.0,0.4986744,0.1958761,0,1,"(128, 128, 128)",/home/grva-mint/Projects/Falhas/Dataset/dataset_74_2000/images/img_0355.npy,/home/grva-mint/Projects/Falhas/Dataset/dataset_74_2000/masks/img_0355.npy
img_0356.npy,0.0,1.0,0.50037694,0.20568712,0,1,"(128, 128, 128)",/home/grva-mint/Projects/Falhas/Dataset/dataset_74_2000/images/img_0356.npy,/home/grva-mint/Projects/Falhas/Dataset/dataset_74_2000/masks/img_0356.npy
img_0357.npy,0.0,1.0,0.499768,0.20463346,0,1,"(128, 128, 128)",/home/grva-mint/Projects/Falhas/Dataset/dataset_74_2000/images/img_0357.npy,/home/grva-mint/Projects/Falhas/Dataset/dataset_74_2000/masks/img_0357.npy
img_0358.npy,0.0,1.0,0.49962747,0.20464678,0,1,"(128, 128, 128)",/home/grva-mint/Projects/Falhas/Dataset/dataset_74_2000/images/img_0358.npy,/home/grva-mint/Projects/Falhas/Dataset/dataset_74_2000/masks/img_0358.npy
img_0359.npy,0.0,1.0,0.49988717,0.20678604,0,1,"(128, 128, 128)",/home/grva-mint/Projects/Falhas/Dataset/dataset_74_2000/images/img_0359.npy,/home/grva-mint/Projects/Falhas/Dataset/dataset_74_2000/masks/img_0359.npy
img_0360.npy,0.0,1.0,0.4997992,0.20650749,0,1,"(128, 128, 128)",/home/grva-mint/Projects/Falhas/Dataset/dataset_74_2000/images/img_0360.npy,/home/grva-mint/Projects/Falhas/Dataset/dataset_74_2000/masks/img_0360.npy
img_0361.npy,0.0,1.0,0.50044394,0.20467569,0,1,"(128, 128, 128)",/home/grva-mint/Projects/Falhas/Dataset/dataset_74_2000/images/img_0361.npy,/home/grva-mint/Projects/Falhas/Dataset/dataset_74_2000/masks/img_0361.npy
img_0362.npy,0.0,1.0,0.50076044,0.19863999,0,1,"(128, 128, 128)",/home/grva-mint/Projects/Falhas/Dataset/dataset_74_2000/images/img_0362.npy,/home/grva-mint/Projects/Falhas/Dataset/dataset_74_2000/masks/img_0362.npy
img_0363.npy,0.0,1.0,0.500354,0.2048225,0,1,"(128, 128, 128)",/home/grva-mint/Projects/Falhas/Dataset/dataset_74_2000/images/img_0363.npy,/home/grva-mint/Projects/Falhas/Dataset/dataset_74_2000/masks/img_0363.npy
img_0364.npy,0.0,1.0,0.5000501,0.20629805,0,1,"(128, 128, 128)",/home/grva-mint/Projects/Falhas/Dataset/dataset_74_2000/images/img_0364.npy,/home/grva-mint/Projects/Falhas/Dataset/dataset_74_2000/masks/img_0364.npy
img_0365.npy,0.0,1.0,0.49980518,0.20640248,0,1,"(128, 128, 128)",/home/grva-mint/Projects/Falhas/Dataset/dataset_74_2000/images/img_0365.npy,/home/grva-mint/Projects/Falhas/Dataset/dataset_74_2000/masks/img_0365.npy
img_0366.npy,0.0,1.0,0.5004372,0.19594465,0,1,"(128, 128, 128)",/home/grva-mint/Projects/Falhas/Dataset/dataset_74_2000/images/img_0366.npy,/home/grva-mint/Projects/Falhas/Dataset/dataset_74_2000/masks/img_0366.npy
img_0367.npy,0.0,1.0,0.49996823,0.20672718,0,1,"(128, 128, 128)",/home/grva-mint/Projects/Falhas/Dataset/dataset_74_2000/images/img_0367.npy,/home/grva-mint/Projects/Falhas/Dataset/dataset_74_2000/masks/img_0367.npy
img_0368.npy,0.0,1.0,0.49964058,0.20368649,0,1,"(128, 128, 128)",/home/grva-mint/Projects/Falhas/Dataset/dataset_74_2000/images/img_0368.npy,/home/grva-mint/Projects/Falhas/Dataset/dataset_74_2000/masks/img_0368.npy
img_0369.npy,0.0,1.0,0.4996464,0.20428668,0,1,"(128, 128, 128)",/home/grva-mint/Projects/Falhas/Dataset/dataset_74_2000/images/img_0369.npy,/home/grva-mint/Projects/Falhas/Dataset/dataset_74_2000/masks/img_0369.npy
img_0370.npy,0.0,1.0,0.5002128,0.20422378,0,1,"(128, 128, 128)",/home/grva-mint/Projects/Falhas/Dataset/dataset_74_2000/images/img_0370.npy,/home/grva-mint/Projects/Falhas/Dataset/dataset_74_2000/masks/img_0370.npy
img_0371.npy,0.0,1.0,0.5003051,0.20480704,0,1,"(128, 128, 128)",/home/grva-mint/Projects/Falhas/Dataset/dataset_74_2000/images/img_0371.npy,/home/grva-mint/Projects/Falhas/Dataset/dataset_74_2000/masks/img_0371.npy
img_0372.npy,0.0,1.0,0.5000163,0.20477505,0,1,"(128, 128, 128)",/home/grva-mint/Projects/Falhas/Dataset/dataset_74_2000/images/img_0372.npy,/home/grva-mint/Projects/Falhas/Dataset/dataset_74_2000/masks/img_0372.npy
img_0373.npy,0.0,1.0,0.4995257,0.20546958,0,1,"(128, 128, 128)",/home/grva-mint/Projects/Falhas/Dataset/dataset_74_2000/images/img_0373.npy,/home/grva-mint/Projects/Falhas/Dataset/dataset_74_2000/masks/img_0373.npy
img_0374.npy,0.0,1.0,0.50004,0.20334937,0,1,"(128, 128, 128)",/home/grva-mint/Projects/Falhas/Dataset/dataset_74_2000/images/img_0374.npy,/home/grva-mint/Projects/Falhas/Dataset/dataset_74_2000/masks/img_0374.npy
img_0375.npy,0.0,1.0,0.5001576,0.205646,0,0,"(128, 128, 128)",/home/grva-mint/Projects/Falhas/Dataset/dataset_74_2000/images/img_0375.npy,/home/grva-mint/Projects/Falhas/Dataset/dataset_74_2000/masks/img_0375.npy
img_0376.npy,0.0,1.0,0.4993065,0.20498346,0,1,"(128, 128, 128)",/home/grva-mint/Projects/Falhas/Dataset/dataset_74_2000/images/img_0376.npy,/home/grva-mint/Projects/Falhas/Dataset/dataset_74_2000/masks/img_0376.npy
img_0377.npy,0.0,1.0,0.4995652,0.20352645,0,1,"(128, 128, 128)",/home/grva-mint/Projects/Falhas/Dataset/dataset_74_2000/images/img_0377.npy,/home/grva-mint/Projects/Falhas/Dataset/dataset_74_2000/masks/img_0377.npy
img_0378.npy,0.0,1.0,0.5001081,0.19895345,0,1,"(128, 128, 128)",/home/grva-mint/Projects/Falhas/Dataset/dataset_74_2000/images/img_0378.npy,/home/grva-mint/Projects/Falhas/Dataset/dataset_74_2000/masks/img_0378.npy
img_0379.npy,0.0,1.0,0.50182134,0.19404358,0,1,"(128, 128, 128)",/home/grva-mint/Projects/Falhas/Dataset/dataset_74_2000/images/img_0379.npy,/home/grva-mint/Projects/Falhas/Dataset/dataset_74_2000/masks/img_0379.npy
img_0380.npy,0.0,1.0,0.5003276,0.20462158,0,1,"(128, 128, 128)",/home/grva-mint/Projects/Falhas/Dataset/dataset_74_2000/images/img_0380.npy,/home/grva-mint/Projects/Falhas/Dataset/dataset_74_2000/masks/img_0380.npy
img_0381.npy,0.0,1.0,0.49964255,0.20407371,0,1,"(128, 128, 128)",/home/grva-mint/Projects/Falhas/Dataset/dataset_74_2000/images/img_0381.npy,/home/grva-mint/Projects/Falhas/Dataset/dataset_74_2000/masks/img_0381.npy
img_0382.npy,0.0,1.0,0.49992698,0.20602167,0,1,"(128, 128, 128)",/home/grva-mint/Projects/Falhas/Dataset/dataset_74_2000/images/img_0382.npy,/home/grva-mint/Projects/Falhas/Dataset/dataset_74_2000/masks/img_0382.npy
img_0383.npy,0.0,1.0,0.4985454,0.19724312,0,0,"(128, 128, 128)",/home/grva-mint/Projects/Falhas/Dataset/dataset_74_2000/images/img_0383.npy,/home/grva-mint/Projects/Falhas/Dataset/dataset_74_2000/masks/img_0383.npy
img_0384.npy,0.0,1.0,0.50099283,0.2030889,0,1,"(128, 128, 128)",/home/grva-mint/Projects/Falhas/Dataset/dataset_74_2000/images/img_0384.npy,/home/grva-mint/Projects/Falhas/Dataset/dataset_74_2000/masks/img_0384.npy
img_0385.npy,0.0,1.0,0.49989697,0.20621707,0,1,"(128, 128, 128)",/home/grva-mint/Projects/Falhas/Dataset/dataset_74_2000/images/img_0385.npy,/home/grva-mint/Projects/Falhas/Dataset/dataset_74_2000/masks/img_0385.npy
img_0386.npy,0.0,1.0,0.499013,0.20342477,0,1,"(128, 128, 128)",/home/grva-mint/Projects/Falhas/Dataset/dataset_74_2000/images/img_0386.npy,/home/grva-mint/Projects/Falhas/Dataset/dataset_74_2000/masks/img_0386.npy
img_0387.npy,0.0,1.0,0.49977753,0.20638062,0,1,"(128, 128, 128)",/home/grva-mint/Projects/Falhas/Dataset/dataset_74_2000/images/img_0387.npy,/home/grva-mint/Projects/Falhas/Dataset/dataset_74_2000/masks/img_0387.npy
img_0388.npy,0.0,1.0,0.5015804,0.19093268,0,1,"(128, 128, 128)",/home/grva-mint/Projects/Falhas/Dataset/dataset_74_2000/images/img_0388.npy,/home/grva-mint/Projects/Falhas/Dataset/dataset_74_2000/masks/img_0388.npy
img_0389.npy,0.0,1.0,0.4998652,0.19983594,0,1,"(128, 128, 128)",/home/grva-mint/Projects/Falhas/Dataset/dataset_74_2000/images/img_0389.npy,/home/grva-mint/Projects/Falhas/Dataset/dataset_74_2000/masks/img_0389.npy
img_0390.npy,0.0,1.0,0.49995106,0.20523345,0,1,"(128, 128, 128)",/home/grva-mint/Projects/Falhas/Dataset/dataset_74_2000/images/img_0390.npy,/home/grva-mint/Projects/Falhas/Dataset/dataset_74_2000/masks/img_0390.npy
img_0391.npy,0.0,1.0,0.49981546,0.2053183,0,1,"(128, 128, 128)",/home/grva-mint/Projects/Falhas/Dataset/dataset_74_2000/images/img_0391.npy,/home/grva-mint/Projects/Falhas/Dataset/dataset_74_2000/masks/img_0391.npy
img_0392.npy,0.0,1.0,0.4996865,0.20041245,0,1,"(128, 128, 128)",/home/grva-mint/Projects/Falhas/Dataset/dataset_74_2000/images/img_0392.npy,/home/grva-mint/Projects/Falhas/Dataset/dataset_74_2000/masks/img_0392.npy
img_0393.npy,0.0,1.0,0.5010155,0.19571559,0,1,"(128, 128, 128)",/home/grva-mint/Projects/Falhas/Dataset/dataset_74_2000/images/img_0393.npy,/home/grva-mint/Projects/Falhas/Dataset/dataset_74_2000/masks/img_0393.npy
img_0394.npy,0.0,1.0,0.49970937,0.20601799,0,0,"(128, 128, 128)",/home/grva-mint/Projects/Falhas/Dataset/dataset_74_2000/images/img_0394.npy,/home/grva-mint/Projects/Falhas/Dataset/dataset_74_2000/masks/img_0394.npy
img_0395.npy,0.0,1.0,0.5008718,0.20255992,0,1,"(128, 128, 128)",/home/grva-mint/Projects/Falhas/Dataset/dataset_74_2000/images/img_0395.npy,/home/grva-mint/Projects/Falhas/Dataset/dataset_74_2000/masks/img_0395.npy
img_0396.npy,0.0,1.0,0.49976206,0.20528041,0,1,"(128, 128, 128)",/home/grva-mint/Projects/Falhas/Dataset/dataset_74_2000/images/img_0396.npy,/home/grva-mint/Projects/Falhas/Dataset/dataset_74_2000/masks/img_0396.npy
img_0397.npy,0.0,1.0,0.4992252,0.20105821,0,1,"(128, 128, 128)",/home/grva-mint/Projects/Falhas/Dataset/dataset_74_2000/images/img_0397.npy,/home/grva-mint/Projects/Falhas/Dataset/dataset_74_2000/masks/img_0397.npy
img_0398.npy,0.0,1.0,0.4995286,0.20234106,0,1,"(128, 128, 128)",/home/grva-mint/Projects/Falhas/Dataset/dataset_74_2000/images/img_0398.npy,/home/grva-mint/Projects/Falhas/Dataset/dataset_74_2000/masks/img_0398.npy
img_0399.npy,0.0,1.0,0.5000825,0.20295067,0,1,"(128, 128, 128)",/home/grva-mint/Projects/Falhas/Dataset/dataset_74_2000/images/img_0399.npy,/home/grva-mint/Projects/Falhas/Dataset/dataset_74_2000/masks/img_0399.npy
img_0400.npy,0.0,1.0,0.5013069,0.19465268,0,1,"(128, 128, 128)",/home/grva-mint/Projects/Falhas/Dataset/dataset_74_2000/images/img_0400.npy,/home/grva-mint/Projects/Falhas/Dataset/dataset_74_2000/masks/img_0400.npy
img_0401.npy,0.0,1.0,0.49729276,0.19837579,0,1,"(128, 128, 128)",/home/grva-mint/Projects/Falhas/Dataset/dataset_74_2000/images/img_0401.npy,/home/grva-mint/Projects/Falhas/Dataset/dataset_74_2000/masks/img_0401.npy
img_0402.npy,0.0,1.0,0.4999681,0.2058452,0,1,"(128, 128, 128)",/home/grva-mint/Projects/Falhas/Dataset/dataset_74_2000/images/img_0402.npy,/home/grva-mint/Projects/Falhas/Dataset/dataset_74_2000/masks/img_0402.npy
img_0403.npy,0.0,1.0,0.4991554,0.20030788,0,1,"(128, 128, 128)",/home/grva-mint/Projects/Falhas/Dataset/dataset_74_2000/images/img_0403.npy,/home/grva-mint/Projects/Falhas/Dataset/dataset_74_2000/masks/img_0403.npy
img_0404.npy,0.0,1.0,0.499815,0.20467678,0,1,"(128, 128, 128)",/home/grva-mint/Projects/Falhas/Dataset/dataset_74_2000/images/img_0404.npy,/home/grva-mint/Projects/Falhas/Dataset/dataset_74_2000/masks/img_0404.npy
img_0405.npy,0.0,1.0,0.500508,0.200885,0,1,"(128, 128, 128)",/home/grva-mint/Projects/Falhas/Dataset/dataset_74_2000/images/img_0405.npy,/home/grva-mint/Projects/Falhas/Dataset/dataset_74_2000/masks/img_0405.npy
img_0406.npy,0.0,1.0,0.50066453,0.20377162,0,1,"(128, 128, 128)",/home/grva-mint/Projects/Falhas/Dataset/dataset_74_2000/images/img_0406.npy,/home/grva-mint/Projects/Falhas/Dataset/dataset_74_2000/masks/img_0406.npy
img_0407.npy,0.0,1.0,0.4992316,0.20054291,0,1,"(128, 128, 128)",/home/grva-mint/Projects/Falhas/Dataset/dataset_74_2000/images/img_0407.npy,/home/grva-mint/Projects/Falhas/Dataset/dataset_74_2000/masks/img_0407.npy
img_0408.npy,0.0,1.0,0.49858674,0.19940372,0,1,"(128, 128, 128)",/home/grva-mint/Projects/Falhas/Dataset/dataset_74_2000/images/img_0408.npy,/home/grva-mint/Projects/Falhas/Dataset/dataset_74_2000/masks/img_0408.npy
img_0409.npy,0.0,1.0,0.4998889,0.20418775,0,1,"(128, 128, 128)",/home/grva-mint/Projects/Falhas/Dataset/dataset_74_2000/images/img_0409.npy,/home/grva-mint/Projects/Falhas/Dataset/dataset_74_2000/masks/img_0409.npy
img_0410.npy,0.0,1.0,0.50139916,0.19795972,0,1,"(128, 128, 128)",/home/grva-mint/Projects/Falhas/Dataset/dataset_74_2000/images/img_0410.npy,/home/grva-mint/Projects/Falhas/Dataset/dataset_74_2000/masks/img_0410.npy
img_0411.npy,0.0,1.0,0.50026655,0.20490283,0,1,"(128, 128, 128)",/home/grva-mint/Projects/Falhas/Dataset/dataset_74_2000/images/img_0411.npy,/home/grva-mint/Projects/Falhas/Dataset/dataset_74_2000/masks/img_0411.npy
img_0412.npy,0.0,1.0,0.5044227,0.19290243,0,1,"(128, 128, 128)",/home/grva-mint/Projects/Falhas/Dataset/dataset_74_2000/images/img_0412.npy,/home/grva-mint/Projects/Falhas/Dataset/dataset_74_2000/masks/img_0412.npy
img_0413.npy,0.0,1.0,0.50081164,0.2012632,0,0,"(128, 128, 128)",/home/grva-mint/Projects/Falhas/Dataset/dataset_74_2000/images/img_0413.npy,/home/grva-mint/Projects/Falhas/Dataset/dataset_74_2000/masks/img_0413.npy
img_0414.npy,0.0,1.0,0.50085336,0.19825543,0,1,"(128, 128, 128)",/home/grva-mint/Projects/Falhas/Dataset/dataset_74_2000/images/img_0414.npy,/home/grva-mint/Projects/Falhas/Dataset/dataset_74_2000/masks/img_0414.npy
img_0415.npy,0.0,1.0,0.50027055,0.20567092,0,1,"(128, 128, 128)",/home/grva-mint/Projects/Falhas/Dataset/dataset_74_2000/images/img_0415.npy,/home/grva-mint/Projects/Falhas/Dataset/dataset_74_2000/masks/img_0415.npy
img_0416.npy,0.0,1.0,0.50002325,0.20426546,0,1,"(128, 128, 128)",/home/grva-mint/Projects/Falhas/Dataset/dataset_74_2000/images/img_0416.npy,/home/grva-mint/Projects/Falhas/Dataset/dataset_74_2000/masks/img_0416.npy
img_0417.npy,0.0,1.0,0.5005628,0.20033029,0,1,"(128, 128, 128)",/home/grva-mint/Projects/Falhas/Dataset/dataset_74_2000/images/img_0417.npy,/home/grva-mint/Projects/Falhas/Dataset/dataset_74_2000/masks/img_0417.npy
img_0418.npy,0.0,1.0,0.49998525,0.20632465,0,1,"(128, 128, 128)",/home/grva-mint/Projects/Falhas/Dataset/dataset_74_2000/images/img_0418.npy,/home/grva-mint/Projects/Falhas/Dataset/dataset_74_2000/masks/img_0418.npy
img_0419.npy,0.0,1.0,0.49825123,0.19988431,0,1,"(128, 128, 128)",/home/grva-mint/Projects/Falhas/Dataset/dataset_74_2000/images/img_0419.npy,/home/grva-mint/Projects/Falhas/Dataset/dataset_74_2000/masks/img_0419.npy
img_0420.npy,0.0,1.0,0.50032336,0.20061392,0,1,"(128, 128, 128)",/home/grva-mint/Projects/Falhas/Dataset/dataset_74_2000/images/img_0420.npy,/home/grva-mint/Projects/Falhas/Dataset/dataset_74_2000/masks/img_0420.npy
img_0421.npy,0.0,1.0,0.49994949,0.20559385,0,1,"(128, 128, 128)",/home/grva-mint/Projects/Falhas/Dataset/dataset_74_2000/images/img_0421.npy,/home/grva-mint/Projects/Falhas/Dataset/dataset_74_2000/masks/img_0421.npy
img_0422.npy,0.0,1.0,0.4999664,0.20654514,0,1,"(128, 128, 128)",/home/grva-mint/Projects/Falhas/Dataset/dataset_74_2000/images/img_0422.npy,/home/grva-mint/Projects/Falhas/Dataset/dataset_74_2000/masks/img_0422.npy
img_0423.npy,0.0,1.0,0.50074476,0.20277196,0,1,"(128, 128, 128)",/home/grva-mint/Projects/Falhas/Dataset/dataset_74_2000/images/img_0423.npy,/home/grva-mint/Projects/Falhas/Dataset/dataset_74_2000/masks/img_0423.npy
img_0424.npy,0.0,1.0,0.5001776,0.20465949,0,1,"(128, 128, 128)",/home/grva-mint/Projects/Falhas/Dataset/dataset_74_2000/images/img_0424.npy,/home/grva-mint/Projects/Falhas/Dataset/dataset_74_2000/masks/img_0424.npy
img_0425.npy,0.0,1.0,0.5002089,0.20590703,0,1,"(128, 128, 128)",/home/grva-mint/Projects/Falhas/Dataset/dataset_74_2000/images/img_0425.npy,/home/grva-mint/Projects/Falhas/Dataset/dataset_74_2000/masks/img_0425.npy
img_0426.npy,0.0,1.0,0.49896723,0.19850223,0,0,"(128, 128, 128)",/home/grva-mint/Projects/Falhas/Dataset/dataset_74_2000/images/img_0426.npy,/home/grva-mint/Projects/Falhas/Dataset/dataset_74_2000/masks/img_0426.npy
img_0427.npy,0.0,1.0,0.5001846,0.20333028,0,1,"(128, 128, 128)",/home/grva-mint/Projects/Falhas/Dataset/dataset_74_2000/images/img_0427.npy,/home/grva-mint/Projects/Falhas/Dataset/dataset_74_2000/masks/img_0427.npy
img_0428.npy,0.0,1.0,0.5008333,0.19992286,0,1,"(128, 128, 128)",/home/grva-mint/Projects/Falhas/Dataset/dataset_74_2000/images/img_0428.npy,/home/grva-mint/Projects/Falhas/Dataset/dataset_74_2000/masks/img_0428.npy
img_0429.npy,0.0,1.0,0.49910805,0.20292738,0,1,"(128, 128, 128)",/home/grva-mint/Projects/Falhas/Dataset/dataset_74_2000/images/img_0429.npy,/home/grva-mint/Projects/Falhas/Dataset/dataset_74_2000/masks/img_0429.npy
img_0430.npy,0.0,1.0,0.50378793,0.1918379,0,1,"(128, 128, 128)",/home/grva-mint/Projects/Falhas/Dataset/dataset_74_2000/images/img_0430.npy,/home/grva-mint/Projects/Falhas/Dataset/dataset_74_2000/masks/img_0430.npy
img_0431.npy,0.0,1.0,0.5000384,0.2060236,0,1,"(128, 128, 128)",/home/grva-mint/Projects/Falhas/Dataset/dataset_74_2000/images/img_0431.npy,/home/grva-mint/Projects/Falhas/Dataset/dataset_74_2000/masks/img_0431.npy
img_0432.npy,0.0,1.0,0.49963185,0.20542182,0,0,"(128, 128, 128)",/home/grva-mint/Projects/Falhas/Dataset/dataset_74_2000/images/img_0432.npy,/home/grva-mint/Projects/Falhas/Dataset/dataset_74_2000/masks/img_0432.npy
img_0433.npy,0.0,1.0,0.49945715,0.20542967,0,1,"(128, 128, 128)",/home/grva-mint/Projects/Falhas/Dataset/dataset_74_2000/images/img_0433.npy,/home/grva-mint/Projects/Falhas/Dataset/dataset_74_2000/masks/img_0433.npy
img_0434.npy,0.0,1.0,0.4997479,0.20581643,0,1,"(128, 128, 128)",/home/grva-mint/Projects/Falhas/Dataset/dataset_74_2000/images/img_0434.npy,/home/grva-mint/Projects/Falhas/Dataset/dataset_74_2000/masks/img_0434.npy
img_0435.npy,0.0,1.0,0.50004184,0.20610338,0,1,"(128, 128, 128)",/home/grva-mint/Projects/Falhas/Dataset/dataset_74_2000/images/img_0435.npy,/home/grva-mint/Projects/Falhas/Dataset/dataset_74_2000/masks/img_0435.npy
img_0436.npy,0.0,1.0,0.4999121,0.20419425,0,1,"(128, 128, 128)",/home/grva-mint/Projects/Falhas/Dataset/dataset_74_2000/images/img_0436.npy,/home/grva-mint/Projects/Falhas/Dataset/dataset_74_2000/masks/img_0436.npy
img_0437.npy,0.0,1.0,0.5018815,0.19162329,0,1,"(128, 128, 128)",/home/grva-mint/Projects/Falhas/Dataset/dataset_74_2000/images/img_0437.npy,/home/grva-mint/Projects/Falhas/Dataset/dataset_74_2000/masks/img_0437.npy
img_0438.npy,0.0,1.0,0.50027233,0.20549385,0,1,"(128, 128, 128)",/home/grva-mint/Projects/Falhas/Dataset/dataset_74_2000/images/img_0438.npy,/home/grva-mint/Projects/Falhas/Dataset/dataset_74_2000/masks/img_0438.npy
img_0439.npy,0.0,1.0,0.49911886,0.20000808,0,1,"(128, 128, 128)",/home/grva-mint/Projects/Falhas/Dataset/dataset_74_2000/images/img_0439.npy,/home/grva-mint/Projects/Falhas/Dataset/dataset_74_2000/masks/img_0439.npy
img_0440.npy,0.0,1.0,0.49967888,0.20524715,0,1,"(128, 128, 128)",/home/grva-mint/Projects/Falhas/Dataset/dataset_74_2000/images/img_0440.npy,/home/grva-mint/Projects/Falhas/Dataset/dataset_74_2000/masks/img_0440.npy
img_0441.npy,0.0,1.0,0.49995562,0.20657456,0,0,"(128, 128, 128)",/home/grva-mint/Projects/Falhas/Dataset/dataset_74_2000/images/img_0441.npy,/home/grva-mint/Projects/Falhas/Dataset/dataset_74_2000/masks/img_0441.npy
img_0442.npy,0.0,1.0,0.49975252,0.20554316,0,0,"(128, 128, 128)",/home/grva-mint/Projects/Falhas/Dataset/dataset_74_2000/images/img_0442.npy,/home/grva-mint/Projects/Falhas/Dataset/dataset_74_2000/masks/img_0442.npy
img_0443.npy,0.0,1.0,0.49884167,0.20387588,0,1,"(128, 128, 128)",/home/grva-mint/Projects/Falhas/Dataset/dataset_74_2000/images/img_0443.npy,/home/grva-mint/Projects/Falhas/Dataset/dataset_74_2000/masks/img_0443.npy
img_0444.npy,0.0,1.0,0.50006527,0.20554611,0,1,"(128, 128, 128)",/home/grva-mint/Projects/Falhas/Dataset/dataset_74_2000/images/img_0444.npy,/home/grva-mint/Projects/Falhas/Dataset/dataset_74_2000/masks/img_0444.npy
img_0445.npy,0.0,1.0,0.49942374,0.20550275,0,1,"(128, 128, 128)",/home/grva-mint/Projects/Falhas/Dataset/dataset_74_2000/images/img_0445.npy,/home/grva-mint/Projects/Falhas/Dataset/dataset_74_2000/masks/img_0445.npy
img_0446.npy,0.0,1.0,0.4978957,0.20018639,0,1,"(128, 128, 128)",/home/grva-mint/Projects/Falhas/Dataset/dataset_74_2000/images/img_0446.npy,/home/grva-mint/Projects/Falhas/Dataset/dataset_74_2000/masks/img_0446.npy
img_0447.npy,0.0,1.0,0.49903646,0.20155059,0,1,"(128, 128, 128)",/home/grva-mint/Projects/Falhas/Dataset/dataset_74_2000/images/img_0447.npy,/home/grva-mint/Projects/Falhas/Dataset/dataset_74_2000/masks/img_0447.npy
img_0448.npy,0.0,1.0,0.49900275,0.20290092,0,1,"(128, 128, 128)",/home/grva-mint/Projects/Falhas/Dataset/dataset_74_2000/images/img_0448.npy,/home/grva-mint/Projects/Falhas/Dataset/dataset_74_2000/masks/img_0448.npy
img_0449.npy,0.0,1.0,0.50012326,0.20430829,0,1,"(128, 128, 128)",/home/grva-mint/Projects/Falhas/Dataset/dataset_74_2000/images/img_0449.npy,/home/grva-mint/Projects/Falhas/Dataset/dataset_74_2000/masks/img_0449.npy
img_0450.npy,0.0,1.0,0.5004496,0.20510925,0,1,"(128, 128, 128)",/home/grva-mint/Projects/Falhas/Dataset/dataset_74_2000/images/img_0450.npy,/home/grva-mint/Projects/Falhas/Dataset/dataset_74_2000/masks/img_0450.npy
img_0451.npy,0.0,1.0,0.502967,0.17754003,0,1,"(128, 128, 128)",/home/grva-mint/Projects/Falhas/Dataset/dataset_74_2000/images/img_0451.npy,/home/grva-mint/Projects/Falhas/Dataset/dataset_74_2000/masks/img_0451.npy
img_0452.npy,0.0,1.0,0.49985224,0.20294434,0,1,"(128, 128, 128)",/home/grva-mint/Projects/Falhas/Dataset/dataset_74_2000/images/img_0452.npy,/home/grva-mint/Projects/Falhas/Dataset/dataset_74_2000/masks/img_0452.npy
img_0453.npy,0.0,1.0,0.499534,0.20518215,0,1,"(128, 128, 128)",/home/grva-mint/Projects/Falhas/Dataset/dataset_74_2000/images/img_0453.npy,/home/grva-mint/Projects/Falhas/Dataset/dataset_74_2000/masks/img_0453.npy
img_0454.npy,0.0,1.0,0.4997628,0.20621735,0,1,"(128, 128, 128)",/home/grva-mint/Projects/Falhas/Dataset/dataset_74_2000/images/img_0454.npy,/home/grva-mint/Projects/Falhas/Dataset/dataset_74_2000/masks/img_0454.npy
img_0455.npy,0.0,1.0,0.5002793,0.20508581,0,1,"(128, 128, 128)",/home/grva-mint/Projects/Falhas/Dataset/dataset_74_2000/images/img_0455.npy,/home/grva-mint/Projects/Falhas/Dataset/dataset_74_2000/masks/img_0455.npy
img_0456.npy,0.0,1.0,0.49973086,0.20578204,0,0,"(128, 128, 128)",/home/grva-mint/Projects/Falhas/Dataset/dataset_74_2000/images/img_0456.npy,/home/grva-mint/Projects/Falhas/Dataset/dataset_74_2000/masks/img_0456.npy
img_0457.npy,0.0,1.0,0.50017273,0.20586735,0,1,"(128, 128, 128)",/home/grva-mint/Projects/Falhas/Dataset/dataset_74_2000/images/img_0457.npy,/home/grva-mint/Projects/Falhas/Dataset/dataset_74_2000/masks/img_0457.npy
img_0458.npy,0.0,1.0,0.49930036,0.20355181,0,1,"(128, 128, 128)",/home/grva-mint/Projects/Falhas/Dataset/dataset_74_2000/images/img_0458.npy,/home/grva-mint/Projects/Falhas/Dataset/dataset_74_2000/masks/img_0458.npy
img_0459.npy,0.0,1.0,0.49960265,0.20033091,0,1,"(128, 128, 128)",/home/grva-mint/Projects/Falhas/Dataset/dataset_74_2000/images/img_0459.npy,/home/grva-mint/Projects/Falhas/Dataset/dataset_74_2000/masks/img_0459.npy
img_0460.npy,0.0,1.0,0.50045365,0.20453943,0,1,"(128, 128, 128)",/home/grva-mint/Projects/Falhas/Dataset/dataset_74_2000/images/img_0460.npy,/home/grva-mint/Projects/Falhas/Dataset/dataset_74_2000/masks/img_0460.npy
img_0461.npy,0.0,1.0,0.50004447,0.20613103,0,1,"(128, 128, 128)",/home/grva-mint/Projects/Falhas/Dataset/dataset_74_2000/images/img_0461.npy,/home/grva-mint/Projects/Falhas/Dataset/dataset_74_2000/masks/img_0461.npy
img_0462.npy,0.0,1.0,0.50015956,0.20560439,0,1,"(128, 128, 128)",/home/grva-mint/Projects/Falhas/Dataset/dataset_74_2000/images/img_0462.npy,/home/grva-mint/Projects/Falhas/Dataset/dataset_74_2000/masks/img_0462.npy
img_0463.npy,0.0,1.0,0.49904385,0.1926013,0,1,"(128, 128, 128)",/home/grva-mint/Projects/Falhas/Dataset/dataset_74_2000/images/img_0463.npy,/home/grva-mint/Projects/Falhas/Dataset/dataset_74_2000/masks/img_0463.npy
img_0464.npy,0.0,1.0,0.49956977,0.20448165,0,1,"(128, 128, 128)",/home/grva-mint/Projects/Falhas/Dataset/dataset_74_2000/images/img_0464.npy,/home/grva-mint/Projects/Falhas/Dataset/dataset_74_2000/masks/img_0464.npy
img_0465.npy,0.0,1.0,0.49918717,0.20037164,0,1,"(128, 128, 128)",/home/grva-mint/Projects/Falhas/Dataset/dataset_74_2000/images/img_0465.npy,/home/grva-mint/Projects/Falhas/Dataset/dataset_74_2000/masks/img_0465.npy
img_0466.npy,0.0,1.0,0.49961737,0.20451747,0,1,"(128, 128, 128)",/home/grva-mint/Projects/Falhas/Dataset/dataset_74_2000/images/img_0466.npy,/home/grva-mint/Projects/Falhas/Dataset/dataset_74_2000/masks/img_0466.npy
img_0467.npy,0.0,1.0,0.5001293,0.20432247,0,1,"(128, 128, 128)",/home/grva-mint/Projects/Falhas/Dataset/dataset_74_2000/images/img_0467.npy,/home/grva-mint/Projects/Falhas/Dataset/dataset_74_2000/masks/img_0467.npy
img_0468.npy,0.0,1.0,0.49994284,0.20609087,0,1,"(128, 128, 128)",/home/grva-mint/Projects/Falhas/Dataset/dataset_74_2000/images/img_0468.npy,/home/grva-mint/Projects/Falhas/Dataset/dataset_74_2000/masks/img_0468.npy
img_0469.npy,0.0,1.0,0.4999569,0.20377073,0,1,"(128, 128, 128)",/home/grva-mint/Projects/Falhas/Dataset/dataset_74_2000/images/img_0469.npy,/home/grva-mint/Projects/Falhas/Dataset/dataset_74_2000/masks/img_0469.npy
img_0470.npy,0.0,1.0,0.5001304,0.19326256,0,1,"(128, 128, 128)",/home/grva-mint/Projects/Falhas/Dataset/dataset_74_2000/images/img_0470.npy,/home/grva-mint/Projects/Falhas/Dataset/dataset_74_2000/masks/img_0470.npy
img_0471.npy,0.0,1.0,0.50062346,0.20362745,0,0,"(128, 128, 128)",/home/grva-mint/Projects/Falhas/Dataset/dataset_74_2000/images/img_0471.npy,/home/grva-mint/Projects/Falhas/Dataset/dataset_74_2000/masks/img_0471.npy
img_0472.npy,0.0,1.0,0.50014967,0.20524505,0,1,"(128, 128, 128)",/home/grva-mint/Projects/Falhas/Dataset/dataset_74_2000/images/img_0472.npy,/home/grva-mint/Projects/Falhas/Dataset/dataset_74_2000/masks/img_0472.npy
img_0473.npy,0.0,1.0,0.5011842,0.20070648,0,1,"(128, 128, 128)",/home/grva-mint/Projects/Falhas/Dataset/dataset_74_2000/images/img_0473.npy,/home/grva-mint/Projects/Falhas/Dataset/dataset_74_2000/masks/img_0473.npy
img_0474.npy,0.0,1.0,0.50035733,0.20360573,0,0,"(128, 128, 128)",/home/grva-mint/Projects/Falhas/Dataset/dataset_74_2000/images/img_0474.npy,/home/grva-mint/Projects/Falhas/Dataset/dataset_74_2000/masks/img_0474.npy
img_0475.npy,0.0,1.0,0.49985075,0.20587198,0,1,"(128, 128, 128)",/home/grva-mint/Projects/Falhas/Dataset/dataset_74_2000/images/img_0475.npy,/home/grva-mint/Projects/Falhas/Dataset/dataset_74_2000/masks/img_0475.npy
img_0476.npy,0.0,1.0,0.5002399,0.20261355,0,1,"(128, 128, 128)",/home/grva-mint/Projects/Falhas/Dataset/dataset_74_2000/images/img_0476.npy,/home/grva-mint/Projects/Falhas/Dataset/dataset_74_2000/masks/img_0476.npy
img_0477.npy,0.0,1.0,0.49890298,0.20391437,0,0,"(128, 128, 128)",/home/grva-mint/Projects/Falhas/Dataset/dataset_74_2000/images/img_0477.npy,/home/grva-mint/Projects/Falhas/Dataset/dataset_74_2000/masks/img_0477.npy
img_0478.npy,0.0,1.0,0.49965414,0.2051597,0,1,"(128, 128, 128)",/home/grva-mint/Projects/Falhas/Dataset/dataset_74_2000/images/img_0478.npy,/home/grva-mint/Projects/Falhas/Dataset/dataset_74_2000/masks/img_0478.npy
img_0479.npy,0.0,1.0,0.4996407,0.2026286,0,1,"(128, 128, 128)",/home/grva-mint/Projects/Falhas/Dataset/dataset_74_2000/images/img_0479.npy,/home/grva-mint/Projects/Falhas/Dataset/dataset_74_2000/masks/img_0479.npy
img_0480.npy,0.0,1.0,0.49896342,0.20399506,0,1,"(128, 128, 128)",/home/grva-mint/Projects/Falhas/Dataset/dataset_74_2000/images/img_0480.npy,/home/grva-mint/Projects/Falhas/Dataset/dataset_74_2000/masks/img_0480.npy
img_0481.npy,0.0,1.0,0.5024115,0.19822313,0,0,"(128, 128, 128)",/home/grva-mint/Projects/Falhas/Dataset/dataset_74_2000/images/img_0481.npy,/home/grva-mint/Projects/Falhas/Dataset/dataset_74_2000/masks/img_0481.npy
img_0482.npy,0.0,1.0,0.50020844,0.20105727,0,1,"(128, 128, 128)",/home/grva-mint/Projects/Falhas/Dataset/dataset_74_2000/images/img_0482.npy,/home/grva-mint/Projects/Falhas/Dataset/dataset_74_2000/masks/img_0482.npy
img_0483.npy,0.0,1.0,0.49855655,0.20172325,0,1,"(128, 128, 128)",/home/grva-mint/Projects/Falhas/Dataset/dataset_74_2000/images/img_0483.npy,/home/grva-mint/Projects/Falhas/Dataset/dataset_74_2000/masks/img_0483.npy
img_0484.npy,0.0,1.0,0.50290596,0.19091462,0,0,"(128, 128, 128)",/home/grva-mint/Projects/Falhas/Dataset/dataset_74_2000/images/img_0484.npy,/home/grva-mint/Projects/Falhas/Dataset/dataset_74_2000/masks/img_0484.npy
img_0485.npy,0.0,1.0,0.5000215,0.20634738,0,1,"(128, 128, 128)",/home/grva-mint/Projects/Falhas/Dataset/dataset_74_2000/images/img_0485.npy,/home/grva-mint/Projects/Falhas/Dataset/dataset_74_2000/masks/img_0485.npy
img_0486.npy,0.0,1.0,0.50195175,0.18574399,0,1,"(128, 128, 128)",/home/grva-mint/Projects/Falhas/Dataset/dataset_74_2000/images/img_0486.npy,/home/grva-mint/Projects/Falhas/Dataset/dataset_74_2000/masks/img_0486.npy
img_0487.npy,0.0,1.0,0.49989852,0.2063294,0,1,"(128, 128, 128)",/home/grva-mint/Projects/Falhas/Dataset/dataset_74_2000/images/img_0487.npy,/home/grva-mint/Projects/Falhas/Dataset/dataset_74_2000/masks/img_0487.npy
img_0488.npy,0.0,1.0,0.49950925,0.20408458,0,1,"(128, 128, 128)",/home/grva-mint/Projects/Falhas/Dataset/dataset_74_2000/images/img_0488.npy,/home/grva-mint/Projects/Falhas/Dataset/dataset_74_2000/masks/img_0488.npy
img_0489.npy,0.0,1.0,0.49990076,0.2046845,0,1,"(128, 128, 128)",/home/grva-mint/Projects/Falhas/Dataset/dataset_74_2000/images/img_0489.npy,/home/grva-mint/Projects/Falhas/Dataset/dataset_74_2000/masks/img_0489.npy
img_0490.npy,0.0,1.0,0.4993915,0.20413363,0,1,"(128, 128, 128)",/home/grva-mint/Projects/Falhas/Dataset/dataset_74_2000/images/img_0490.npy,/home/grva-mint/Projects/Falhas/Dataset/dataset_74_2000/masks/img_0490.npy
img_0491.npy,0.0,1.0,0.49909776,0.20428737,0,1,"(128, 128, 128)",/home/grva-mint/Projects/Falhas/Dataset/dataset_74_2000/images/img_0491.npy,/home/grva-mint/Projects/Falhas/Dataset/dataset_74_2000/masks/img_0491.npy
img_0492.npy,0.0,1.0,0.49751875,0.17111054,0,1,"(128, 128, 128)",/home/grva-mint/Projects/Falhas/Dataset/dataset_74_2000/images/img_0492.npy,/home/grva-mint/Projects/Falhas/Dataset/dataset_74_2000/masks/img_0492.npy
img_0493.npy,0.0,1.0,0.4997041,0.2051199,0,1,"(128, 128, 128)",/home/grva-mint/Projects/Falhas/Dataset/dataset_74_2000/images/img_0493.npy,/home/grva-mint/Projects/Falhas/Dataset/dataset_74_2000/masks/img_0493.npy
img_0494.npy,0.0,1.0,0.49939218,0.20335798,0,1,"(128, 128, 128)",/home/grva-mint/Projects/Falhas/Dataset/dataset_74_2000/images/img_0494.npy,/home/grva-mint/Projects/Falhas/Dataset/dataset_74_2000/masks/img_0494.npy
img_0495.npy,0.0,1.0,0.4999861,0.20354593,0,1,"(128, 128, 128)",/home/grva-mint/Projects/Falhas/Dataset/dataset_74_2000/images/img_0495.npy,/home/grva-mint/Projects/Falhas/Dataset/dataset_74_2000/masks/img_0495.npy
img_0496.npy,0.0,1.0,0.50016314,0.18436617,0,1,"(128, 128, 128)",/home/grva-mint/Projects/Falhas/Dataset/dataset_74_2000/images/img_0496.npy,/home/grva-mint/Projects/Falhas/Dataset/dataset_74_2000/masks/img_0496.npy
img_0497.npy,0.0,1.0,0.49894974,0.20285118,0,1,"(128, 128, 128)",/home/grva-mint/Projects/Falhas/Dataset/dataset_74_2000/images/img_0497.npy,/home/grva-mint/Projects/Falhas/Dataset/dataset_74_2000/masks/img_0497.npy
img_0498.npy,0.0,1.0,0.49977204,0.20605838,0,1,"(128, 128, 128)",/home/grva-mint/Projects/Falhas/Dataset/dataset_74_2000/images/img_0498.npy,/home/grva-mint/Projects/Falhas/Dataset/dataset_74_2000/masks/img_0498.npy
img_0499.npy,0.0,1.0,0.5010968,0.20071685,0,1,"(128, 128, 128)",/home/grva-mint/Projects/Falhas/Dataset/dataset_74_2000/images/img_0499.npy,/home/grva-mint/Projects/Falhas/Dataset/dataset_74_2000/masks/img_0499.npy
img_0500.npy,0.0,1.0,0.50314665,0.19407201,0,1,"(128, 128, 128)",/home/grva-mint/Projects/Falhas/Dataset/dataset_74_2000/images/img_0500.npy,/home/grva-mint/Projects/Falhas/Dataset/dataset_74_2000/masks/img_0500.npy
img_0501.npy,0.0,1.0,0.4998975,0.2050631,0,1,"(128, 128, 128)",/home/grva-mint/Projects/Falhas/Dataset/dataset_74_2000/images/img_0501.npy,/home/grva-mint/Projects/Falhas/Dataset/dataset_74_2000/masks/img_0501.npy
img_0502.npy,0.0,1.0,0.49978745,0.20563985,0,1,"(128, 128, 128)",/home/grva-mint/Projects/Falhas/Dataset/dataset_74_2000/images/img_0502.npy,/home/grva-mint/Projects/Falhas/Dataset/dataset_74_2000/masks/img_0502.npy
img_0503.npy,0.0,1.0,0.49988174,0.20486978,0,1,"(128, 128, 128)",/home/grva-mint/Projects/Falhas/Dataset/dataset_74_2000/images/img_0503.npy,/home/grva-mint/Projects/Falhas/Dataset/dataset_74_2000/masks/img_0503.npy
img_0504.npy,0.0,1.0,0.50012577,0.20061639,0,1,"(128, 128, 128)",/home/grva-mint/Projects/Falhas/Dataset/dataset_74_2000/images/img_0504.npy,/home/grva-mint/Projects/Falhas/Dataset/dataset_74_2000/masks/img_0504.npy
img_0505.npy,0.0,1.0,0.4999778,0.20561303,0,1,"(128, 128, 128)",/home/grva-mint/Projects/Falhas/Dataset/dataset_74_2000/images/img_0505.npy,/home/grva-mint/Projects/Falhas/Dataset/dataset_74_2000/masks/img_0505.npy
img_0506.npy,0.0,1.0,0.50144345,0.18989767,0,1,"(128, 128, 128)",/home/grva-mint/Projects/Falhas/Dataset/dataset_74_2000/images/img_0506.npy,/home/grva-mint/Projects/Falhas/Dataset/dataset_74_2000/masks/img_0506.npy
img_0507.npy,0.0,1.0,0.49861628,0.20161638,0,1,"(128, 128, 128)",/home/grva-mint/Projects/Falhas/Dataset/dataset_74_2000/images/img_0507.npy,/home/grva-mint/Projects/Falhas/Dataset/dataset_74_2000/masks/img_0507.npy
img_0508.npy,0.0,1.0,0.50004864,0.20250478,0,0,"(128, 128, 128)",/home/grva-mint/Projects/Falhas/Dataset/dataset_74_2000/images/img_0508.npy,/home/grva-mint/Projects/Falhas/Dataset/dataset_74_2000/masks/img_0508.npy
img_0509.npy,0.0,1.0,0.50191706,0.20117538,0,1,"(128, 128, 128)",/home/grva-mint/Projects/Falhas/Dataset/dataset_74_2000/images/img_0509.npy,/home/grva-mint/Projects/Falhas/Dataset/dataset_74_2000/masks/img_0509.npy
img_0510.npy,0.0,1.0,0.49973243,0.20536241,0,1,"(128, 128, 128)",/home/grva-mint/Projects/Falhas/Dataset/dataset_74_2000/images/img_0510.npy,/home/grva-mint/Projects/Falhas/Dataset/dataset_74_2000/masks/img_0510.npy
img_0511.npy,0.0,1.0,0.49968147,0.20602416,0,1,"(128, 128, 128)",/home/grva-mint/Projects/Falhas/Dataset/dataset_74_2000/images/img_0511.npy,/home/grva-mint/Projects/Falhas/Dataset/dataset_74_2000/masks/img_0511.npy
img_0512.npy,0.0,1.0,0.4985662,0.1905333,0,1,"(128, 128, 128)",/home/grva-mint/Projects/Falhas/Dataset/dataset_74_2000/images/img_0512.npy,/home/grva-mint/Projects/Falhas/Dataset/dataset_74_2000/masks/img_0512.npy
img_0513.npy,0.0,1.0,0.49964496,0.20547558,0,1,"(128, 128, 128)",/home/grva-mint/Projects/Falhas/Dataset/dataset_74_2000/images/img_0513.npy,/home/grva-mint/Projects/Falhas/Dataset/dataset_74_2000/masks/img_0513.npy
img_0514.npy,0.0,1.0,0.4991881,0.20343168,0,1,"(128, 128, 128)",/home/grva-mint/Projects/Falhas/Dataset/dataset_74_2000/images/img_0514.npy,/home/grva-mint/Projects/Falhas/Dataset/dataset_74_2000/masks/img_0514.npy
img_0515.npy,0.0,1.0,0.4999732,0.20210652,0,1,"(128, 128, 128)",/home/grva-mint/Projects/Falhas/Dataset/dataset_74_2000/images/img_0515.npy,/home/grva-mint/Projects/Falhas/Dataset/dataset_74_2000/masks/img_0515.npy
img_0516.npy,0.0,1.0,0.5001846,0.20131576,0,1,"(128, 128, 128)",/home/grva-mint/Projects/Falhas/Dataset/dataset_74_2000/images/img_0516.npy,/home/grva-mint/Projects/Falhas/Dataset/dataset_74_2000/masks/img_0516.npy
img_0517.npy,0.0,1.0,0.50186384,0.19993472,0,1,"(128, 128, 128)",/home/grva-mint/Projects/Falhas/Dataset/dataset_74_2000/images/img_0517.npy,/home/grva-mint/Projects/Falhas/Dataset/dataset_74_2000/masks/img_0517.npy
img_0518.npy,0.0,1.0,0.50265217,0.18425344,0,1,"(128, 128, 128)",/home/grva-mint/Projects/Falhas/Dataset/dataset_74_2000/images/img_0518.npy,/home/grva-mint/Projects/Falhas/Dataset/dataset_74_2000/masks/img_0518.npy
img_0519.npy,0.0,1.0,0.5002593,0.20508379,0,1,"(128, 128, 128)",/home/grva-mint/Projects/Falhas/Dataset/dataset_74_2000/images/img_0519.npy,/home/grva-mint/Projects/Falhas/Dataset/dataset_74_2000/masks/img_0519.npy
img_0520.npy,0.0,1.0,0.5000535,0.2045952,0,1,"(128, 128, 128)",/home/grva-mint/Projects/Falhas/Dataset/dataset_74_2000/images/img_0520.npy,/home/grva-mint/Projects/Falhas/Dataset/dataset_74_2000/masks/img_0520.npy
img_0521.npy,0.0,1.0,0.49995455,0.20670782,0,1,"(128, 128, 128)",/home/grva-mint/Projects/Falhas/Dataset/dataset_74_2000/images/img_0521.npy,/home/grva-mint/Projects/Falhas/Dataset/dataset_74_2000/masks/img_0521.npy
img_0522.npy,0.0,1.0,0.49987593,0.20525979,0,1,"(128, 128, 128)",/home/grva-mint/Projects/Falhas/Dataset/dataset_74_2000/images/img_0522.npy,/home/grva-mint/Projects/Falhas/Dataset/dataset_74_2000/masks/img_0522.npy
img_0523.npy,0.0,1.0,0.49983415,0.20471112,0,1,"(128, 128, 128)",/home/grva-mint/Projects/Falhas/Dataset/dataset_74_2000/images/img_0523.npy,/home/grva-mint/Projects/Falhas/Dataset/dataset_74_2000/masks/img_0523.npy
img_0524.npy,0.0,1.0,0.50067604,0.20416448,0,1,"(128, 128, 128)",/home/grva-mint/Projects/Falhas/Dataset/dataset_74_2000/images/img_0524.npy,/home/grva-mint/Projects/Falhas/Dataset/dataset_74_2000/masks/img_0524.npy
img_0525.npy,0.0,1.0,0.50118864,0.20236713,0,1,"(128, 128, 128)",/home/grva-mint/Projects/Falhas/Dataset/dataset_74_2000/images/img_0525.npy,/home/grva-mint/Projects/Falhas/Dataset/dataset_74_2000/masks/img_0525.npy
img_0526.npy,0.0,1.0,0.49919152,0.20457493,0,0,"(128, 128, 128)",/home/grva-mint/Projects/Falhas/Dataset/dataset_74_2000/images/img_0526.npy,/home/grva-mint/Projects/Falhas/Dataset/dataset_74_2000/masks/img_0526.npy
img_0527.npy,0.0,1.0,0.49978873,0.20435162,0,1,"(128, 128, 128)",/home/grva-mint/Projects/Falhas/Dataset/dataset_74_2000/images/img_0527.npy,/home/grva-mint/Projects/Falhas/Dataset/dataset_74_2000/masks/img_0527.npy
img_0528.npy,0.0,1.0,0.50007737,0.20506214,0,0,"(128, 128, 128)",/home/grva-mint/Projects/Falhas/Dataset/dataset_74_2000/images/img_0528.npy,/home/grva-mint/Projects/Falhas/Dataset/dataset_74_2000/masks/img_0528.npy
img_0529.npy,0.0,1.0,0.5014821,0.2024173,0,1,"(128, 128, 128)",/home/grva-mint/Projects/Falhas/Dataset/dataset_74_2000/images/img_0529.npy,/home/grva-mint/Projects/Falhas/Dataset/dataset_74_2000/masks/img_0529.npy
img_0530.npy,0.0,1.0,0.5001978,0.20484832,0,1,"(128, 128, 128)",/home/grva-mint/Projects/Falhas/Dataset/dataset_74_2000/images/img_0530.npy,/home/grva-mint/Projects/Falhas/Dataset/dataset_74_2000/masks/img_0530.npy
img_0531.npy,0.0,1.0,0.5010874,0.20141253,0,1,"(128, 128, 128)",/home/grva-mint/Projects/Falhas/Dataset/dataset_74_2000/images/img_0531.npy,/home/grva-mint/Projects/Falhas/Dataset/dataset_74_2000/masks/img_0531.npy
img_0532.npy,0.0,1.0,0.49945635,0.19923085,0,1,"(128, 128, 128)",/home/grva-mint/Projects/Falhas/Dataset/dataset_74_2000/images/img_0532.npy,/home/grva-mint/Projects/Falhas/Dataset/dataset_74_2000/masks/img_0532.npy
img_0533.npy,0.0,1.0,0.50056565,0.20283042,0,1,"(128, 128, 128)",/home/grva-mint/Projects/Falhas/Dataset/dataset_74_2000/images/img_0533.npy,/home/grva-mint/Projects/Falhas/Dataset/dataset_74_2000/masks/img_0533.npy
img_0534.npy,0.0,1.0,0.50104415,0.2022737,0,1,"(128, 128, 128)",/home/grva-mint/Projects/Falhas/Dataset/dataset_74_2000/images/img_0534.npy,/home/grva-mint/Projects/Falhas/Dataset/dataset_74_2000/masks/img_0534.npy
img_0535.npy,0.0,1.0,0.49991053,0.20670198,0,1,"(128, 128, 128)",/home/grva-mint/Projects/Falhas/Dataset/dataset_74_2000/images/img_0535.npy,/home/grva-mint/Projects/Falhas/Dataset/dataset_74_2000/masks/img_0535.npy
img_0536.npy,0.0,1.0,0.4999367,0.20653638,0,1,"(128, 128, 128)",/home/grva-mint/Projects/Falhas/Dataset/dataset_74_2000/images/img_0536.npy,/home/grva-mint/Projects/Falhas/Dataset/dataset_74_2000/masks/img_0536.npy
img_0537.npy,0.0,1.0,0.49960053,0.20170346,0,1,"(128, 128, 128)",/home/grva-mint/Projects/Falhas/Dataset/dataset_74_2000/images/img_0537.npy,/home/grva-mint/Projects/Falhas/Dataset/dataset_74_2000/masks/img_0537.npy
img_0538.npy,0.0,1.0,0.4996687,0.20524885,0,0,"(128, 128, 128)",/home/grva-mint/Projects/Falhas/Dataset/dataset_74_2000/images/img_0538.npy,/home/grva-mint/Projects/Falhas/Dataset/dataset_74_2000/masks/img_0538.npy
img_0539.npy,0.0,1.0,0.49996313,0.20633799,0,1,"(128, 128, 128)",/home/grva-mint/Projects/Falhas/Dataset/dataset_74_2000/images/img_0539.npy,/home/grva-mint/Projects/Falhas/Dataset/dataset_74_2000/masks/img_0539.npy
img_0540.npy,0.0,1.0,0.49937958,0.20404291,0,1,"(128, 128, 128)",/home/grva-mint/Projects/Falhas/Dataset/dataset_74_2000/images/img_0540.npy,/home/grva-mint/Projects/Falhas/Dataset/dataset_74_2000/masks/img_0540.npy
img_0541.npy,0.0,1.0,0.50026727,0.2056688,0,1,"(128, 128, 128)",/home/grva-mint/Projects/Falhas/Dataset/dataset_74_2000/images/img_0541.npy,/home/grva-mint/Projects/Falhas/Dataset/dataset_74_2000/masks/img_0541.npy
img_0542.npy,0.0,1.0,0.5001442,0.20219117,0,1,"(128, 128, 128)",/home/grva-mint/Projects/Falhas/Dataset/dataset_74_2000/images/img_0542.npy,/home/grva-mint/Projects/Falhas/Dataset/dataset_74_2000/masks/img_0542.npy
img_0543.npy,0.0,1.0,0.5023431,0.20005564,0,1,"(128, 128, 128)",/home/grva-mint/Projects/Falhas/Dataset/dataset_74_2000/images/img_0543.npy,/home/grva-mint/Projects/Falhas/Dataset/dataset_74_2000/masks/img_0543.npy
img_0544.npy,0.0,1.0,0.5006311,0.19703202,0,1,"(128, 128, 128)",/home/grva-mint/Projects/Falhas/Dataset/dataset_74_2000/images/img_0544.npy,/home/grva-mint/Projects/Falhas/Dataset/dataset_74_2000/masks/img_0544.npy
img_0545.npy,0.0,1.0,0.4995321,0.20389158,0,1,"(128, 128, 128)",/home/grva-mint/Projects/Falhas/Dataset/dataset_74_2000/images/img_0545.npy,/home/grva-mint/Projects/Falhas/Dataset/dataset_74_2000/masks/img_0545.npy
img_0546.npy,0.0,1.0,0.4997804,0.20271575,0,1,"(128, 128, 128)",/home/grva-mint/Projects/Falhas/Dataset/dataset_74_2000/images/img_0546.npy,/home/grva-mint/Projects/Falhas/Dataset/dataset_74_2000/masks/img_0546.npy
img_0547.npy,0.0,1.0,0.50017136,0.20553078,0,1,"(128, 128, 128)",/home/grva-mint/Projects/Falhas/Dataset/dataset_74_2000/images/img_0547.npy,/home/grva-mint/Projects/Falhas/Dataset/dataset_74_2000/masks/img_0547.npy
img_0548.npy,0.0,1.0,0.49819863,0.19751558,0,1,"(128, 128, 128)",/home/grva-mint/Projects/Falhas/Dataset/dataset_74_2000/images/img_0548.npy,/home/grva-mint/Projects/Falhas/Dataset/dataset_74_2000/masks/img_0548.npy
img_0549.npy,0.0,1.0,0.5008519,0.1999542,0,1,"(128, 128, 128)",/home/grva-mint/Projects/Falhas/Dataset/dataset_74_2000/images/img_0549.npy,/home/grva-mint/Projects/Falhas/Dataset/dataset_74_2000/masks/img_0549.npy
img_0550.npy,0.0,1.0,0.49883696,0.20380294,0,0,"(128, 128, 128)",/home/grva-mint/Projects/Falhas/Dataset/dataset_74_2000/images/img_0550.npy,/home/grva-mint/Projects/Falhas/Dataset/dataset_74_2000/masks/img_0550.npy
img_0551.npy,0.0,1.0,0.4999253,0.20550354,0,1,"(128, 128, 128)",/home/grva-mint/Projects/Falhas/Dataset/dataset_74_2000/images/img_0551.npy,/home/grva-mint/Projects/Falhas/Dataset/dataset_74_2000/masks/img_0551.npy
img_0552.npy,0.0,1.0,0.50038606,0.20394649,0,1,"(128, 128, 128)",/home/grva-mint/Projects/Falhas/Dataset/dataset_74_2000/images/img_0552.npy,/home/grva-mint/Projects/Falhas/Dataset/dataset_74_2000/masks/img_0552.npy
img_0553.npy,0.0,1.0,0.49955782,0.20543958,0,1,"(128, 128, 128)",/home/grva-mint/Projects/Falhas/Dataset/dataset_74_2000/images/img_0553.npy,/home/grva-mint/Projects/Falhas/Dataset/dataset_74_2000/masks/img_0553.npy
img_0554.npy,0.0,1.0,0.49731648,0.19699378,0,1,"(128, 128, 128)",/home/grva-mint/Projects/Falhas/Dataset/dataset_74_2000/images/img_0554.npy,/home/grva-mint/Projects/Falhas/Dataset/dataset_74_2000/masks/img_0554.npy
img_0555.npy,0.0,1.0,0.5000585,0.20423625,0,1,"(128, 128, 128)",/home/grva-mint/Projects/Falhas/Dataset/dataset_74_2000/images/img_0555.npy,/home/grva-mint/Projects/Falhas/Dataset/dataset_74_2000/masks/img_0555.npy
img_0556.npy,0.0,1.0,0.4995767,0.20464091,0,1,"(128, 128, 128)",/home/grva-mint/Projects/Falhas/Dataset/dataset_74_2000/images/img_0556.npy,/home/grva-mint/Projects/Falhas/Dataset/dataset_74_2000/masks/img_0556.npy
img_0557.npy,0.0,1.0,0.49937725,0.2030377,0,1,"(128, 128, 128)",/home/grva-mint/Projects/Falhas/Dataset/dataset_74_2000/images/img_0557.npy,/home/grva-mint/Projects/Falhas/Dataset/dataset_74_2000/masks/img_0557.npy
img_0558.npy,0.0,1.0,0.49949485,0.2046655,0,1,"(128, 128, 128)",/home/grva-mint/Projects/Falhas/Dataset/dataset_74_2000/images/img_0558.npy,/home/grva-mint/Projects/Falhas/Dataset/dataset_74_2000/masks/img_0558.npy
img_0559.npy,0.0,1.0,0.4994124,0.19623819,0,1,"(128, 128, 128)",/home/grva-mint/Projects/Falhas/Dataset/dataset_74_2000/images/img_0559.npy,/home/grva-mint/Projects/Falhas/Dataset/dataset_74_2000/masks/img_0559.npy
img_0560.npy,0.0,1.0,0.49946806,0.20081228,0,1,"(128, 128, 128)",/home/grva-mint/Projects/Falhas/Dataset/dataset_74_2000/images/img_0560.npy,/home/grva-mint/Projects/Falhas/Dataset/dataset_74_2000/masks/img_0560.npy
img_0561.npy,0.0,1.0,0.49954066,0.20547658,0,0,"(128, 128, 128)",/home/grva-mint/Projects/Falhas/Dataset/dataset_74_2000/images/img_0561.npy,/home/grva-mint/Projects/Falhas/Dataset/dataset_74_2000/masks/img_0561.npy
img_0562.npy,0.0,1.0,0.49940792,0.20348234,0,1,"(128, 128, 128)",/home/grva-mint/Projects/Falhas/Dataset/dataset_74_2000/images/img_0562.npy,/home/grva-mint/Projects/Falhas/Dataset/dataset_74_2000/masks/img_0562.npy
img_0563.npy,0.0,1.0,0.49972624,0.20558389,0,1,"(128, 128, 128)",/home/grva-mint/Projects/Falhas/Dataset/dataset_74_2000/images/img_0563.npy,/home/grva-mint/Projects/Falhas/Dataset/dataset_74_2000/masks/img_0563.npy
img_0564.npy,0.0,1.0,0.5011717,0.19725424,0,1,"(128, 128, 128)",/home/grva-mint/Projects/Falhas/Dataset/dataset_74_2000/images/img_0564.npy,/home/grva-mint/Projects/Falhas/Dataset/dataset_74_2000/masks/img_0564.npy
img_0565.npy,0.0,1.0,0.49986222,0.2055538,0,1,"(128, 128, 128)",/home/grva-mint/Projects/Falhas/Dataset/dataset_74_2000/images/img_0565.npy,/home/grva-mint/Projects/Falhas/Dataset/dataset_74_2000/masks/img_0565.npy
img_0566.npy,0.0,1.0,0.49970663,0.20547456,0,1,"(128, 128, 128)",/home/grva-mint/Projects/Falhas/Dataset/dataset_74_2000/images/img_0566.npy,/home/grva-mint/Projects/Falhas/Dataset/dataset_74_2000/masks/img_0566.npy
img_0567.npy,0.0,1.0,0.5016851,0.19976558,0,1,"(128, 128, 128)",/home/grva-mint/Projects/Falhas/Dataset/dataset_74_2000/images/img_0567.npy,/home/grva-mint/Projects/Falhas/Dataset/dataset_74_2000/masks/img_0567.npy
img_0568.npy,0.0,1.0,0.4996345,0.20112647,0,1,"(128, 128, 128)",/home/grva-mint/Projects/Falhas/Dataset/dataset_74_2000/images/img_0568.npy,/home/grva-mint/Projects/Falhas/Dataset/dataset_74_2000/masks/img_0568.npy
img_0569.npy,0.0,1.0,0.49988565,0.2041166,0,1,"(128, 128, 128)",/home/grva-mint/Projects/Falhas/Dataset/dataset_74_2000/images/img_0569.npy,/home/grva-mint/Projects/Falhas/Dataset/dataset_74_2000/masks/img_0569.npy
img_0570.npy,0.0,1.0,0.49922097,0.20192845,0,1,"(128, 128, 128)",/home/grva-mint/Projects/Falhas/Dataset/dataset_74_2000/images/img_0570.npy,/home/grva-mint/Projects/Falhas/Dataset/dataset_74_2000/masks/img_0570.npy
img_0571.npy,0.0,1.0,0.5005892,0.20419379,0,1,"(128, 128, 128)",/home/grva-mint/Projects/Falhas/Dataset/dataset_74_2000/images/img_0571.npy,/home/grva-mint/Projects/Falhas/Dataset/dataset_74_2000/masks/img_0571.npy
img_0572.npy,0.0,1.0,0.4999541,0.20509586,0,1,"(128, 128, 128)",/home/grva-mint/Projects/Falhas/Dataset/dataset_74_2000/images/img_0572.npy,/home/grva-mint/Projects/Falhas/Dataset/dataset_74_2000/masks/img_0572.npy
img_0573.npy,0.0,1.0,0.4998429,0.205264,0,1,"(128, 128, 128)",/home/grva-mint/Projects/Falhas/Dataset/dataset_74_2000/images/img_0573.npy,/home/grva-mint/Projects/Falhas/Dataset/dataset_74_2000/masks/img_0573.npy
img_0574.npy,0.0,1.0,0.49974722,0.20564392,0,1,"(128, 128, 128)",/home/grva-mint/Projects/Falhas/Dataset/dataset_74_2000/images/img_0574.npy,/home/grva-mint/Projects/Falhas/Dataset/dataset_74_2000/masks/img_0574.npy
img_0575.npy,0.0,1.0,0.4997935,0.20487116,0,1,"(128, 128, 128)",/home/grva-mint/Projects/Falhas/Dataset/dataset_74_2000/images/img_0575.npy,/home/grva-mint/Projects/Falhas/Dataset/dataset_74_2000/masks/img_0575.npy
img_0576.npy,0.0,1.0,0.5001564,0.20430417,0,1,"(128, 128, 128)",/home/grva-mint/Projects/Falhas/Dataset/dataset_74_2000/images/img_0576.npy,/home/grva-mint/Projects/Falhas/Dataset/dataset_74_2000/masks/img_0576.npy
img_0577.npy,0.0,1.0,0.504435,0.18877925,0,1,"(128, 128, 128)",/home/grva-mint/Projects/Falhas/Dataset/dataset_74_2000/images/img_0577.npy,/home/grva-mint/Projects/Falhas/Dataset/dataset_74_2000/masks/img_0577.npy
img_0578.npy,0.0,1.0,0.49907348,0.20179059,0,1,"(128, 128, 128)",/home/grva-mint/Projects/Falhas/Dataset/dataset_74_2000/images/img_0578.npy,/home/grva-mint/Projects/Falhas/Dataset/dataset_74_2000/masks/img_0578.npy
img_0579.npy,0.0,1.0,0.49976334,0.20533967,0,1,"(128, 128, 128)",/home/grva-mint/Projects/Falhas/Dataset/dataset_74_2000/images/img_0579.npy,/home/grva-mint/Projects/Falhas/Dataset/dataset_74_2000/masks/img_0579.npy
img_0580.npy,0.0,1.0,0.50096846,0.19364801,0,0,"(128, 128, 128)",/home/grva-mint/Projects/Falhas/Dataset/dataset_74_2000/images/img_0580.npy,/home/grva-mint/Projects/Falhas/Dataset/dataset_74_2000/masks/img_0580.npy
img_0581.npy,0.0,1.0,0.49994215,0.20298152,0,1,"(128, 128, 128)",/home/grva-mint/Projects/Falhas/Dataset/dataset_74_2000/images/img_0581.npy,/home/grva-mint/Projects/Falhas/Dataset/dataset_74_2000/masks/img_0581.npy
img_0582.npy,0.0,0.97930974,0.49991134,0.20686974,0,1,"(128, 128, 128)",/home/grva-mint/Projects/Falhas/Dataset/dataset_74_2000/images/img_0582.npy,/home/grva-mint/Projects/Falhas/Dataset/dataset_74_2000/masks/img_0582.npy
img_0583.npy,0.0,1.0,0.5001803,0.20557581,0,1,"(128, 128, 128)",/home/grva-mint/Projects/Falhas/Dataset/dataset_74_2000/images/img_0583.npy,/home/grva-mint/Projects/Falhas/Dataset/dataset_74_2000/masks/img_0583.npy
img_0584.npy,0.0,1.0,0.49842992,0.20068662,0,1,"(128, 128, 128)",/home/grva-mint/Projects/Falhas/Dataset/dataset_74_2000/images/img_0584.npy,/home/grva-mint/Projects/Falhas/Dataset/dataset_74_2000/masks/img_0584.npy
img_0585.npy,0.0,1.0,0.50026876,0.2059356,0,1,"(128, 128, 128)",/home/grva-mint/Projects/Falhas/Dataset/dataset_74_2000/images/img_0585.npy,/home/grva-mint/Projects/Falhas/Dataset/dataset_74_2000/masks/img_0585.npy
img_0586.npy,0.0,1.0,0.5007952,0.20224135,0,1,"(128, 128, 128)",/home/grva-mint/Projects/Falhas/Dataset/dataset_74_2000/images/img_0586.npy,/home/grva-mint/Projects/Falhas/Dataset/dataset_74_2000/masks/img_0586.npy
img_0587.npy,0.0,1.0,0.49906635,0.2041446,0,1,"(128, 128, 128)",/home/grva-mint/Projects/Falhas/Dataset/dataset_74_2000/images/img_0587.npy,/home/grva-mint/Projects/Falhas/Dataset/dataset_74_2000/masks/img_0587.npy
img_0588.npy,0.0,1.0,0.5002641,0.20573783,0,0,"(128, 128, 128)",/home/grva-mint/Projects/Falhas/Dataset/dataset_74_2000/images/img_0588.npy,/home/grva-mint/Projects/Falhas/Dataset/dataset_74_2000/masks/img_0588.npy
img_0589.npy,0.0,1.0,0.4972455,0.19724692,0,1,"(128, 128, 128)",/home/grva-mint/Projects/Falhas/Dataset/dataset_74_2000/images/img_0589.npy,/home/grva-mint/Projects/Falhas/Dataset/dataset_74_2000/masks/img_0589.npy
img_0590.npy,0.0,1.0,0.5004501,0.20482692,0,1,"(128, 128, 128)",/home/grva-mint/Projects/Falhas/Dataset/dataset_74_2000/images/img_0590.npy,/home/grva-mint/Projects/Falhas/Dataset/dataset_74_2000/masks/img_0590.npy
img_0591.npy,0.0,1.0,0.50259894,0.19691814,0,1,"(128, 128, 128)",/home/grva-mint/Projects/Falhas/Dataset/dataset_74_2000/images/img_0591.npy,/home/grva-mint/Projects/Falhas/Dataset/dataset_74_2000/masks/img_0591.npy
img_0592.npy,0.0,1.0,0.49873984,0.19947673,0,1,"(128, 128, 128)",/home/grva-mint/Projects/Falhas/Dataset/dataset_74_2000/images/img_0592.npy,/home/grva-mint/Projects/Falhas/Dataset/dataset_74_2000/masks/img_0592.npy
img_0593.npy,0.0,1.0,0.49925518,0.20354696,0,1,"(128, 128, 128)",/home/grva-mint/Projects/Falhas/Dataset/dataset_74_2000/images/img_0593.npy,/home/grva-mint/Projects/Falhas/Dataset/dataset_74_2000/masks/img_0593.npy
img_0594.npy,0.0,1.0,0.499104,0.19865076,0,1,"(128, 128, 128)",/home/grva-mint/Projects/Falhas/Dataset/dataset_74_2000/images/img_0594.npy,/home/grva-mint/Projects/Falhas/Dataset/dataset_74_2000/masks/img_0594.npy
img_0595.npy,0.0,1.0,0.50024855,0.20579675,0,1,"(128, 128, 128)",/home/grva-mint/Projects/Falhas/Dataset/dataset_74_2000/images/img_0595.npy,/home/grva-mint/Projects/Falhas/Dataset/dataset_74_2000/masks/img_0595.npy
img_0596.npy,0.0,1.0,0.49982694,0.2062111,0,1,"(128, 128, 128)",/home/grva-mint/Projects/Falhas/Dataset/dataset_74_2000/images/img_0596.npy,/home/grva-mint/Projects/Falhas/Dataset/dataset_74_2000/masks/img_0596.npy
img_0597.npy,0.0,1.0,0.49944165,0.20287511,0,1,"(128, 128, 128)",/home/grva-mint/Projects/Falhas/Dataset/dataset_74_2000/images/img_0597.npy,/home/grva-mint/Projects/Falhas/Dataset/dataset_74_2000/masks/img_0597.npy
img_0598.npy,0.0,1.0,0.49992734,0.20429999,0,1,"(128, 128, 128)",/home/grva-mint/Projects/Falhas/Dataset/dataset_74_2000/images/img_0598.npy,/home/grva-mint/Projects/Falhas/Dataset/dataset_74_2000/masks/img_0598.npy
img_0599.npy,0.0,1.0,0.49907726,0.20378296,0,1,"(128, 128, 128)",/home/grva-mint/Projects/Falhas/Dataset/dataset_74_2000/images/img_0599.npy,/home/grva-mint/Projects/Falhas/Dataset/dataset_74_2000/masks/img_0599.npy
img_0600.npy,0.0,1.0,0.50005895,0.20403044,0,1,"(128, 128, 128)",/home/grva-mint/Projects/Falhas/Dataset/dataset_74_2000/images/img_0600.npy,/home/grva-mint/Projects/Falhas/Dataset/dataset_74_2000/masks/img_0600.npy
img_0601.npy,0.0,1.0,0.50068307,0.18339267,0,1,"(128, 128, 128)",/home/grva-mint/Projects/Falhas/Dataset/dataset_74_2000/images/img_0601.npy,/home/grva-mint/Projects/Falhas/Dataset/dataset_74_2000/masks/img_0601.npy
img_0602.npy,0.0,1.0,0.49997956,0.206615,0,1,"(128, 128, 128)",/home/grva-mint/Projects/Falhas/Dataset/dataset_74_2000/images/img_0602.npy,/home/grva-mint/Projects/Falhas/Dataset/dataset_74_2000/masks/img_0602.npy
img_0603.npy,0.0,1.0,0.50032324,0.20525156,0,1,"(128, 128, 128)",/home/grva-mint/Projects/Falhas/Dataset/dataset_74_2000/images/img_0603.npy,/home/grva-mint/Projects/Falhas/Dataset/dataset_74_2000/masks/img_0603.npy
img_0604.npy,0.0,1.0,0.49948227,0.202795,0,1,"(128, 128, 128)",/home/grva-mint/Projects/Falhas/Dataset/dataset_74_2000/images/img_0604.npy,/home/grva-mint/Projects/Falhas/Dataset/dataset_74_2000/masks/img_0604.npy
img_0605.npy,0.0,1.0,0.49981132,0.2036356,0,0,"(128, 128, 128)",/home/grva-mint/Projects/Falhas/Dataset/dataset_74_2000/images/img_0605.npy,/home/grva-mint/Projects/Falhas/Dataset/dataset_74_2000/masks/img_0605.npy
img_0606.npy,0.0,1.0,0.5001368,0.20313872,0,1,"(128, 128, 128)",/home/grva-mint/Projects/Falhas/Dataset/dataset_74_2000/images/img_0606.npy,/home/grva-mint/Projects/Falhas/Dataset/dataset_74_2000/masks/img_0606.npy
img_0607.npy,0.0,1.0,0.500352,0.20299801,0,1,"(128, 128, 128)",/home/grva-mint/Projects/Falhas/Dataset/dataset_74_2000/images/img_0607.npy,/home/grva-mint/Projects/Falhas/Dataset/dataset_74_2000/masks/img_0607.npy
img_0608.npy,0.0,1.0,0.49965242,0.2057651,0,1,"(128, 128, 128)",/home/grva-mint/Projects/Falhas/Dataset/dataset_74_2000/images/img_0608.npy,/home/grva-mint/Projects/Falhas/Dataset/dataset_74_2000/masks/img_0608.npy
img_0609.npy,0.0,1.0,0.49977794,0.20653218,0,1,"(128, 128, 128)",/home/grva-mint/Projects/Falhas/Dataset/dataset_74_2000/images/img_0609.npy,/home/grva-mint/Projects/Falhas/Dataset/dataset_74_2000/masks/img_0609.npy
img_0610.npy,0.0,1.0,0.50039214,0.1987989,0,1,"(128, 128, 128)",/home/grva-mint/Projects/Falhas/Dataset/dataset_74_2000/images/img_0610.npy,/home/grva-mint/Projects/Falhas/Dataset/dataset_74_2000/masks/img_0610.npy
img_0611.npy,0.0,1.0,0.50001997,0.2056169,0,0,"(128, 128, 128)",/home/grva-mint/Projects/Falhas/Dataset/dataset_74_2000/images/img_0611.npy,/home/grva-mint/Projects/Falhas/Dataset/dataset_74_2000/masks/img_0611.npy
img_0612.npy,0.0,1.0,0.49950984,0.20081049,0,1,"(128, 128, 128)",/home/grva-mint/Projects/Falhas/Dataset/dataset_74_2000/images/img_0612.npy,/home/grva-mint/Projects/Falhas/Dataset/dataset_74_2000/masks/img_0612.npy
img_0613.npy,0.0,1.0,0.49949613,0.20569716,0,1,"(128, 128, 128)",/home/grva-mint/Projects/Falhas/Dataset/dataset_74_2000/images/img_0613.npy,/home/grva-mint/Projects/Falhas/Dataset/dataset_74_2000/masks/img_0613.npy
img_0614.npy,0.0,1.0,0.499257,0.2042252,0,1,"(128, 128, 128)",/home/grva-mint/Projects/Falhas/Dataset/dataset_74_2000/images/img_0614.npy,/home/grva-mint/Projects/Falhas/Dataset/dataset_74_2000/masks/img_0614.npy
img_0615.npy,0.0,1.0,0.5002304,0.20442411,0,0,"(128, 128, 128)",/home/grva-mint/Projects/Falhas/Dataset/dataset_74_2000/images/img_0615.npy,/home/grva-mint/Projects/Falhas/Dataset/dataset_74_2000/masks/img_0615.npy
img_0616.npy,0.0,1.0,0.5001273,0.20531356,0,1,"(128, 128, 128)",/home/grva-mint/Projects/Falhas/Dataset/dataset_74_2000/images/img_0616.npy,/home/grva-mint/Projects/Falhas/Dataset/dataset_74_2000/masks/img_0616.npy
img_0617.npy,0.0,1.0,0.5012727,0.20066027,0,1,"(128, 128, 128)",/home/grva-mint/Projects/Falhas/Dataset/dataset_74_2000/images/img_0617.npy,/home/grva-mint/Projects/Falhas/Dataset/dataset_74_2000/masks/img_0617.npy
img_0618.npy,0.0,1.0,0.49974704,0.204863,0,1,"(128, 128, 128)",/home/grva-mint/Projects/Falhas/Dataset/dataset_74_2000/images/img_0618.npy,/home/grva-mint/Projects/Falhas/Dataset/dataset_74_2000/masks/img_0618.npy
img_0619.npy,0.0,1.0,0.4991181,0.19864006,0,1,"(128, 128, 128)",/home/grva-mint/Projects/Falhas/Dataset/dataset_74_2000/images/img_0619.npy,/home/grva-mint/Projects/Falhas/Dataset/dataset_74_2000/masks/img_0619.npy
img_0620.npy,0.0,1.0,0.50017554,0.205393,0,1,"(128, 128, 128)",/home/grva-mint/Projects/Falhas/Dataset/dataset_74_2000/images/img_0620.npy,/home/grva-mint/Projects/Falhas/Dataset/dataset_74_2000/masks/img_0620.npy
img_0621.npy,0.0,1.0,0.49914607,0.2039476,0,1,"(128, 128, 128)",/home/grva-mint/Projects/Falhas/Dataset/dataset_74_2000/images/img_0621.npy,/home/grva-mint/Projects/Falhas/Dataset/dataset_74_2000/masks/img_0621.npy
img_0622.npy,0.0,1.0,0.49786523,0.19904259,0,1,"(128, 128, 128)",/home/grva-mint/Projects/Falhas/Dataset/dataset_74_2000/images/img_0622.npy,/home/grva-mint/Projects/Falhas/Dataset/dataset_74_2000/masks/img_0622.npy
img_0623.npy,0.0,1.0,0.4999604,0.20595804,0,1,"(128, 128, 128)",/home/grva-mint/Projects/Falhas/Dataset/dataset_74_2000/images/img_0623.npy,/home/grva-mint/Projects/Falhas/Dataset/dataset_74_2000/masks/img_0623.npy
img_0624.npy,0.0,1.0,0.5003739,0.20250942,0,1,"(128, 128, 128)",/home/grva-mint/Projects/Falhas/Dataset/dataset_74_2000/images/img_0624.npy,/home/grva-mint/Projects/Falhas/Dataset/dataset_74_2000/masks/img_0624.npy
img_0625.npy,0.0,1.0,0.49904206,0.20066886,0,1,"(128, 128, 128)",/home/grva-mint/Projects/Falhas/Dataset/dataset_74_2000/images/img_0625.npy,/home/grva-mint/Projects/Falhas/Dataset/dataset_74_2000/masks/img_0625.npy
img_0626.npy,0.0,1.0,0.50004286,0.2060683,0,1,"(128, 128, 128)",/home/grva-mint/Projects/Falhas/Dataset/dataset_74_2000/images/img_0626.npy,/home/grva-mint/Projects/Falhas/Dataset/dataset_74_2000/masks/img_0626.npy
img_0627.npy,0.0,1.0,0.49993706,0.20627937,0,1,"(128, 128, 128)",/home/grva-mint/Projects/Falhas/Dataset/dataset_74_2000/images/img_0627.npy,/home/grva-mint/Projects/Falhas/Dataset/dataset_74_2000/masks/img_0627.npy
img_0628.npy,0.0,1.0,0.49986422,0.2045877,0,1,"(128, 128, 128)",/home/grva-mint/Projects/Falhas/Dataset/dataset_74_2000/images/img_0628.npy,/home/grva-mint/Projects/Falhas/Dataset/dataset_74_2000/masks/img_0628.npy
img_0629.npy,0.0,1.0,0.5002186,0.20413543,0,1,"(128, 128, 128)",/home/grva-mint/Projects/Falhas/Dataset/dataset_74_2000/images/img_0629.npy,/home/grva-mint/Projects/Falhas/Dataset/dataset_74_2000/masks/img_0629.npy
img_0630.npy,0.0,1.0,0.50253534,0.1899904,0,1,"(128, 128, 128)",/home/grva-mint/Projects/Falhas/Dataset/dataset_74_2000/images/img_0630.npy,/home/grva-mint/Projects/Falhas/Dataset/dataset_74_2000/masks/img_0630.npy
img_0631.npy,0.0,1.0,0.5003741,0.20274739,0,1,"(128, 128, 128)",/home/grva-mint/Projects/Falhas/Dataset/dataset_74_2000/images/img_0631.npy,/home/grva-mint/Projects/Falhas/Dataset/dataset_74_2000/masks/img_0631.npy
img_0632.npy,0.0,1.0,0.5002439,0.20373046,0,1,"(128, 128, 128)",/home/grva-mint/Projects/Falhas/Dataset/dataset_74_2000/images/img_0632.npy,/home/grva-mint/Projects/Falhas/Dataset/dataset_74_2000/masks/img_0632.npy
img_0633.npy,0.0,1.0,0.50010353,0.20628338,0,0,"(128, 128, 128)",/home/grva-mint/Projects/Falhas/Dataset/dataset_74_2000/images/img_0633.npy,/home/grva-mint/Projects/Falhas/Dataset/dataset_74_2000/masks/img_0633.npy
img_0634.npy,0.0,1.0,0.5006594,0.20196326,0,1,"(128, 128, 128)",/home/grva-mint/Projects/Falhas/Dataset/dataset_74_2000/images/img_0634.npy,/home/grva-mint/Projects/Falhas/Dataset/dataset_74_2000/masks/img_0634.npy
img_0635.npy,0.0,1.0,0.4997121,0.20497482,0,1,"(128, 128, 128)",/home/grva-mint/Projects/Falhas/Dataset/dataset_74_2000/images/img_0635.npy,/home/grva-mint/Projects/Falhas/Dataset/dataset_74_2000/masks/img_0635.npy
img_0636.npy,0.0,1.0,0.49968737,0.20557359,0,1,"(128, 128, 128)",/home/grva-mint/Projects/Falhas/Dataset/dataset_74_2000/images/img_0636.npy,/home/grva-mint/Projects/Falhas/Dataset/dataset_74_2000/masks/img_0636.npy
img_0637.npy,0.0,1.0,0.49933115,0.2053626,0,1,"(128, 128, 128)",/home/grva-mint/Projects/Falhas/Dataset/dataset_74_2000/images/img_0637.npy,/home/grva-mint/Projects/Falhas/Dataset/dataset_74_2000/masks/img_0637.npy
img_0638.npy,0.0,1.0,0.49977037,0.20541719,0,1,"(128, 128, 128)",/home/grva-mint/Projects/Falhas/Dataset/dataset_74_2000/images/img_0638.npy,/home/grva-mint/Projects/Falhas/Dataset/dataset_74_2000/masks/img_0638.npy
img_0639.npy,0.0,1.0,0.49857527,0.20194937,0,1,"(128, 128, 128)",/home/grva-mint/Projects/Falhas/Dataset/dataset_74_2000/images/img_0639.npy,/home/grva-mint/Projects/Falhas/Dataset/dataset_74_2000/masks/img_0639.npy
img_0640.npy,0.0,1.0,0.49988067,0.20631945,0,1,"(128, 128, 128)",/home/grva-mint/Projects/Falhas/Dataset/dataset_74_2000/images/img_0640.npy,/home/grva-mint/Projects/Falhas/Dataset/dataset_74_2000/masks/img_0640.npy
img_0641.npy,0.0,1.0,0.50018716,0.20236537,0,1,"(128, 128, 128)",/home/grva-mint/Projects/Falhas/Dataset/dataset_74_2000/images/img_0641.npy,/home/grva-mint/Projects/Falhas/Dataset/dataset_74_2000/masks/img_0641.npy
img_0642.npy,0.0,1.0,0.4999186,0.20082647,0,1,"(128, 128, 128)",/home/grva-mint/Projects/Falhas/Dataset/dataset_74_2000/images/img_0642.npy,/home/grva-mint/Projects/Falhas/Dataset/dataset_74_2000/masks/img_0642.npy
img_0643.npy,0.0,1.0,0.50052536,0.20483318,0,1,"(128, 128, 128)",/home/grva-mint/Projects/Falhas/Dataset/dataset_74_2000/images/img_0643.npy,/home/grva-mint/Projects/Falhas/Dataset/dataset_74_2000/masks/img_0643.npy
img_0644.npy,0.0,1.0,0.49921426,0.20161389,0,1,"(128, 128, 128)",/home/grva-mint/Projects/Falhas/Dataset/dataset_74_2000/images/img_0644.npy,/home/grva-mint/Projects/Falhas/Dataset/dataset_74_2000/masks/img_0644.npy
img_0645.npy,0.0,1.0,0.49927366,0.20488323,0,0,"(128, 128, 128)",/home/grva-mint/Projects/Falhas/Dataset/dataset_74_2000/images/img_0645.npy,/home/grva-mint/Projects/Falhas/Dataset/dataset_74_2000/masks/img_0645.npy
img_0646.npy,0.0,1.0,0.5006037,0.20460844,0,1,"(128, 128, 128)",/home/grva-mint/Projects/Falhas/Dataset/dataset_74_2000/images/img_0646.npy,/home/grva-mint/Projects/Falhas/Dataset/dataset_74_2000/masks/img_0646.npy
img_0647.npy,0.0,1.0,0.49960226,0.20554534,0,1,"(128, 128, 128)",/home/grva-mint/Projects/Falhas/Dataset/dataset_74_2000/images/img_0647.npy,/home/grva-mint/Projects/Falhas/Dataset/dataset_74_2000/masks/img_0647.npy
img_0648.npy,0.0,1.0,0.5009864,0.18967965,0,0,"(128, 128, 128)",/home/grva-mint/Projects/Falhas/Dataset/dataset_74_2000/images/img_0648.npy,/home/grva-mint/Projects/Falhas/Dataset/dataset_74_2000/masks/img_0648.npy
img_0649.npy,0.0,1.0,0.4999206,0.2061419,0,1,"(128, 128, 128)",/home/grva-mint/Projects/Falhas/Dataset/dataset_74_2000/images/img_0649.npy,/home/grva-mint/Projects/Falhas/Dataset/dataset_74_2000/masks/img_0649.npy
img_0650.npy,0.0,1.0,0.49948996,0.20467716,0,1,"(128, 128, 128)",/home/grva-mint/Projects/Falhas/Dataset/dataset_74_2000/images/img_0650.npy,/home/grva-mint/Projects/Falhas/Dataset/dataset_74_2000/masks/img_0650.npy
img_0651.npy,0.0,1.0,0.50002664,0.20657343,0,0,"(128, 128, 128)",/home/grva-mint/Projects/Falhas/Dataset/dataset_74_2000/images/img_0651.npy,/home/grva-mint/Projects/Falhas/Dataset/dataset_74_2000/masks/img_0651.npy
img_0652.npy,0.0,1.0,0.5002381,0.20400466,0,1,"(128, 128, 128)",/home/grva-mint/Projects/Falhas/Dataset/dataset_74_2000/images/img_0652.npy,/home/grva-mint/Projects/Falhas/Dataset/dataset_74_2000/masks/img_0652.npy
img_0653.npy,0.0,1.0,0.50145847,0.19912088,0,0,"(128, 128, 128)",/home/grva-mint/Projects/Falhas/Dataset/dataset_74_2000/images/img_0653.npy,/home/grva-mint/Projects/Falhas/Dataset/dataset_74_2000/masks/img_0653.npy
img_0654.npy,0.0,1.0,0.50081354,0.20314556,0,1,"(128, 128, 128)",/home/grva-mint/Projects/Falhas/Dataset/dataset_74_2000/images/img_0654.npy,/home/grva-mint/Projects/Falhas/Dataset/dataset_74_2000/masks/img_0654.npy
img_0655.npy,0.0,1.0,0.49924195,0.20394978,0,1,"(128, 128, 128)",/home/grva-mint/Projects/Falhas/Dataset/dataset_74_2000/images/img_0655.npy,/home/grva-mint/Projects/Falhas/Dataset/dataset_74_2000/masks/img_0655.npy
img_0656.npy,0.0,1.0,0.5003772,0.2029455,0,1,"(128, 128, 128)",/home/grva-mint/Projects/Falhas/Dataset/dataset_74_2000/images/img_0656.npy,/home/grva-mint/Projects/Falhas/Dataset/dataset_74_2000/masks/img_0656.npy
img_0657.npy,0.0,1.0,0.49970445,0.20591366,0,1,"(128, 128, 128)",/home/grva-mint/Projects/Falhas/Dataset/dataset_74_2000/images/img_0657.npy,/home/grva-mint/Projects/Falhas/Dataset/dataset_74_2000/masks/img_0657.npy
img_0658.npy,0.0,1.0,0.4998309,0.20641531,0,1,"(128, 128, 128)",/home/grva-mint/Projects/Falhas/Dataset/dataset_74_2000/images/img_0658.npy,/home/grva-mint/Projects/Falhas/Dataset/dataset_74_2000/masks/img_0658.npy
img_0659.npy,0.0,1.0,0.4998317,0.20621246,0,1,"(128, 128, 128)",/home/grva-mint/Projects/Falhas/Dataset/dataset_74_2000/images/img_0659.npy,/home/grva-mint/Projects/Falhas/Dataset/dataset_74_2000/masks/img_0659.npy
img_0660.npy,0.0,1.0,0.5001474,0.19954416,0,1,"(128, 128, 128)",/home/grva-mint/Projects/Falhas/Dataset/dataset_74_2000/images/img_0660.npy,/home/grva-mint/Projects/Falhas/Dataset/dataset_74_2000/masks/img_0660.npy
img_0661.npy,0.0,1.0,0.49980313,0.20597768,0,1,"(128, 128, 128)",/home/grva-mint/Projects/Falhas/Dataset/dataset_74_2000/images/img_0661.npy,/home/grva-mint/Projects/Falhas/Dataset/dataset_74_2000/masks/img_0661.npy
img_0662.npy,0.0,1.0,0.49898922,0.20104732,0,1,"(128, 128, 128)",/home/grva-mint/Projects/Falhas/Dataset/dataset_74_2000/images/img_0662.npy,/home/grva-mint/Projects/Falhas/Dataset/dataset_74_2000/masks/img_0662.npy
img_0663.npy,0.0,1.0,0.49974117,0.20455639,0,1,"(128, 128, 128)",/home/grva-mint/Projects/Falhas/Dataset/dataset_74_2000/images/img_0663.npy,/home/grva-mint/Projects/Falhas/Dataset/dataset_74_2000/masks/img_0663.npy
img_0664.npy,0.0,1.0,0.49933892,0.20397842,0,1,"(128, 128, 128)",/home/grva-mint/Projects/Falhas/Dataset/dataset_74_2000/images/img_0664.npy,/home/grva-mint/Projects/Falhas/Dataset/dataset_74_2000/masks/img_0664.npy
img_0665.npy,0.0,1.0,0.4999665,0.20564863,0,1,"(128, 128, 128)",/home/grva-mint/Projects/Falhas/Dataset/dataset_74_2000/images/img_0665.npy,/home/grva-mint/Projects/Falhas/Dataset/dataset_74_2000/masks/img_0665.npy
img_0666.npy,0.0,1.0,0.49962398,0.20520413,0,1,"(128, 128, 128)",/home/grva-mint/Projects/Falhas/Dataset/dataset_74_2000/images/img_0666.npy,/home/grva-mint/Projects/Falhas/Dataset/dataset_74_2000/masks/img_0666.npy
img_0667.npy,0.0,1.0,0.49989438,0.20604397,0,1,"(128, 128, 128)",/home/grva-mint/Projects/Falhas/Dataset/dataset_74_2000/images/img_0667.npy,/home/grva-mint/Projects/Falhas/Dataset/dataset_74_2000/masks/img_0667.npy
img_0668.npy,0.0,1.0,0.5002806,0.20520075,0,1,"(128, 128, 128)",/home/grva-mint/Projects/Falhas/Dataset/dataset_74_2000/images/img_0668.npy,/home/grva-mint/Projects/Falhas/Dataset/dataset_74_2000/masks/img_0668.npy
img_0669.npy,0.0,1.0,0.49970058,0.20623381,0,1,"(128, 128, 128)",/home/grva-mint/Projects/Falhas/Dataset/dataset_74_2000/images/img_0669.npy,/home/grva-mint/Projects/Falhas/Dataset/dataset_74_2000/masks/img_0669.npy
img_0670.npy,0.0,1.0,0.49992484,0.20672774,0,1,"(128, 128, 128)",/home/grva-mint/Projects/Falhas/Dataset/dataset_74_2000/images/img_0670.npy,/home/grva-mint/Projects/Falhas/Dataset/dataset_74_2000/masks/img_0670.npy
img_0671.npy,0.0,1.0,0.5013966,0.20019422,0,1,"(128, 128, 128)",/home/grva-mint/Projects/Falhas/Dataset/dataset_74_2000/images/img_0671.npy,/home/grva-mint/Projects/Falhas/Dataset/dataset_74_2000/masks/img_0671.npy
img_0672.npy,0.0,1.0,0.5005731,0.18954818,0,1,"(128, 128, 128)",/home/grva-mint/Projects/Falhas/Dataset/dataset_74_2000/images/img_0672.npy,/home/grva-mint/Projects/Falhas/Dataset/dataset_74_2000/masks/img_0672.npy
img_0673.npy,0.0,1.0,0.5005955,0.20393889,0,1,"(128, 128, 128)",/home/grva-mint/Projects/Falhas/Dataset/dataset_74_2000/images/img_0673.npy,/home/grva-mint/Projects/Falhas/Dataset/dataset_74_2000/masks/img_0673.npy
img_0674.npy,0.0,1.0,0.5010109,0.19915016,0,1,"(128, 128, 128)",/home/grva-mint/Projects/Falhas/Dataset/dataset_74_2000/images/img_0674.npy,/home/grva-mint/Projects/Falhas/Dataset/dataset_74_2000/masks/img_0674.npy
img_0675.npy,0.0,1.0,0.49992654,0.20671159,0,1,"(128, 128, 128)",/home/grva-mint/Projects/Falhas/Dataset/dataset_74_2000/images/img_0675.npy,/home/grva-mint/Projects/Falhas/Dataset/dataset_74_2000/masks/img_0675.npy
img_0676.npy,0.0,1.0,0.49981612,0.20551133,0,1,"(128, 128, 128)",/home/grva-mint/Projects/Falhas/Dataset/dataset_74_2000/images/img_0676.npy,/home/grva-mint/Projects/Falhas/Dataset/dataset_74_2000/masks/img_0676.npy
img_0677.npy,0.0,1.0,0.49896035,0.20078532,0,1,"(128, 128, 128)",/home/grva-mint/Projects/Falhas/Dataset/dataset_74_2000/images/img_0677.npy,/home/grva-mint/Projects/Falhas/Dataset/dataset_74_2000/masks/img_0677.npy
img_0678.npy,0.0,1.0,0.49983403,0.20483075,0,1,"(128, 128, 128)",/home/grva-mint/Projects/Falhas/Dataset/dataset_74_2000/images/img_0678.npy,/home/grva-mint/Projects/Falhas/Dataset/dataset_74_2000/masks/img_0678.npy
img_0679.npy,0.0,1.0,0.49984956,0.20363441,0,1,"(128, 128, 128)",/home/grva-mint/Projects/Falhas/Dataset/dataset_74_2000/images/img_0679.npy,/home/grva-mint/Projects/Falhas/Dataset/dataset_74_2000/masks/img_0679.npy
img_0680.npy,0.0,1.0,0.49916965,0.20302732,0,1,"(128, 128, 128)",/home/grva-mint/Projects/Falhas/Dataset/dataset_74_2000/images/img_0680.npy,/home/grva-mint/Projects/Falhas/Dataset/dataset_74_2000/masks/img_0680.npy
img_0681.npy,0.0,1.0,0.49984068,0.20604381,0,1,"(128, 128, 128)",/home/grva-mint/Projects/Falhas/Dataset/dataset_74_2000/images/img_0681.npy,/home/grva-mint/Projects/Falhas/Dataset/dataset_74_2000/masks/img_0681.npy
img_0682.npy,0.0,1.0,0.49932814,0.20309378,0,1,"(128, 128, 128)",/home/grva-mint/Projects/Falhas/Dataset/dataset_74_2000/images/img_0682.npy,/home/grva-mint/Projects/Falhas/Dataset/dataset_74_2000/masks/img_0682.npy
img_0683.npy,0.0,1.0,0.49897262,0.20383337,0,1,"(128, 128, 128)",/home/grva-mint/Projects/Falhas/Dataset/dataset_74_2000/images/img_0683.npy,/home/grva-mint/Projects/Falhas/Dataset/dataset_74_2000/masks/img_0683.npy
img_0684.npy,0.0,1.0,0.50018215,0.2038201,0,1,"(128, 128, 128)",/home/grva-mint/Projects/Falhas/Dataset/dataset_74_2000/images/img_0684.npy,/home/grva-mint/Projects/Falhas/Dataset/dataset_74_2000/masks/img_0684.npy
img_0685.npy,0.0,1.0,0.49860775,0.19759244,0,1,"(128, 128, 128)",/home/grva-mint/Projects/Falhas/Dataset/dataset_74_2000/images/img_0685.npy,/home/grva-mint/Projects/Falhas/Dataset/dataset_74_2000/masks/img_0685.npy
img_0686.npy,0.0,1.0,0.49949887,0.20502627,0,1,"(128, 128, 128)",/home/grva-mint/Projects/Falhas/Dataset/dataset_74_2000/images/img_0686.npy,/home/grva-mint/Projects/Falhas/Dataset/dataset_74_2000/masks/img_0686.npy
img_0687.npy,0.0,1.0,0.49905294,0.2000702,0,1,"(128, 128, 128)",/home/grva-mint/Projects/Falhas/Dataset/dataset_74_2000/images/img_0687.npy,/home/grva-mint/Projects/Falhas/Dataset/dataset_74_2000/masks/img_0687.npy
img_0688.npy,0.0,1.0,0.4999565,0.20650882,0,1,"(128, 128, 128)",/home/grva-mint/Projects/Falhas/Dataset/dataset_74_2000/images/img_0688.npy,/home/grva-mint/Projects/Falhas/Dataset/dataset_74_2000/masks/img_0688.npy
img_0689.npy,0.0,1.0,0.50021863,0.20546938,0,1,"(128, 128, 128)",/home/grva-mint/Projects/Falhas/Dataset/dataset_74_2000/images/img_0689.npy,/home/grva-mint/Projects/Falhas/Dataset/dataset_74_2000/masks/img_0689.npy
img_0690.npy,0.0,1.0,0.4998977,0.19828792,0,1,"(128, 128, 128)",/home/grva-mint/Projects/Falhas/Dataset/dataset_74_2000/images/img_0690.npy,/home/grva-mint/Projects/Falhas/Dataset/dataset_74_2000/masks/img_0690.npy
img_0691.npy,0.0,1.0,0.5000564,0.20534296,0,1,"(128, 128, 128)",/home/grva-mint/Projects/Falhas/Dataset/dataset_74_2000/images/img_0691.npy,/home/grva-mint/Projects/Falhas/Dataset/dataset_74_2000/masks/img_0691.npy
img_0692.npy,0.0,1.0,0.49979332,0.2054103,0,1,"(128, 128, 128)",/home/grva-mint/Projects/Falhas/Dataset/dataset_74_2000/images/img_0692.npy,/home/grva-mint/Projects/Falhas/Dataset/dataset_74_2000/masks/img_0692.npy
img_0693.npy,0.0,1.0,0.49953032,0.20573887,0,1,"(128, 128, 128)",/home/grva-mint/Projects/Falhas/Dataset/dataset_74_2000/images/img_0693.npy,/home/grva-mint/Projects/Falhas/Dataset/dataset_74_2000/masks/img_0693.npy
img_0694.npy,0.0,1.0,0.49732578,0.19199562,0,1,"(128, 128, 128)",/home/grva-mint/Projects/Falhas/Dataset/dataset_74_2000/images/img_0694.npy,/home/grva-mint/Projects/Falhas/Dataset/dataset_74_2000/masks/img_0694.npy
img_0695.npy,0.0,1.0,0.5002261,0.20590767,0,0,"(128, 128, 128)",/home/grva-mint/Projects/Falhas/Dataset/dataset_74_2000/images/img_0695.npy,/home/grva-mint/Projects/Falhas/Dataset/dataset_74_2000/masks/img_0695.npy
img_0696.npy,0.0,1.0,0.50104547,0.20167232,0,0,"(128, 128, 128)",/home/grva-mint/Projects/Falhas/Dataset/dataset_74_2000/images/img_0696.npy,/home/grva-mint/Projects/Falhas/Dataset/dataset_74_2000/masks/img_0696.npy
img_0697.npy,0.0,1.0,0.49952966,0.20533952,0,0,"(128, 128, 128)",/home/grva-mint/Projects/Falhas/Dataset/dataset_74_2000/images/img_0697.npy,/home/grva-mint/Projects/Falhas/Dataset/dataset_74_2000/masks/img_0697.npy
img_0698.npy,0.0,1.0,0.49950802,0.20507546,0,1,"(128, 128, 128)",/home/grva-mint/Projects/Falhas/Dataset/dataset_74_2000/images/img_0698.npy,/home/grva-mint/Projects/Falhas/Dataset/dataset_74_2000/masks/img_0698.npy
img_0699.npy,0.0,1.0,0.4998708,0.20531252,0,1,"(128, 128, 128)",/home/grva-mint/Projects/Falhas/Dataset/dataset_74_2000/images/img_0699.npy,/home/grva-mint/Projects/Falhas/Dataset/dataset_74_2000/masks/img_0699.npy
img_0700.npy,0.0,1.0,0.4998889,0.20672327,0,1,"(128, 128, 128)",/home/grva-mint/Projects/Falhas/Dataset/dataset_74_2000/images/img_0700.npy,/home/grva-mint/Projects/Falhas/Dataset/dataset_74_2000/masks/img_0700.npy
img_0701.npy,0.0,1.0,0.49844676,0.20144132,0,1,"(128, 128, 128)",/home/grva-mint/Projects/Falhas/Dataset/dataset_74_2000/images/img_0701.npy,/home/grva-mint/Projects/Falhas/Dataset/dataset_74_2000/masks/img_0701.npy
img_0702.npy,0.0,1.0,0.5001813,0.20566234,0,1,"(128, 128, 128)",/home/grva-mint/Projects/Falhas/Dataset/dataset_74_2000/images/img_0702.npy,/home/grva-mint/Projects/Falhas/Dataset/dataset_74_2000/masks/img_0702.npy
img_0703.npy,0.0,1.0,0.5026368,0.19806378,0,1,"(128, 128, 128)",/home/grva-mint/Projects/Falhas/Dataset/dataset_74_2000/images/img_0703.npy,/home/grva-mint/Projects/Falhas/Dataset/dataset_74_2000/masks/img_0703.npy
img_0704.npy,0.0,1.0,0.49867317,0.20176251,0,1,"(128, 128, 128)",/home/grva-mint/Projects/Falhas/Dataset/dataset_74_2000/images/img_0704.npy,/home/grva-mint/Projects/Falhas/Dataset/dataset_74_2000/masks/img_0704.npy
img_0705.npy,0.0,1.0,0.50033104,0.20506269,0,1,"(128, 128, 128)",/home/grva-mint/Projects/Falhas/Dataset/dataset_74_2000/images/img_0705.npy,/home/grva-mint/Projects/Falhas/Dataset/dataset_74_2000/masks/img_0705.npy
img_0706.npy,0.0,1.0,0.49897963,0.20384397,0,1,"(128, 128, 128)",/home/grva-mint/Projects/Falhas/Dataset/dataset_74_2000/images/img_0706.npy,/home/grva-mint/Projects/Falhas/Dataset/dataset_74_2000/masks/img_0706.npy
img_0707.npy,0.0,1.0,0.49993983,0.20493284,0,0,"(128, 128, 128)",/home/grva-mint/Projects/Falhas/Dataset/dataset_74_2000/images/img_0707.npy,/home/grva-mint/Projects/Falhas/Dataset/dataset_74_2000/masks/img_0707.npy
img_0708.npy,0.0,1.0,0.4998205,0.20389906,0,1,"(128, 128, 128)",/home/grva-mint/Projects/Falhas/Dataset/dataset_74_2000/images/img_0708.npy,/home/grva-mint/Projects/Falhas/Dataset/dataset_74_2000/masks/img_0708.npy
img_0709.npy,0.0,1.0,0.49989024,0.20439696,0,1,"(128, 128, 128)",/home/grva-mint/Projects/Falhas/Dataset/dataset_74_2000/images/img_0709.npy,/home/grva-mint/Projects/Falhas/Dataset/dataset_74_2000/masks/img_0709.npy
img_0710.npy,0.0,1.0,0.49944532,0.20566596,0,1,"(128, 128, 128)",/home/grva-mint/Projects/Falhas/Dataset/dataset_74_2000/images/img_0710.npy,/home/grva-mint/Projects/Falhas/Dataset/dataset_74_2000/masks/img_0710.npy
img_0711.npy,0.0,1.0,0.49979836,0.20560956,0,1,"(128, 128, 128)",/home/grva-mint/Projects/Falhas/Dataset/dataset_74_2000/images/img_0711.npy,/home/grva-mint/Projects/Falhas/Dataset/dataset_74_2000/masks/img_0711.npy
img_0712.npy,0.0,1.0,0.49937013,0.198826,0,1,"(128, 128, 128)",/home/grva-mint/Projects/Falhas/Dataset/dataset_74_2000/images/img_0712.npy,/home/grva-mint/Projects/Falhas/Dataset/dataset_74_2000/masks/img_0712.npy
img_0713.npy,0.0,1.0,0.499943,0.20554157,0,1,"(128, 128, 128)",/home/grva-mint/Projects/Falhas/Dataset/dataset_74_2000/images/img_0713.npy,/home/grva-mint/Projects/Falhas/Dataset/dataset_74_2000/masks/img_0713.npy
img_0714.npy,0.0,1.0,0.5009717,0.19603883,0,1,"(128, 128, 128)",/home/grva-mint/Projects/Falhas/Dataset/dataset_74_2000/images/img_0714.npy,/home/grva-mint/Projects/Falhas/Dataset/dataset_74_2000/masks/img_0714.npy
img_0715.npy,0.0,1.0,0.50057137,0.20466277,0,1,"(128, 128, 128)",/home/grva-mint/Projects/Falhas/Dataset/dataset_74_2000/images/img_0715.npy,/home/grva-mint/Projects/Falhas/Dataset/dataset_74_2000/masks/img_0715.npy
img_0716.npy,0.0,1.0,0.5004495,0.20428512,0,1,"(128, 128, 128)",/home/grva-mint/Projects/Falhas/Dataset/dataset_74_2000/images/img_0716.npy,/home/grva-mint/Projects/Falhas/Dataset/dataset_74_2000/masks/img_0716.npy
img_0717.npy,0.0,1.0,0.49878427,0.20369232,0,1,"(128, 128, 128)",/home/grva-mint/Projects/Falhas/Dataset/dataset_74_2000/images/img_0717.npy,/home/grva-mint/Projects/Falhas/Dataset/dataset_74_2000/masks/img_0717.npy
img_0718.npy,0.0,1.0,0.5001087,0.20467262,0,0,"(128, 128, 128)",/home/grva-mint/Projects/Falhas/Dataset/dataset_74_2000/images/img_0718.npy,/home/grva-mint/Projects/Falhas/Dataset/dataset_74_2000/masks/img_0718.npy
img_0719.npy,0.0,1.0,0.49971044,0.20553443,0,1,"(128, 128, 128)",/home/grva-mint/Projects/Falhas/Dataset/dataset_74_2000/images/img_0719.npy,/home/grva-mint/Projects/Falhas/Dataset/dataset_74_2000/masks/img_0719.npy
img_0720.npy,0.0,1.0,0.5001462,0.20558709,0,1,"(128, 128, 128)",/home/grva-mint/Projects/Falhas/Dataset/dataset_74_2000/images/img_0720.npy,/home/grva-mint/Projects/Falhas/Dataset/dataset_74_2000/masks/img_0720.npy
img_0721.npy,0.0,1.0,0.50002176,0.20600782,0,1,"(128, 128, 128)",/home/grva-mint/Projects/Falhas/Dataset/dataset_74_2000/images/img_0721.npy,/home/grva-mint/Projects/Falhas/Dataset/dataset_74_2000/masks/img_0721.npy
img_0722.npy,0.0,1.0,0.49958357,0.20524421,0,1,"(128, 128, 128)",/home/grva-mint/Projects/Falhas/Dataset/dataset_74_2000/images/img_0722.npy,/home/grva-mint/Projects/Falhas/Dataset/dataset_74_2000/masks/img_0722.npy
img_0723.npy,0.0,1.0,0.5000278,0.20433557,0,1,"(128, 128, 128)",/home/grva-mint/Projects/Falhas/Dataset/dataset_74_2000/images/img_0723.npy,/home/grva-mint/Projects/Falhas/Dataset/dataset_74_2000/masks/img_0723.npy
img_0724.npy,0.0,1.0,0.49965993,0.20361425,0,1,"(128, 128, 128)",/home/grva-mint/Projects/Falhas/Dataset/dataset_74_2000/images/img_0724.npy,/home/grva-mint/Projects/Falhas/Dataset/dataset_74_2000/masks/img_0724.npy
img_0725.npy,0.0,1.0,0.50198764,0.19761422,0,1,"(128, 128, 128)",/home/grva-mint/Projects/Falhas/Dataset/dataset_74_2000/images/img_0725.npy,/home/grva-mint/Projects/Falhas/Dataset/dataset_74_2000/masks/img_0725.npy
img_0726.npy,0.0,1.0,0.49932823,0.20313028,0,0,"(128, 128, 128)",/home/grva-mint/Projects/Falhas/Dataset/dataset_74_2000/images/img_0726.npy,/home/grva-mint/Projects/Falhas/Dataset/dataset_74_2000/masks/img_0726.npy
img_0727.npy,0.0,1.0,0.49956235,0.20284192,0,1,"(128, 128, 128)",/home/grva-mint/Projects/Falhas/Dataset/dataset_74_2000/images/img_0727.npy,/home/grva-mint/Projects/Falhas/Dataset/dataset_74_2000/masks/img_0727.npy
img_0728.npy,0.0,1.0,0.50123775,0.20274039,0,0,"(128, 128, 128)",/home/grva-mint/Projects/Falhas/Dataset/dataset_74_2000/images/img_0728.npy,/home/grva-mint/Projects/Falhas/Dataset/dataset_74_2000/masks/img_0728.npy
img_0729.npy,0.0,1.0,0.5001524,0.2053461,0,1,"(128, 128, 128)",/home/grva-mint/Projects/Falhas/Dataset/dataset_74_2000/images/img_0729.npy,/home/grva-mint/Projects/Falhas/Dataset/dataset_74_2000/masks/img_0729.npy
img_0730.npy,0.0,1.0,0.5009134,0.20324904,0,1,"(128, 128, 128)",/home/grva-mint/Projects/Falhas/Dataset/dataset_74_2000/images/img_0730.npy,/home/grva-mint/Projects/Falhas/Dataset/dataset_74_2000/masks/img_0730.npy
img_0731.npy,0.0,1.0,0.5001415,0.20440917,0,1,"(128, 128, 128)",/home/grva-mint/Projects/Falhas/Dataset/dataset_74_2000/images/img_0731.npy,/home/grva-mint/Projects/Falhas/Dataset/dataset_74_2000/masks/img_0731.npy
img_0732.npy,0.0,1.0,0.50016123,0.19764557,0,0,"(128, 128, 128)",/home/grva-mint/Projects/Falhas/Dataset/dataset_74_2000/images/img_0732.npy,/home/grva-mint/Projects/Falhas/Dataset/dataset_74_2000/masks/img_0732.npy
img_0733.npy,0.0,1.0,0.49922952,0.20134456,0,1,"(128, 128, 128)",/home/grva-mint/Projects/Falhas/Dataset/dataset_74_2000/images/img_0733.npy,/home/grva-mint/Projects/Falhas/Dataset/dataset_74_2000/masks/img_0733.npy
img_0734.npy,0.0,1.0,0.5000862,0.20201491,0,1,"(128, 128, 128)",/home/grva-mint/Projects/Falhas/Dataset/dataset_74_2000/images/img_0734.npy,/home/grva-mint/Projects/Falhas/Dataset/dataset_74_2000/masks/img_0734.npy
img_0735.npy,0.0,1.0,0.49843723,0.20208502,0,1,"(128, 128, 128)",/home/grva-mint/Projects/Falhas/Dataset/dataset_74_2000/images/img_0735.npy,/home/grva-mint/Projects/Falhas/Dataset/dataset_74_2000/masks/img_0735.npy
img_0736.npy,0.0,1.0,0.50084835,0.20110872,0,1,"(128, 128, 128)",/home/grva-mint/Projects/Falhas/Dataset/dataset_74_2000/images/img_0736.npy,/home/grva-mint/Projects/Falhas/Dataset/dataset_74_2000/masks/img_0736.npy
img_0737.npy,0.0,1.0,0.49962118,0.20568947,0,1,"(128, 128, 128)",/home/grva-mint/Projects/Falhas/Dataset/dataset_74_2000/images/img_0737.npy,/home/grva-mint/Projects/Falhas/Dataset/dataset_74_2000/masks/img_0737.npy
img_0738.npy,0.0,1.0,0.49919233,0.20311345,0,1,"(128, 128, 128)",/home/grva-mint/Projects/Falhas/Dataset/dataset_74_2000/images/img_0738.npy,/home/grva-mint/Projects/Falhas/Dataset/dataset_74_2000/masks/img_0738.npy
img_0739.npy,0.0,1.0,0.49989837,0.20557277,0,1,"(128, 128, 128)",/home/grva-mint/Projects/Falhas/Dataset/dataset_74_2000/images/img_0739.npy,/home/grva-mint/Projects/Falhas/Dataset/dataset_74_2000/masks/img_0739.npy
img_0740.npy,0.0,1.0,0.49980146,0.2022475,0,1,"(128, 128, 128)",/home/grva-mint/Projects/Falhas/Dataset/dataset_74_2000/images/img_0740.npy,/home/grva-mint/Projects/Falhas/Dataset/dataset_74_2000/masks/img_0740.npy
img_0741.npy,0.0,1.0,0.4999126,0.20473562,0,1,"(128, 128, 128)",/home/grva-mint/Projects/Falhas/Dataset/dataset_74_2000/images/img_0741.npy,/home/grva-mint/Projects/Falhas/Dataset/dataset_74_2000/masks/img_0741.npy
img_0742.npy,0.0,1.0,0.49945453,0.20425749,0,1,"(128, 128, 128)",/home/grva-mint/Projects/Falhas/Dataset/dataset_74_2000/images/img_0742.npy,/home/grva-mint/Projects/Falhas/Dataset/dataset_74_2000/masks/img_0742.npy
img_0743.npy,0.0,1.0,0.49992195,0.2064956,0,1,"(128, 128, 128)",/home/grva-mint/Projects/Falhas/Dataset/dataset_74_2000/images/img_0743.npy,/home/grva-mint/Projects/Falhas/Dataset/dataset_74_2000/masks/img_0743.npy
img_0744.npy,0.0,1.0,0.49965906,0.20505503,0,1,"(128, 128, 128)",/home/grva-mint/Projects/Falhas/Dataset/dataset_74_2000/images/img_0744.npy,/home/grva-mint/Projects/Falhas/Dataset/dataset_74_2000/masks/img_0744.npy
img_0745.npy,0.0,1.0,0.49939358,0.20230746,0,1,"(128, 128, 128)",/home/grva-mint/Projects/Falhas/Dataset/dataset_74_2000/images/img_0745.npy,/home/grva-mint/Projects/Falhas/Dataset/dataset_74_2000/masks/img_0745.npy
img_0746.npy,0.0,1.0,0.5030124,0.1919325,0,1,"(128, 128, 128)",/home/grva-mint/Projects/Falhas/Dataset/dataset_74_2000/images/img_0746.npy,/home/grva-mint/Projects/Falhas/Dataset/dataset_74_2000/masks/img_0746.npy
img_0747.npy,0.0,1.0,0.50007963,0.20628679,0,1,"(128, 128, 128)",/home/grva-mint/Projects/Falhas/Dataset/dataset_74_2000/images/img_0747.npy,/home/grva-mint/Projects/Falhas/Dataset/dataset_74_2000/masks/img_0747.npy
img_0748.npy,0.0,1.0,0.49945056,0.20490713,0,1,"(128, 128, 128)",/home/grva-mint/Projects/Falhas/Dataset/dataset_74_2000/images/img_0748.npy,/home/grva-mint/Projects/Falhas/Dataset/dataset_74_2000/masks/img_0748.npy
img_0749.npy,0.0,1.0,0.50093186,0.19473305,0,1,"(128, 128, 128)",/home/grva-mint/Projects/Falhas/Dataset/dataset_74_2000/images/img_0749.npy,/home/grva-mint/Projects/Falhas/Dataset/dataset_74_2000/masks/img_0749.npy
img_0750.npy,0.0,1.0,0.49841624,0.20181137,0,1,"(128, 128, 128)",/home/grva-mint/Projects/Falhas/Dataset/dataset_74_2000/images/img_0750.npy,/home/grva-mint/Projects/Falhas/Dataset/dataset_74_2000/masks/img_0750.npy
img_0751.npy,0.0,1.0,0.49953985,0.20524678,0,0,"(128, 128, 128)",/home/grva-mint/Projects/Falhas/Dataset/dataset_74_2000/images/img_0751.npy,/home/grva-mint/Projects/Falhas/Dataset/dataset_74_2000/masks/img_0751.npy
img_0752.npy,0.0,1.0,0.4990294,0.20274302,0,1,"(128, 128, 128)",/home/grva-mint/Projects/Falhas/Dataset/dataset_74_2000/images/img_0752.npy,/home/grva-mint/Projects/Falhas/Dataset/dataset_74_2000/masks/img_0752.npy
img_0753.npy,0.0,1.0,0.49995887,0.2051112,0,1,"(128, 128, 128)",/home/grva-mint/Projects/Falhas/Dataset/dataset_74_2000/images/img_0753.npy,/home/grva-mint/Projects/Falhas/Dataset/dataset_74_2000/masks/img_0753.npy
img_0754.npy,0.0,1.0,0.4981913,0.18608396,0,1,"(128, 128, 128)",/home/grva-mint/Projects/Falhas/Dataset/dataset_74_2000/images/img_0754.npy,/home/grva-mint/Projects/Falhas/Dataset/dataset_74_2000/masks/img_0754.npy
img_0755.npy,0.0,1.0,0.500006,0.20259908,0,1,"(128, 128, 128)",/home/grva-mint/Projects/Falhas/Dataset/dataset_74_2000/images/img_0755.npy,/home/grva-mint/Projects/Falhas/Dataset/dataset_74_2000/masks/img_0755.npy
img_0756.npy,0.0,1.0,0.49787346,0.20041233,0,0,"(128, 128, 128)",/home/grva-mint/Projects/Falhas/Dataset/dataset_74_2000/images/img_0756.npy,/home/grva-mint/Projects/Falhas/Dataset/dataset_74_2000/masks/img_0756.npy
img_0757.npy,0.0,1.0,0.499539,0.20394436,0,1,"(128, 128, 128)",/home/grva-mint/Projects/Falhas/Dataset/dataset_74_2000/images/img_0757.npy,/home/grva-mint/Projects/Falhas/Dataset/dataset_74_2000/masks/img_0757.npy
img_0758.npy,0.0,1.0,0.49993917,0.20612927,0,0,"(128, 128, 128)",/home/grva-mint/Projects/Falhas/Dataset/dataset_74_2000/images/img_0758.npy,/home/grva-mint/Projects/Falhas/Dataset/dataset_74_2000/masks/img_0758.npy
img_0759.npy,0.0,1.0,0.49953565,0.20531838,0,1,"(128, 128, 128)",/home/grva-mint/Projects/Falhas/Dataset/dataset_74_2000/images/img_0759.npy,/home/grva-mint/Projects/Falhas/Dataset/dataset_74_2000/masks/img_0759.npy
img_0760.npy,0.0,1.0,0.49995598,0.20658734,0,1,"(128, 128, 128)",/home/grva-mint/Projects/Falhas/Dataset/dataset_74_2000/images/img_0760.npy,/home/grva-mint/Projects/Falhas/Dataset/dataset_74_2000/masks/img_0760.npy
img_0761.npy,0.0,1.0,0.4975094,0.19713129,0,1,"(128, 128, 128)",/home/grva-mint/Projects/Falhas/Dataset/dataset_74_2000/images/img_0761.npy,/home/grva-mint/Projects/Falhas/Dataset/dataset_74_2000/masks/img_0761.npy
img_0762.npy,0.0,1.0,0.500557,0.1990355,0,1,"(128, 128, 128)",/home/grva-mint/Projects/Falhas/Dataset/dataset_74_2000/images/img_0762.npy,/home/grva-mint/Projects/Falhas/Dataset/dataset_74_2000/masks/img_0762.npy
img_0763.npy,0.0,1.0,0.49948427,0.18859863,0,1,"(128, 128, 128)",/home/grva-mint/Projects/Falhas/Dataset/dataset_74_2000/images/img_0763.npy,/home/grva-mint/Projects/Falhas/Dataset/dataset_74_2000/masks/img_0763.npy
img_0764.npy,0.0,1.0,0.5000085,0.20620933,0,0,"(128, 128, 128)",/home/grva-mint/Projects/Falhas/Dataset/dataset_74_2000/images/img_0764.npy,/home/grva-mint/Projects/Falhas/Dataset/dataset_74_2000/masks/img_0764.npy
img_0765.npy,0.0,1.0,0.5007228,0.20420933,0,1,"(128, 128, 128)",/home/grva-mint/Projects/Falhas/Dataset/dataset_74_2000/images/img_0765.npy,/home/grva-mint/Projects/Falhas/Dataset/dataset_74_2000/masks/img_0765.npy
img_0766.npy,0.0,1.0,0.49981323,0.20657496,0,1,"(128, 128, 128)",/home/grva-mint/Projects/Falhas/Dataset/dataset_74_2000/images/img_0766.npy,/home/grva-mint/Projects/Falhas/Dataset/dataset_74_2000/masks/img_0766.npy
img_0767.npy,0.0,1.0,0.49987787,0.20433141,0,1,"(128, 128, 128)",/home/grva-mint/Projects/Falhas/Dataset/dataset_74_2000/images/img_0767.npy,/home/grva-mint/Projects/Falhas/Dataset/dataset_74_2000/masks/img_0767.npy
img_0768.npy,0.0,1.0,0.5003166,0.20482486,0,1,"(128, 128, 128)",/home/grva-mint/Projects/Falhas/Dataset/dataset_74_2000/images/img_0768.npy,/home/grva-mint/Projects/Falhas/Dataset/dataset_74_2000/masks/img_0768.npy
img_0769.npy,0.0,1.0,0.49959305,0.20289963,0,1,"(128, 128, 128)",/home/grva-mint/Projects/Falhas/Dataset/dataset_74_2000/images/img_0769.npy,/home/grva-mint/Projects/Falhas/Dataset/dataset_74_2000/masks/img_0769.npy
img_0770.npy,0.0,1.0,0.49962285,0.20487663,0,1,"(128, 128, 128)",/home/grva-mint/Projects/Falhas/Dataset/dataset_74_2000/images/img_0770.npy,/home/grva-mint/Projects/Falhas/Dataset/dataset_74_2000/masks/img_0770.npy
img_0771.npy,0.0,1.0,0.4986362,0.19690345,0,1,"(128, 128, 128)",/home/grva-mint/Projects/Falhas/Dataset/dataset_74_2000/images/img_0771.npy,/home/grva-mint/Projects/Falhas/Dataset/dataset_74_2000/masks/img_0771.npy
img_0772.npy,0.0,1.0,0.49956515,0.1946583,0,1,"(128, 128, 128)",/home/grva-mint/Projects/Falhas/Dataset/dataset_74_2000/images/img_0772.npy,/home/grva-mint/Projects/Falhas/Dataset/dataset_74_2000/masks/img_0772.npy
img_0773.npy,0.0,1.0,0.49570492,0.18990804,0,1,"(128, 128, 128)",/home/grva-mint/Projects/Falhas/Dataset/dataset_74_2000/images/img_0773.npy,/home/grva-mint/Projects/Falhas/Dataset/dataset_74_2000/masks/img_0773.npy
img_0774.npy,0.0,1.0,0.50046414,0.20398606,0,1,"(128, 128, 128)",/home/grva-mint/Projects/Falhas/Dataset/dataset_74_2000/images/img_0774.npy,/home/grva-mint/Projects/Falhas/Dataset/dataset_74_2000/masks/img_0774.npy
img_0775.npy,0.0,1.0,0.50073767,0.20324218,0,1,"(128, 128, 128)",/home/grva-mint/Projects/Falhas/Dataset/dataset_74_2000/images/img_0775.npy,/home/grva-mint/Projects/Falhas/Dataset/dataset_74_2000/masks/img_0775.npy
img_0776.npy,0.0,1.0,0.49924046,0.20461932,0,1,"(128, 128, 128)",/home/grva-mint/Projects/Falhas/Dataset/dataset_74_2000/images/img_0776.npy,/home/grva-mint/Projects/Falhas/Dataset/dataset_74_2000/masks/img_0776.npy
img_0777.npy,0.0,1.0,0.50041986,0.20448612,0,1,"(128, 128, 128)",/home/grva-mint/Projects/Falhas/Dataset/dataset_74_2000/images/img_0777.npy,/home/grva-mint/Projects/Falhas/Dataset/dataset_74_2000/masks/img_0777.npy
img_0778.npy,0.0,1.0,0.49939892,0.20452283,0,1,"(128, 128, 128)",/home/grva-mint/Projects/Falhas/Dataset/dataset_74_2000/images/img_0778.npy,/home/grva-mint/Projects/Falhas/Dataset/dataset_74_2000/masks/img_0778.npy
img_0779.npy,0.0,1.0,0.50044423,0.20499179,0,1,"(128, 128, 128)",/home/grva-mint/Projects/Falhas/Dataset/dataset_74_2000/images/img_0779.npy,/home/grva-mint/Projects/Falhas/Dataset/dataset_74_2000/masks/img_0779.npy
img_0780.npy,0.0,1.0,0.49998486,0.20600651,0,1,"(128, 128, 128)",/home/grva-mint/Projects/Falhas/Dataset/dataset_74_2000/images/img_0780.npy,/home/grva-mint/Projects/Falhas/Dataset/dataset_74_2000/masks/img_0780.npy
img_0781.npy,0.0,1.0,0.50041986,0.20422043,0,1,"(128, 128, 128)",/home/grva-mint/Projects/Falhas/Dataset/dataset_74_2000/images/img_0781.npy,/home/grva-mint/Projects/Falhas/Dataset/dataset_74_2000/masks/img_0781.npy
img_0782.npy,0.0,1.0,0.5015357,0.20056893,0,1,"(128, 128, 128)",/home/grva-mint/Projects/Falhas/Dataset/dataset_74_2000/images/img_0782.npy,/home/grva-mint/Projects/Falhas/Dataset/dataset_74_2000/masks/img_0782.npy
img_0783.npy,0.0,1.0,0.5004978,0.2050879,0,0,"(128, 128, 128)",/home/grva-mint/Projects/Falhas/Dataset/dataset_74_2000/images/img_0783.npy,/home/grva-mint/Projects/Falhas/Dataset/dataset_74_2000/masks/img_0783.npy
img_0784.npy,0.0,1.0,0.49835747,0.19820167,0,1,"(128, 128, 128)",/home/grva-mint/Projects/Falhas/Dataset/dataset_74_2000/images/img_0784.npy,/home/grva-mint/Projects/Falhas/Dataset/dataset_74_2000/masks/img_0784.npy
img_0785.npy,0.0,1.0,0.50132555,0.20143822,0,1,"(128, 128, 128)",/home/grva-mint/Projects/Falhas/Dataset/dataset_74_2000/images/img_0785.npy,/home/grva-mint/Projects/Falhas/Dataset/dataset_74_2000/masks/img_0785.npy
img_0786.npy,0.0,1.0,0.50005734,0.20620278,0,1,"(128, 128, 128)",/home/grva-mint/Projects/Falhas/Dataset/dataset_74_2000/images/img_0786.npy,/home/grva-mint/Projects/Falhas/Dataset/dataset_74_2000/masks/img_0786.npy
img_0787.npy,0.0,1.0,0.4997004,0.2057727,0,1,"(128, 128, 128)",/home/grva-mint/Projects/Falhas/Dataset/dataset_74_2000/images/img_0787.npy,/home/grva-mint/Projects/Falhas/Dataset/dataset_74_2000/masks/img_0787.npy
img_0788.npy,0.0,1.0,0.49797723,0.19712651,0,1,"(128, 128, 128)",/home/grva-mint/Projects/Falhas/Dataset/dataset_74_2000/images/img_0788.npy,/home/grva-mint/Projects/Falhas/Dataset/dataset_74_2000/masks/img_0788.npy
img_0789.npy,0.0,1.0,0.5001122,0.2045419,0,1,"(128, 128, 128)",/home/grva-mint/Projects/Falhas/Dataset/dataset_74_2000/images/img_0789.npy,/home/grva-mint/Projects/Falhas/Dataset/dataset_74_2000/masks/img_0789.npy
img_0790.npy,0.0,1.0,0.49986863,0.20461272,0,1,"(128, 128, 128)",/home/grva-mint/Projects/Falhas/Dataset/dataset_74_2000/images/img_0790.npy,/home/grva-mint/Projects/Falhas/Dataset/dataset_74_2000/masks/img_0790.npy
img_0791.npy,0.0,1.0,0.49987394,0.206722,0,1,"(128, 128, 128)",/home/grva-mint/Projects/Falhas/Dataset/dataset_74_2000/images/img_0791.npy,/home/grva-mint/Projects/Falhas/Dataset/dataset_74_2000/masks/img_0791.npy
img_0792.npy,0.0,1.0,0.49958196,0.20515476,0,1,"(128, 128, 128)",/home/grva-mint/Projects/Falhas/Dataset/dataset_74_2000/images/img_0792.npy,/home/grva-mint/Projects/Falhas/Dataset/dataset_74_2000/masks/img_0792.npy
img_0793.npy,0.0,1.0,0.50027335,0.20150802,0,1,"(128, 128, 128)",/home/grva-mint/Projects/Falhas/Dataset/dataset_74_2000/images/img_0793.npy,/home/grva-mint/Projects/Falhas/Dataset/dataset_74_2000/masks/img_0793.npy
img_0794.npy,0.0,1.0,0.5044124,0.19214469,0,1,"(128, 128, 128)",/home/grva-mint/Projects/Falhas/Dataset/dataset_74_2000/images/img_0794.npy,/home/grva-mint/Projects/Falhas/Dataset/dataset_74_2000/masks/img_0794.npy
img_0795.npy,0.0,1.0,0.50032395,0.20479946,0,1,"(128, 128, 128)",/home/grva-mint/Projects/Falhas/Dataset/dataset_74_2000/images/img_0795.npy,/home/grva-mint/Projects/Falhas/Dataset/dataset_74_2000/masks/img_0795.npy
img_0796.npy,0.0,1.0,0.49852553,0.20229937,0,1,"(128, 128, 128)",/home/grva-mint/Projects/Falhas/Dataset/dataset_74_2000/images/img_0796.npy,/home/grva-mint/Projects/Falhas/Dataset/dataset_74_2000/masks/img_0796.npy
img_0797.npy,0.0,1.0,0.4989047,0.20351602,0,1,"(128, 128, 128)",/home/grva-mint/Projects/Falhas/Dataset/dataset_74_2000/images/img_0797.npy,/home/grva-mint/Projects/Falhas/Dataset/dataset_74_2000/masks/img_0797.npy
img_0798.npy,0.0,1.0,0.49990022,0.20455092,0,1,"(128, 128, 128)",/home/grva-mint/Projects/Falhas/Dataset/dataset_74_2000/images/img_0798.npy,/home/grva-mint/Projects/Falhas/Dataset/dataset_74_2000/masks/img_0798.npy
img_0799.npy,0.0,1.0,0.5007415,0.20377709,0,1,"(128, 128, 128)",/home/grva-mint/Projects/Falhas/Dataset/dataset_74_2000/images/img_0799.npy,/home/grva-mint/Projects/Falhas/Dataset/dataset_74_2000/masks/img_0799.npy
img_0800.npy,0.0,1.0,0.49803042,0.19277933,0,1,"(128, 128, 128)",/home/grva-mint/Projects/Falhas/Dataset/dataset_74_2000/images/img_0800.npy,/home/grva-mint/Projects/Falhas/Dataset/dataset_74_2000/masks/img_0800.npy
img_0801.npy,0.0,1.0,0.5001571,0.20516971,0,1,"(128, 128, 128)",/home/grva-mint/Projects/Falhas/Dataset/dataset_74_2000/images/img_0801.npy,/home/grva-mint/Projects/Falhas/Dataset/dataset_74_2000/masks/img_0801.npy
img_0802.npy,0.0,1.0,0.49872372,0.19574381,0,1,"(128, 128, 128)",/home/grva-mint/Projects/Falhas/Dataset/dataset_74_2000/images/img_0802.npy,/home/grva-mint/Projects/Falhas/Dataset/dataset_74_2000/masks/img_0802.npy
img_0803.npy,0.0,1.0,0.49980775,0.20385405,0,1,"(128, 128, 128)",/home/grva-mint/Projects/Falhas/Dataset/dataset_74_2000/images/img_0803.npy,/home/grva-mint/Projects/Falhas/Dataset/dataset_74_2000/masks/img_0803.npy
img_0804.npy,0.0,1.0,0.49971145,0.20490462,0,1,"(128, 128, 128)",/home/grva-mint/Projects/Falhas/Dataset/dataset_74_2000/images/img_0804.npy,/home/grva-mint/Projects/Falhas/Dataset/dataset_74_2000/masks/img_0804.npy
img_0805.npy,0.0,1.0,0.5001536,0.20477135,0,1,"(128, 128, 128)",/home/grva-mint/Projects/Falhas/Dataset/dataset_74_2000/images/img_0805.npy,/home/grva-mint/Projects/Falhas/Dataset/dataset_74_2000/masks/img_0805.npy
img_0806.npy,0.0,1.0,0.5000603,0.20566745,0,1,"(128, 128, 128)",/home/grva-mint/Projects/Falhas/Dataset/dataset_74_2000/images/img_0806.npy,/home/grva-mint/Projects/Falhas/Dataset/dataset_74_2000/masks/img_0806.npy
img_0807.npy,0.0,1.0,0.49937662,0.20367281,0,1,"(128, 128, 128)",/home/grva-mint/Projects/Falhas/Dataset/dataset_74_2000/images/img_0807.npy,/home/grva-mint/Projects/Falhas/Dataset/dataset_74_2000/masks/img_0807.npy
img_0808.npy,0.0,1.0,0.5001815,0.20296966,0,1,"(128, 128, 128)",/home/grva-mint/Projects/Falhas/Dataset/dataset_74_2000/images/img_0808.npy,/home/grva-mint/Projects/Falhas/Dataset/dataset_74_2000/masks/img_0808.npy
img_0809.npy,0.0,1.0,0.49926236,0.2033116,0,1,"(128, 128, 128)",/home/grva-mint/Projects/Falhas/Dataset/dataset_74_2000/images/img_0809.npy,/home/grva-mint/Projects/Falhas/Dataset/dataset_74_2000/masks/img_0809.npy
img_0810.npy,0.0,1.0,0.50039744,0.20532438,0,1,"(128, 128, 128)",/home/grva-mint/Projects/Falhas/Dataset/dataset_74_2000/images/img_0810.npy,/home/grva-mint/Projects/Falhas/Dataset/dataset_74_2000/masks/img_0810.npy
img_0811.npy,0.0,1.0,0.50015587,0.202055,0,1,"(128, 128, 128)",/home/grva-mint/Projects/Falhas/Dataset/dataset_74_2000/images/img_0811.npy,/home/grva-mint/Projects/Falhas/Dataset/dataset_74_2000/masks/img_0811.npy
img_0812.npy,0.0,1.0,0.49973574,0.2025307,0,1,"(128, 128, 128)",/home/grva-mint/Projects/Falhas/Dataset/dataset_74_2000/images/img_0812.npy,/home/grva-mint/Projects/Falhas/Dataset/dataset_74_2000/masks/img_0812.npy
img_0813.npy,0.0,1.0,0.49957305,0.20510752,0,1,"(128, 128, 128)",/home/grva-mint/Projects/Falhas/Dataset/dataset_74_2000/images/img_0813.npy,/home/grva-mint/Projects/Falhas/Dataset/dataset_74_2000/masks/img_0813.npy
img_0814.npy,0.0,1.0,0.4998419,0.20652826,0,0,"(128, 128, 128)",/home/grva-mint/Projects/Falhas/Dataset/dataset_74_2000/images/img_0814.npy,/home/grva-mint/Projects/Falhas/Dataset/dataset_74_2000/masks/img_0814.npy
img_0815.npy,0.0,1.0,0.4996732,0.20364046,0,1,"(128, 128, 128)",/home/grva-mint/Projects/Falhas/Dataset/dataset_74_2000/images/img_0815.npy,/home/grva-mint/Projects/Falhas/Dataset/dataset_74_2000/masks/img_0815.npy
img_0816.npy,0.0,1.0,0.500633,0.20435993,0,1,"(128, 128, 128)",/home/grva-mint/Projects/Falhas/Dataset/dataset_74_2000/images/img_0816.npy,/home/grva-mint/Projects/Falhas/Dataset/dataset_74_2000/masks/img_0816.npy
img_0817.npy,0.0,1.0,0.4992943,0.20410876,0,1,"(128, 128, 128)",/home/grva-mint/Projects/Falhas/Dataset/dataset_74_2000/images/img_0817.npy,/home/grva-mint/Projects/Falhas/Dataset/dataset_74_2000/masks/img_0817.npy
img_0818.npy,0.0,1.0,0.50026023,0.20571032,0,1,"(128, 128, 128)",/home/grva-mint/Projects/Falhas/Dataset/dataset_74_2000/images/img_0818.npy,/home/grva-mint/Projects/Falhas/Dataset/dataset_74_2000/masks/img_0818.npy
img_0819.npy,0.0,1.0,0.5003536,0.20441678,0,1,"(128, 128, 128)",/home/grva-mint/Projects/Falhas/Dataset/dataset_74_2000/images/img_0819.npy,/home/grva-mint/Projects/Falhas/Dataset/dataset_74_2000/masks/img_0819.npy
img_0820.npy,0.0,1.0,0.49963132,0.20615186,0,0,"(128, 128, 128)",/home/grva-mint/Projects/Falhas/Dataset/dataset_74_2000/images/img_0820.npy,/home/grva-mint/Projects/Falhas/Dataset/dataset_74_2000/masks/img_0820.npy
img_0821.npy,0.0,1.0,0.49974802,0.20640707,0,1,"(128, 128, 128)",/home/grva-mint/Projects/Falhas/Dataset/dataset_74_2000/images/img_0821.npy,/home/grva-mint/Projects/Falhas/Dataset/dataset_74_2000/masks/img_0821.npy
img_0822.npy,0.0,1.0,0.49980596,0.20225358,0,1,"(128, 128, 128)",/home/grva-mint/Projects/Falhas/Dataset/dataset_74_2000/images/img_0822.npy,/home/grva-mint/Projects/Falhas/Dataset/dataset_74_2000/masks/img_0822.npy
img_0823.npy,0.0,1.0,0.49972343,0.20434287,0,1,"(128, 128, 128)",/home/grva-mint/Projects/Falhas/Dataset/dataset_74_2000/images/img_0823.npy,/home/grva-mint/Projects/Falhas/Dataset/dataset_74_2000/masks/img_0823.npy
img_0824.npy,0.0,1.0,0.5003179,0.20289467,0,1,"(128, 128, 128)",/home/grva-mint/Projects/Falhas/Dataset/dataset_74_2000/images/img_0824.npy,/home/grva-mint/Projects/Falhas/Dataset/dataset_74_2000/masks/img_0824.npy
img_0825.npy,0.0,1.0,0.4985689,0.20212471,0,1,"(128, 128, 128)",/home/grva-mint/Projects/Falhas/Dataset/dataset_74_2000/images/img_0825.npy,/home/grva-mint/Projects/Falhas/Dataset/dataset_74_2000/masks/img_0825.npy
img_0826.npy,0.0,1.0,0.5000095,0.2029452,0,1,"(128, 128, 128)",/home/grva-mint/Projects/Falhas/Dataset/dataset_74_2000/images/img_0826.npy,/home/grva-mint/Projects/Falhas/Dataset/dataset_74_2000/masks/img_0826.npy
img_0827.npy,0.0,1.0,0.50223136,0.19398062,0,1,"(128, 128, 128)",/home/grva-mint/Projects/Falhas/Dataset/dataset_74_2000/images/img_0827.npy,/home/grva-mint/Projects/Falhas/Dataset/dataset_74_2000/masks/img_0827.npy
img_0828.npy,0.0,1.0,0.5001862,0.20584552,0,0,"(128, 128, 128)",/home/grva-mint/Projects/Falhas/Dataset/dataset_74_2000/images/img_0828.npy,/home/grva-mint/Projects/Falhas/Dataset/dataset_74_2000/masks/img_0828.npy
img_0829.npy,0.0,1.0,0.49946797,0.20518595,0,1,"(128, 128, 128)",/home/grva-mint/Projects/Falhas/Dataset/dataset_74_2000/images/img_0829.npy,/home/grva-mint/Projects/Falhas/Dataset/dataset_74_2000/masks/img_0829.npy
img_0830.npy,0.0,1.0,0.49962398,0.2055244,0,1,"(128, 128, 128)",/home/grva-mint/Projects/Falhas/Dataset/dataset_74_2000/images/img_0830.npy,/home/grva-mint/Projects/Falhas/Dataset/dataset_74_2000/masks/img_0830.npy
img_0831.npy,0.0,1.0,0.5019871,0.19775662,0,1,"(128, 128, 128)",/home/grva-mint/Projects/Falhas/Dataset/dataset_74_2000/images/img_0831.npy,/home/grva-mint/Projects/Falhas/Dataset/dataset_74_2000/masks/img_0831.npy
img_0832.npy,0.0,1.0,0.4994663,0.20484155,0,1,"(128, 128, 128)",/home/grva-mint/Projects/Falhas/Dataset/dataset_74_2000/images/img_0832.npy,/home/grva-mint/Projects/Falhas/Dataset/dataset_74_2000/masks/img_0832.npy
img_0833.npy,0.0,1.0,0.50052243,0.1997535,0,1,"(128, 128, 128)",/home/grva-mint/Projects/Falhas/Dataset/dataset_74_2000/images/img_0833.npy,/home/grva-mint/Projects/Falhas/Dataset/dataset_74_2000/masks/img_0833.npy
img_0834.npy,0.0,1.0,0.5000352,0.20651895,0,1,"(128, 128, 128)",/home/grva-mint/Projects/Falhas/Dataset/dataset_74_2000/images/img_0834.npy,/home/grva-mint/Projects/Falhas/Dataset/dataset_74_2000/masks/img_0834.npy
img_0835.npy,0.0,1.0,0.49999312,0.20574304,0,1,"(128, 128, 128)",/home/grva-mint/Projects/Falhas/Dataset/dataset_74_2000/images/img_0835.npy,/home/grva-mint/Projects/Falhas/Dataset/dataset_74_2000/masks/img_0835.npy
img_0836.npy,0.0,1.0,0.49893355,0.20064767,0,1,"(128, 128, 128)",/home/grva-mint/Projects/Falhas/Dataset/dataset_74_2000/images/img_0836.npy,/home/grva-mint/Projects/Falhas/Dataset/dataset_74_2000/masks/img_0836.npy
img_0837.npy,0.0,1.0,0.50001043,0.20505454,0,1,"(128, 128, 128)",/home/grva-mint/Projects/Falhas/Dataset/dataset_74_2000/images/img_0837.npy,/home/grva-mint/Projects/Falhas/Dataset/dataset_74_2000/masks/img_0837.npy
img_0838.npy,0.0,1.0,0.50018126,0.20518571,0,1,"(128, 128, 128)",/home/grva-mint/Projects/Falhas/Dataset/dataset_74_2000/images/img_0838.npy,/home/grva-mint/Projects/Falhas/Dataset/dataset_74_2000/masks/img_0838.npy
img_0839.npy,0.0,1.0,0.50002015,0.2015415,0,1,"(128, 128, 128)",/home/grva-mint/Projects/Falhas/Dataset/dataset_74_2000/images/img_0839.npy,/home/grva-mint/Projects/Falhas/Dataset/dataset_74_2000/masks/img_0839.npy
img_0840.npy,0.0,1.0,0.49989018,0.20539828,0,1,"(128, 128, 128)",/home/grva-mint/Projects/Falhas/Dataset/dataset_74_2000/images/img_0840.npy,/home/grva-mint/Projects/Falhas/Dataset/dataset_74_2000/masks/img_0840.npy
img_0841.npy,0.0,1.0,0.50013256,0.20548917,0,1,"(128, 128, 128)",/home/grva-mint/Projects/Falhas/Dataset/dataset_74_2000/images/img_0841.npy,/home/grva-mint/Projects/Falhas/Dataset/dataset_74_2000/masks/img_0841.npy
img_0842.npy,0.0,1.0,0.499649,0.20575863,0,1,"(128, 128, 128)",/home/grva-mint/Projects/Falhas/Dataset/dataset_74_2000/images/img_0842.npy,/home/grva-mint/Projects/Falhas/Dataset/dataset_74_2000/masks/img_0842.npy
img_0843.npy,0.0,1.0,0.49987566,0.20382325,0,1,"(128, 128, 128)",/home/grva-mint/Projects/Falhas/Dataset/dataset_74_2000/images/img_0843.npy,/home/grva-mint/Projects/Falhas/Dataset/dataset_74_2000/masks/img_0843.npy
img_0844.npy,0.0,1.0,0.49902806,0.1913416,0,1,"(128, 128, 128)",/home/grva-mint/Projects/Falhas/Dataset/dataset_74_2000/images/img_0844.npy,/home/grva-mint/Projects/Falhas/Dataset/dataset_74_2000/masks/img_0844.npy
img_0845.npy,0.0,1.0,0.49975163,0.20493284,0,1,"(128, 128, 128)",/home/grva-mint/Projects/Falhas/Dataset/dataset_74_2000/images/img_0845.npy,/home/grva-mint/Projects/Falhas/Dataset/dataset_74_2000/masks/img_0845.npy
img_0846.npy,0.0,1.0,0.5006233,0.20466794,0,1,"(128, 128, 128)",/home/grva-mint/Projects/Falhas/Dataset/dataset_74_2000/images/img_0846.npy,/home/grva-mint/Projects/Falhas/Dataset/dataset_74_2000/masks/img_0846.npy
img_0847.npy,0.0,1.0,0.5000037,0.20505725,0,0,"(128, 128, 128)",/home/grva-mint/Projects/Falhas/Dataset/dataset_74_2000/images/img_0847.npy,/home/grva-mint/Projects/Falhas/Dataset/dataset_74_2000/masks/img_0847.npy
img_0848.npy,0.0,1.0,0.49986684,0.2059832,0,1,"(128, 128, 128)",/home/grva-mint/Projects/Falhas/Dataset/dataset_74_2000/images/img_0848.npy,/home/grva-mint/Projects/Falhas/Dataset/dataset_74_2000/masks/img_0848.npy
img_0849.npy,0.0,1.0,0.50021285,0.20215695,0,1,"(128, 128, 128)",/home/grva-mint/Projects/Falhas/Dataset/dataset_74_2000/images/img_0849.npy,/home/grva-mint/Projects/Falhas/Dataset/dataset_74_2000/masks/img_0849.npy
img_0850.npy,0.0,1.0,0.49635416,0.19547139,0,1,"(128, 128, 128)",/home/grva-mint/Projects/Falhas/Dataset/dataset_74_2000/images/img_0850.npy,/home/grva-mint/Projects/Falhas/Dataset/dataset_74_2000/masks/img_0850.npy
img_0851.npy,0.0,1.0,0.49983695,0.20169313,0,1,"(128, 128, 128)",/home/grva-mint/Projects/Falhas/Dataset/dataset_74_2000/images/img_0851.npy,/home/grva-mint/Projects/Falhas/Dataset/dataset_74_2000/masks/img_0851.npy
img_0852.npy,0.0,1.0,0.49997273,0.20386975,0,1,"(128, 128, 128)",/home/grva-mint/Projects/Falhas/Dataset/dataset_74_2000/images/img_0852.npy,/home/grva-mint/Projects/Falhas/Dataset/dataset_74_2000/masks/img_0852.npy
img_0853.npy,0.0,1.0,0.50066096,0.19987127,0,1,"(128, 128, 128)",/home/grva-mint/Projects/Falhas/Dataset/dataset_74_2000/images/img_0853.npy,/home/grva-mint/Projects/Falhas/Dataset/dataset_74_2000/masks/img_0853.npy
img_0854.npy,0.0,1.0,0.4995416,0.20014569,0,1,"(128, 128, 128)",/home/grva-mint/Projects/Falhas/Dataset/dataset_74_2000/images/img_0854.npy,/home/grva-mint/Projects/Falhas/Dataset/dataset_74_2000/masks/img_0854.npy
img_0855.npy,0.0,1.0,0.4999925,0.2019183,0,1,"(128, 128, 128)",/home/grva-mint/Projects/Falhas/Dataset/dataset_74_2000/images/img_0855.npy,/home/grva-mint/Projects/Falhas/Dataset/dataset_74_2000/masks/img_0855.npy
img_0856.npy,0.0,1.0,0.49320263,0.18497327,0,1,"(128, 128, 128)",/home/grva-mint/Projects/Falhas/Dataset/dataset_74_2000/images/img_0856.npy,/home/grva-mint/Projects/Falhas/Dataset/dataset_74_2000/masks/img_0856.npy
img_0857.npy,0.0,1.0,0.49988192,0.20674947,0,1,"(128, 128, 128)",/home/grva-mint/Projects/Falhas/Dataset/dataset_74_2000/images/img_0857.npy,/home/grva-mint/Projects/Falhas/Dataset/dataset_74_2000/masks/img_0857.npy
img_0858.npy,0.0,1.0,0.5014774,0.18027528,0,1,"(128, 128, 128)",/home/grva-mint/Projects/Falhas/Dataset/dataset_74_2000/images/img_0858.npy,/home/grva-mint/Projects/Falhas/Dataset/dataset_74_2000/masks/img_0858.npy
img_0859.npy,0.0,1.0,0.49965125,0.20495772,0,1,"(128, 128, 128)",/home/grva-mint/Projects/Falhas/Dataset/dataset_74_2000/images/img_0859.npy,/home/grva-mint/Projects/Falhas/Dataset/dataset_74_2000/masks/img_0859.npy
img_0860.npy,0.0,1.0,0.49997365,0.19727758,0,1,"(128, 128, 128)",/home/grva-mint/Projects/Falhas/Dataset/dataset_74_2000/images/img_0860.npy,/home/grva-mint/Projects/Falhas/Dataset/dataset_74_2000/masks/img_0860.npy
img_0861.npy,0.0,1.0,0.49894,0.20379135,0,0,"(128, 128, 128)",/home/grva-mint/Projects/Falhas/Dataset/dataset_74_2000/images/img_0861.npy,/home/grva-mint/Projects/Falhas/Dataset/dataset_74_2000/masks/img_0861.npy
img_0862.npy,0.0,1.0,0.50246686,0.19901799,0,1,"(128, 128, 128)",/home/grva-mint/Projects/Falhas/Dataset/dataset_74_2000/images/img_0862.npy,/home/grva-mint/Projects/Falhas/Dataset/dataset_74_2000/masks/img_0862.npy
img_0863.npy,0.0,1.0,0.49957967,0.19827577,0,1,"(128, 128, 128)",/home/grva-mint/Projects/Falhas/Dataset/dataset_74_2000/images/img_0863.npy,/home/grva-mint/Projects/Falhas/Dataset/dataset_74_2000/masks/img_0863.npy
img_0864.npy,0.0,1.0,0.49916223,0.2047646,0,1,"(128, 128, 128)",/home/grva-mint/Projects/Falhas/Dataset/dataset_74_2000/images/img_0864.npy,/home/grva-mint/Projects/Falhas/Dataset/dataset_74_2000/masks/img_0864.npy
img_0865.npy,0.0,1.0,0.49925274,0.20466806,0,1,"(128, 128, 128)",/home/grva-mint/Projects/Falhas/Dataset/dataset_74_2000/images/img_0865.npy,/home/grva-mint/Projects/Falhas/Dataset/dataset_74_2000/masks/img_0865.npy
img_0866.npy,0.0,1.0,0.49987862,0.20399745,0,0,"(128, 128, 128)",/home/grva-mint/Projects/Falhas/Dataset/dataset_74_2000/images/img_0866.npy,/home/grva-mint/Projects/Falhas/Dataset/dataset_74_2000/masks/img_0866.npy
img_0867.npy,0.0,1.0,0.5006616,0.20441547,0,1,"(128, 128, 128)",/home/grva-mint/Projects/Falhas/Dataset/dataset_74_2000/images/img_0867.npy,/home/grva-mint/Projects/Falhas/Dataset/dataset_74_2000/masks/img_0867.npy
img_0868.npy,0.0,1.0,0.49972254,0.2035418,0,1,"(128, 128, 128)",/home/grva-mint/Projects/Falhas/Dataset/dataset_74_2000/images/img_0868.npy,/home/grva-mint/Projects/Falhas/Dataset/dataset_74_2000/masks/img_0868.npy
img_0869.npy,0.0,1.0,0.50008583,0.20578893,0,1,"(128, 128, 128)",/home/grva-mint/Projects/Falhas/Dataset/dataset_74_2000/images/img_0869.npy,/home/grva-mint/Projects/Falhas/Dataset/dataset_74_2000/masks/img_0869.npy
img_0870.npy,0.0,1.0,0.5000602,0.20534089,0,0,"(128, 128, 128)",/home/grva-mint/Projects/Falhas/Dataset/dataset_74_2000/images/img_0870.npy,/home/grva-mint/Projects/Falhas/Dataset/dataset_74_2000/masks/img_0870.npy
img_0871.npy,0.0,1.0,0.49877596,0.19919208,0,1,"(128, 128, 128)",/home/grva-mint/Projects/Falhas/Dataset/dataset_74_2000/images/img_0871.npy,/home/grva-mint/Projects/Falhas/Dataset/dataset_74_2000/masks/img_0871.npy
img_0872.npy,0.0,1.0,0.5009153,0.20241308,0,1,"(128, 128, 128)",/home/grva-mint/Projects/Falhas/Dataset/dataset_74_2000/images/img_0872.npy,/home/grva-mint/Projects/Falhas/Dataset/dataset_74_2000/masks/img_0872.npy
img_0873.npy,0.0,1.0,0.5007147,0.20150644,0,1,"(128, 128, 128)",/home/grva-mint/Projects/Falhas/Dataset/dataset_74_2000/images/img_0873.npy,/home/grva-mint/Projects/Falhas/Dataset/dataset_74_2000/masks/img_0873.npy
img_0874.npy,0.0,1.0,0.50014526,0.2053114,0,0,"(128, 128, 128)",/home/grva-mint/Projects/Falhas/Dataset/dataset_74_2000/images/img_0874.npy,/home/grva-mint/Projects/Falhas/Dataset/dataset_74_2000/masks/img_0874.npy
img_0875.npy,0.0,1.0,0.49930933,0.20500971,0,1,"(128, 128, 128)",/home/grva-mint/Projects/Falhas/Dataset/dataset_74_2000/images/img_0875.npy,/home/grva-mint/Projects/Falhas/Dataset/dataset_74_2000/masks/img_0875.npy
img_0876.npy,0.0,1.0,0.4999024,0.20682177,0,1,"(128, 128, 128)",/home/grva-mint/Projects/Falhas/Dataset/dataset_74_2000/images/img_0876.npy,/home/grva-mint/Projects/Falhas/Dataset/dataset_74_2000/masks/img_0876.npy
img_0877.npy,0.0,1.0,0.4994774,0.20562351,0,1,"(128, 128, 128)",/home/grva-mint/Projects/Falhas/Dataset/dataset_74_2000/images/img_0877.npy,/home/grva-mint/Projects/Falhas/Dataset/dataset_74_2000/masks/img_0877.npy
img_0878.npy,0.0,1.0,0.49855208,0.20210336,0,1,"(128, 128, 128)",/home/grva-mint/Projects/Falhas/Dataset/dataset_74_2000/images/img_0878.npy,/home/grva-mint/Projects/Falhas/Dataset/dataset_74_2000/masks/img_0878.npy
img_0879.npy,0.0,1.0,0.50068516,0.19716717,0,1,"(128, 128, 128)",/home/grva-mint/Projects/Falhas/Dataset/dataset_74_2000/images/img_0879.npy,/home/grva-mint/Projects/Falhas/Dataset/dataset_74_2000/masks/img_0879.npy
img_0880.npy,0.0,1.0,0.5005196,0.20339893,0,1,"(128, 128, 128)",/home/grva-mint/Projects/Falhas/Dataset/dataset_74_2000/images/img_0880.npy,/home/grva-mint/Projects/Falhas/Dataset/dataset_74_2000/masks/img_0880.npy
img_0881.npy,0.0,1.0,0.49983752,0.2058578,0,1,"(128, 128, 128)",/home/grva-mint/Projects/Falhas/Dataset/dataset_74_2000/images/img_0881.npy,/home/grva-mint/Projects/Falhas/Dataset/dataset_74_2000/masks/img_0881.npy
img_0882.npy,0.0,1.0,0.49963996,0.20534083,0,0,"(128, 128, 128)",/home/grva-mint/Projects/Falhas/Dataset/dataset_74_2000/images/img_0882.npy,/home/grva-mint/Projects/Falhas/Dataset/dataset_74_2000/masks/img_0882.npy
img_0883.npy,0.0,1.0,0.5001667,0.20293596,0,1,"(128, 128, 128)",/home/grva-mint/Projects/Falhas/Dataset/dataset_74_2000/images/img_0883.npy,/home/grva-mint/Projects/Falhas/Dataset/dataset_74_2000/masks/img_0883.npy
img_0884.npy,0.0,1.0,0.49974287,0.2047661,0,1,"(128, 128, 128)",/home/grva-mint/Projects/Falhas/Dataset/dataset_74_2000/images/img_0884.npy,/home/grva-mint/Projects/Falhas/Dataset/dataset_74_2000/masks/img_0884.npy
img_0885.npy,0.0,1.0,0.5016428,0.19593513,0,1,"(128, 128, 128)",/home/grva-mint/Projects/Falhas/Dataset/dataset_74_2000/images/img_0885.npy,/home/grva-mint/Projects/Falhas/Dataset/dataset_74_2000/masks/img_0885.npy
img_0886.npy,0.0,1.0,0.5006494,0.20337474,0,1,"(128, 128, 128)",/home/grva-mint/Projects/Falhas/Dataset/dataset_74_2000/images/img_0886.npy,/home/grva-mint/Projects/Falhas/Dataset/dataset_74_2000/masks/img_0886.npy
img_0887.npy,0.0,1.0,0.5021825,0.19452645,0,0,"(128, 128, 128)",/home/grva-mint/Projects/Falhas/Dataset/dataset_74_2000/images/img_0887.npy,/home/grva-mint/Projects/Falhas/Dataset/dataset_74_2000/masks/img_0887.npy
img_0888.npy,0.0,1.0,0.49985752,0.20432013,0,1,"(128, 128, 128)",/home/grva-mint/Projects/Falhas/Dataset/dataset_74_2000/images/img_0888.npy,/home/grva-mint/Projects/Falhas/Dataset/dataset_74_2000/masks/img_0888.npy
img_0889.npy,0.0,1.0,0.4995371,0.20412268,0,1,"(128, 128, 128)",/home/grva-mint/Projects/Falhas/Dataset/dataset_74_2000/images/img_0889.npy,/home/grva-mint/Projects/Falhas/Dataset/dataset_74_2000/masks/img_0889.npy
img_0890.npy,0.0,1.0,0.49981192,0.20535657,0,1,"(128, 128, 128)",/home/grva-mint/Projects/Falhas/Dataset/dataset_74_2000/images/img_0890.npy,/home/grva-mint/Projects/Falhas/Dataset/dataset_74_2000/masks/img_0890.npy
img_0891.npy,0.0,1.0,0.50430787,0.18930715,0,1,"(128, 128, 128)",/home/grva-mint/Projects/Falhas/Dataset/dataset_74_2000/images/img_0891.npy,/home/grva-mint/Projects/Falhas/Dataset/dataset_74_2000/masks/img_0891.npy
img_0892.npy,0.0,1.0,0.49991283,0.20686239,0,0,"(128, 128, 128)",/home/grva-mint/Projects/Falhas/Dataset/dataset_74_2000/images/img_0892.npy,/home/grva-mint/Projects/Falhas/Dataset/dataset_74_2000/masks/img_0892.npy
img_0893.npy,0.0,1.0,0.50059617,0.20430553,0,1,"(128, 128, 128)",/home/grva-mint/Projects/Falhas/Dataset/dataset_74_2000/images/img_0893.npy,/home/grva-mint/Projects/Falhas/Dataset/dataset_74_2000/masks/img_0893.npy
img_0894.npy,0.0,1.0,0.49990645,0.20686035,0,1,"(128, 128, 128)",/home/grva-mint/Projects/Falhas/Dataset/dataset_74_2000/images/img_0894.npy,/home/grva-mint/Projects/Falhas/Dataset/dataset_74_2000/masks/img_0894.npy
img_0895.npy,0.0,1.0,0.49794707,0.19729184,0,1,"(128, 128, 128)",/home/grva-mint/Projects/Falhas/Dataset/dataset_74_2000/images/img_0895.npy,/home/grva-mint/Projects/Falhas/Dataset/dataset_74_2000/masks/img_0895.npy
img_0896.npy,0.0,1.0,0.49818105,0.20209962,0,1,"(128, 128, 128)",/home/grva-mint/Projects/Falhas/Dataset/dataset_74_2000/images/img_0896.npy,/home/grva-mint/Projects/Falhas/Dataset/dataset_74_2000/masks/img_0896.npy
img_0897.npy,0.0,1.0,0.5005302,0.20020011,0,1,"(128, 128, 128)",/home/grva-mint/Projects/Falhas/Dataset/dataset_74_2000/images/img_0897.npy,/home/grva-mint/Projects/Falhas/Dataset/dataset_74_2000/masks/img_0897.npy
img_0898.npy,0.0,1.0,0.49969962,0.20275919,0,1,"(128, 128, 128)",/home/grva-mint/Projects/Falhas/Dataset/dataset_74_2000/images/img_0898.npy,/home/grva-mint/Projects/Falhas/Dataset/dataset_74_2000/masks/img_0898.npy
img_0899.npy,0.0,1.0,0.5000334,0.2058814,0,1,"(128, 128, 128)",/home/grva-mint/Projects/Falhas/Dataset/dataset_74_2000/images/img_0899.npy,/home/grva-mint/Projects/Falhas/Dataset/dataset_74_2000/masks/img_0899.npy
img_0900.npy,0.0,1.0,0.49900046,0.19459075,0,1,"(128, 128, 128)",/home/grva-mint/Projects/Falhas/Dataset/dataset_74_2000/images/img_0900.npy,/home/grva-mint/Projects/Falhas/Dataset/dataset_74_2000/masks/img_0900.npy
img_0901.npy,0.0,1.0,0.49984762,0.20161587,0,1,"(128, 128, 128)",/home/grva-mint/Projects/Falhas/Dataset/dataset_74_2000/images/img_0901.npy,/home/grva-mint/Projects/Falhas/Dataset/dataset_74_2000/masks/img_0901.npy
img_0902.npy,0.0,1.0,0.5015014,0.18614256,0,1,"(128, 128, 128)",/home/grva-mint/Projects/Falhas/Dataset/dataset_74_2000/images/img_0902.npy,/home/grva-mint/Projects/Falhas/Dataset/dataset_74_2000/masks/img_0902.npy
img_0903.npy,0.0,1.0,0.49959397,0.20536116,0,1,"(128, 128, 128)",/home/grva-mint/Projects/Falhas/Dataset/dataset_74_2000/images/img_0903.npy,/home/grva-mint/Projects/Falhas/Dataset/dataset_74_2000/masks/img_0903.npy
img_0904.npy,0.0,1.0,0.5000366,0.20581858,0,1,"(128, 128, 128)",/home/grva-mint/Projects/Falhas/Dataset/dataset_74_2000/images/img_0904.npy,/home/grva-mint/Projects/Falhas/Dataset/dataset_74_2000/masks/img_0904.npy
img_0905.npy,0.0,1.0,0.5012796,0.20299862,0,0,"(128, 128, 128)",/home/grva-mint/Projects/Falhas/Dataset/dataset_74_2000/images/img_0905.npy,/home/grva-mint/Projects/Falhas/Dataset/dataset_74_2000/masks/img_0905.npy
img_0906.npy,0.0,1.0,0.4996938,0.20439413,0,1,"(128, 128, 128)",/home/grva-mint/Projects/Falhas/Dataset/dataset_74_2000/images/img_0906.npy,/home/grva-mint/Projects/Falhas/Dataset/dataset_74_2000/masks/img_0906.npy
img_0907.npy,0.0,1.0,0.49877965,0.18625826,0,1,"(128, 128, 128)",/home/grva-mint/Projects/Falhas/Dataset/dataset_74_2000/images/img_0907.npy,/home/grva-mint/Projects/Falhas/Dataset/dataset_74_2000/masks/img_0907.npy
img_0908.npy,0.0,1.0,0.5003205,0.20147637,0,1,"(128, 128, 128)",/home/grva-mint/Projects/Falhas/Dataset/dataset_74_2000/images/img_0908.npy,/home/grva-mint/Projects/Falhas/Dataset/dataset_74_2000/masks/img_0908.npy
img_0909.npy,0.0,1.0,0.499398,0.20544007,0,1,"(128, 128, 128)",/home/grva-mint/Projects/Falhas/Dataset/dataset_74_2000/images/img_0909.npy,/home/grva-mint/Projects/Falhas/Dataset/dataset_74_2000/masks/img_0909.npy
img_0910.npy,0.0,1.0,0.49981743,0.20570107,0,1,"(128, 128, 128)",/home/grva-mint/Projects/Falhas/Dataset/dataset_74_2000/images/img_0910.npy,/home/grva-mint/Projects/Falhas/Dataset/dataset_74_2000/masks/img_0910.npy
img_0911.npy,0.0,1.0,0.5005162,0.2041361,0,1,"(128, 128, 128)",/home/grva-mint/Projects/Falhas/Dataset/dataset_74_2000/images/img_0911.npy,/home/grva-mint/Projects/Falhas/Dataset/dataset_74_2000/masks/img_0911.npy
img_0912.npy,0.0,1.0,0.49955586,0.20506947,0,1,"(128, 128, 128)",/home/grva-mint/Projects/Falhas/Dataset/dataset_74_2000/images/img_0912.npy,/home/grva-mint/Projects/Falhas/Dataset/dataset_74_2000/masks/img_0912.npy
img_0913.npy,0.0,1.0,0.49951065,0.20455985,0,1,"(128, 128, 128)",/home/grva-mint/Projects/Falhas/Dataset/dataset_74_2000/images/img_0913.npy,/home/grva-mint/Projects/Falhas/Dataset/dataset_74_2000/masks/img_0913.npy
img_0914.npy,0.0,1.0,0.49973637,0.20445752,0,1,"(128, 128, 128)",/home/grva-mint/Projects/Falhas/Dataset/dataset_74_2000/images/img_0914.npy,/home/grva-mint/Projects/Falhas/Dataset/dataset_74_2000/masks/img_0914.npy
img_0915.npy,0.0,1.0,0.5006424,0.20248906,0,1,"(128, 128, 128)",/home/grva-mint/Projects/Falhas/Dataset/dataset_74_2000/images/img_0915.npy,/home/grva-mint/Projects/Falhas/Dataset/dataset_74_2000/masks/img_0915.npy
img_0916.npy,0.0,1.0,0.5000566,0.20608826,0,1,"(128, 128, 128)",/home/grva-mint/Projects/Falhas/Dataset/dataset_74_2000/images/img_0916.npy,/home/grva-mint/Projects/Falhas/Dataset/dataset_74_2000/masks/img_0916.npy
img_0917.npy,0.0,1.0,0.49945614,0.20208688,0,1,"(128, 128, 128)",/home/grva-mint/Projects/Falhas/Dataset/dataset_74_2000/images/img_0917.npy,/home/grva-mint/Projects/Falhas/Dataset/dataset_74_2000/masks/img_0917.npy
img_0918.npy,0.0,1.0,0.5000794,0.20421891,0,0,"(128, 128, 128)",/home/grva-mint/Projects/Falhas/Dataset/dataset_74_2000/images/img_0918.npy,/home/grva-mint/Projects/Falhas/Dataset/dataset_74_2000/masks/img_0918.npy
img_0919.npy,0.0,1.0,0.4992371,0.20469108,0,1,"(128, 128, 128)",/home/grva-mint/Projects/Falhas/Dataset/dataset_74_2000/images/img_0919.npy,/home/grva-mint/Projects/Falhas/Dataset/dataset_74_2000/masks/img_0919.npy
img_0920.npy,0.0,1.0,0.5000418,0.20609622,0,0,"(128, 128, 128)",/home/grva-mint/Projects/Falhas/Dataset/dataset_74_2000/images/img_0920.npy,/home/grva-mint/Projects/Falhas/Dataset/dataset_74_2000/masks/img_0920.npy
img_0921.npy,0.0,1.0,0.5002346,0.20512334,0,1,"(128, 128, 128)",/home/grva-mint/Projects/Falhas/Dataset/dataset_74_2000/images/img_0921.npy,/home/grva-mint/Projects/Falhas/Dataset/dataset_74_2000/masks/img_0921.npy
img_0922.npy,0.0,1.0,0.5000849,0.2063796,0,1,"(128, 128, 128)",/home/grva-mint/Projects/Falhas/Dataset/dataset_74_2000/images/img_0922.npy,/home/grva-mint/Projects/Falhas/Dataset/dataset_74_2000/masks/img_0922.npy
img_0923.npy,0.0,1.0,0.5017474,0.19517781,0,1,"(128, 128, 128)",/home/grva-mint/Projects/Falhas/Dataset/dataset_74_2000/images/img_0923.npy,/home/grva-mint/Projects/Falhas/Dataset/dataset_74_2000/masks/img_0923.npy
img_0924.npy,0.0,1.0,0.50006455,0.2031987,0,0,"(128, 128, 128)",/home/grva-mint/Projects/Falhas/Dataset/dataset_74_2000/images/img_0924.npy,/home/grva-mint/Projects/Falhas/Dataset/dataset_74_2000/masks/img_0924.npy
img_0925.npy,0.0,1.0,0.5024305,0.17640519,0,1,"(128, 128, 128)",/home/grva-mint/Projects/Falhas/Dataset/dataset_74_2000/images/img_0925.npy,/home/grva-mint/Projects/Falhas/Dataset/dataset_74_2000/masks/img_0925.npy
img_0926.npy,0.0,1.0,0.49980503,0.206425,0,1,"(128, 128, 128)",/home/grva-mint/Projects/Falhas/Dataset/dataset_74_2000/images/img_0926.npy,/home/grva-mint/Projects/Falhas/Dataset/dataset_74_2000/masks/img_0926.npy
img_0927.npy,0.0,1.0,0.49957636,0.2046182,0,1,"(128, 128, 128)",/home/grva-mint/Projects/Falhas/Dataset/dataset_74_2000/images/img_0927.npy,/home/grva-mint/Projects/Falhas/Dataset/dataset_74_2000/masks/img_0927.npy
img_0928.npy,0.0,1.0,0.50020003,0.19918723,0,1,"(128, 128, 128)",/home/grva-mint/Projects/Falhas/Dataset/dataset_74_2000/images/img_0928.npy,/home/grva-mint/Projects/Falhas/Dataset/dataset_74_2000/masks/img_0928.npy
img_0929.npy,0.0,1.0,0.50019574,0.20531736,0,1,"(128, 128, 128)",/home/grva-mint/Projects/Falhas/Dataset/dataset_74_2000/images/img_0929.npy,/home/grva-mint/Projects/Falhas/Dataset/dataset_74_2000/masks/img_0929.npy
img_0930.npy,0.0,1.0,0.5003849,0.2032542,0,1,"(128, 128, 128)",/home/grva-mint/Projects/Falhas/Dataset/dataset_74_2000/images/img_0930.npy,/home/grva-mint/Projects/Falhas/Dataset/dataset_74_2000/masks/img_0930.npy
img_0931.npy,0.0,1.0,0.5000493,0.2053597,0,1,"(128, 128, 128)",/home/grva-mint/Projects/Falhas/Dataset/dataset_74_2000/images/img_0931.npy,/home/grva-mint/Projects/Falhas/Dataset/dataset_74_2000/masks/img_0931.npy
img_0932.npy,0.0,1.0,0.5002946,0.19783607,0,1,"(128, 128, 128)",/home/grva-mint/Projects/Falhas/Dataset/dataset_74_2000/images/img_0932.npy,/home/grva-mint/Projects/Falhas/Dataset/dataset_74_2000/masks/img_0932.npy
img_0933.npy,0.0,1.0,0.49931404,0.20449553,0,0,"(128, 128, 128)",/home/grva-mint/Projects/Falhas/Dataset/dataset_74_2000/images/img_0933.npy,/home/grva-mint/Projects/Falhas/Dataset/dataset_74_2000/masks/img_0933.npy
img_0934.npy,0.0,1.0,0.49968675,0.1979966,0,1,"(128, 128, 128)",/home/grva-mint/Projects/Falhas/Dataset/dataset_74_2000/images/img_0934.npy,/home/grva-mint/Projects/Falhas/Dataset/dataset_74_2000/masks/img_0934.npy
img_0935.npy,0.0,1.0,0.5000409,0.20335633,0,0,"(128, 128, 128)",/home/grva-mint/Projects/Falhas/Dataset/dataset_74_2000/images/img_0935.npy,/home/grva-mint/Projects/Falhas/Dataset/dataset_74_2000/masks/img_0935.npy
img_0936.npy,0.0,1.0,0.5008878,0.20307831,0,1,"(128, 128, 128)",/home/grva-mint/Projects/Falhas/Dataset/dataset_74_2000/images/img_0936.npy,/home/grva-mint/Projects/Falhas/Dataset/dataset_74_2000/masks/img_0936.npy
img_0937.npy,0.0,1.0,0.50005037,0.2029371,0,1,"(128, 128, 128)",/home/grva-mint/Projects/Falhas/Dataset/dataset_74_2000/images/img_0937.npy,/home/grva-mint/Projects/Falhas/Dataset/dataset_74_2000/masks/img_0937.npy
img_0938.npy,0.0,1.0,0.4998496,0.20385893,0,1,"(128, 128, 128)",/home/grva-mint/Projects/Falhas/Dataset/dataset_74_2000/images/img_0938.npy,/home/grva-mint/Projects/Falhas/Dataset/dataset_74_2000/masks/img_0938.npy
img_0939.npy,0.0,1.0,0.5000821,0.20521879,0,1,"(128, 128, 128)",/home/grva-mint/Projects/Falhas/Dataset/dataset_74_2000/images/img_0939.npy,/home/grva-mint/Projects/Falhas/Dataset/dataset_74_2000/masks/img_0939.npy
img_0940.npy,0.0,1.0,0.50019896,0.20571798,0,1,"(128, 128, 128)",/home/grva-mint/Projects/Falhas/Dataset/dataset_74_2000/images/img_0940.npy,/home/grva-mint/Projects/Falhas/Dataset/dataset_74_2000/masks/img_0940.npy
img_0941.npy,0.0,1.0,0.5005699,0.2035785,0,1,"(128, 128, 128)",/home/grva-mint/Projects/Falhas/Dataset/dataset_74_2000/images/img_0941.npy,/home/grva-mint/Projects/Falhas/Dataset/dataset_74_2000/masks/img_0941.npy
img_0942.npy,0.0,1.0,0.500106,0.2046308,0,1,"(128, 128, 128)",/home/grva-mint/Projects/Falhas/Dataset/dataset_74_2000/images/img_0942.npy,/home/grva-mint/Projects/Falhas/Dataset/dataset_74_2000/masks/img_0942.npy
img_0943.npy,0.0,1.0,0.5007742,0.20410304,0,1,"(128, 128, 128)",/home/grva-mint/Projects/Falhas/Dataset/dataset_74_2000/images/img_0943.npy,/home/grva-mint/Projects/Falhas/Dataset/dataset_74_2000/masks/img_0943.npy
img_0944.npy,0.0,1.0,0.50046,0.20181072,0,1,"(128, 128, 128)",/home/grva-mint/Projects/Falhas/Dataset/dataset_74_2000/images/img_0944.npy,/home/grva-mint/Projects/Falhas/Dataset/dataset_74_2000/masks/img_0944.npy
img_0945.npy,0.0,1.0,0.49994424,0.20602503,0,1,"(128, 128, 128)",/home/grva-mint/Projects/Falhas/Dataset/dataset_74_2000/images/img_0945.npy,/home/grva-mint/Projects/Falhas/Dataset/dataset_74_2000/masks/img_0945.npy
img_0946.npy,0.0,1.0,0.5012331,0.19925521,0,1,"(128, 128, 128)",/home/grva-mint/Projects/Falhas/Dataset/dataset_74_2000/images/img_0946.npy,/home/grva-mint/Projects/Falhas/Dataset/dataset_74_2000/masks/img_0946.npy
img_0947.npy,0.0,1.0,0.5002377,0.20575918,0,1,"(128, 128, 128)",/home/grva-mint/Projects/Falhas/Dataset/dataset_74_2000/images/img_0947.npy,/home/grva-mint/Projects/Falhas/Dataset/dataset_74_2000/masks/img_0947.npy
img_0948.npy,0.0,1.0,0.49982345,0.20522898,0,1,"(128, 128, 128)",/home/grva-mint/Projects/Falhas/Dataset/dataset_74_2000/images/img_0948.npy,/home/grva-mint/Projects/Falhas/Dataset/dataset_74_2000/masks/img_0948.npy
img_0949.npy,0.0,1.0,0.5001525,0.20561197,0,1,"(128, 128, 128)",/home/grva-mint/Projects/Falhas/Dataset/dataset_74_2000/images/img_0949.npy,/home/grva-mint/Projects/Falhas/Dataset/dataset_74_2000/masks/img_0949.npy
img_0950.npy,0.0,1.0,0.49921304,0.20471963,0,1,"(128, 128, 128)",/home/grva-mint/Projects/Falhas/Dataset/dataset_74_2000/images/img_0950.npy,/home/grva-mint/Projects/Falhas/Dataset/dataset_74_2000/masks/img_0950.npy
img_0951.npy,0.0,1.0,0.50235796,0.19399707,0,1,"(128, 128, 128)",/home/grva-mint/Projects/Falhas/Dataset/dataset_74_2000/images/img_0951.npy,/home/grva-mint/Projects/Falhas/Dataset/dataset_74_2000/masks/img_0951.npy
img_0952.npy,0.0,1.0,0.50010115,0.20620744,0,1,"(128, 128, 128)",/home/grva-mint/Projects/Falhas/Dataset/dataset_74_2000/images/img_0952.npy,/home/grva-mint/Projects/Falhas/Dataset/dataset_74_2000/masks/img_0952.npy
img_0953.npy,0.0,1.0,0.5019316,0.19812536,0,1,"(128, 128, 128)",/home/grva-mint/Projects/Falhas/Dataset/dataset_74_2000/images/img_0953.npy,/home/grva-mint/Projects/Falhas/Dataset/dataset_74_2000/masks/img_0953.npy
img_0954.npy,0.0,1.0,0.4994553,0.20564744,0,1,"(128, 128, 128)",/home/grva-mint/Projects/Falhas/Dataset/dataset_74_2000/images/img_0954.npy,/home/grva-mint/Projects/Falhas/Dataset/dataset_74_2000/masks/img_0954.npy
img_0955.npy,0.0,1.0,0.49993646,0.2044169,0,1,"(128, 128, 128)",/home/grva-mint/Projects/Falhas/Dataset/dataset_74_2000/images/img_0955.npy,/home/grva-mint/Projects/Falhas/Dataset/dataset_74_2000/masks/img_0955.npy
img_0956.npy,0.0,1.0,0.49977034,0.19613156,0,1,"(128, 128, 128)",/home/grva-mint/Projects/Falhas/Dataset/dataset_74_2000/images/img_0956.npy,/home/grva-mint/Projects/Falhas/Dataset/dataset_74_2000/masks/img_0956.npy
img_0957.npy,0.0,1.0,0.4982514,0.20173483,0,1,"(128, 128, 128)",/home/grva-mint/Projects/Falhas/Dataset/dataset_74_2000/images/img_0957.npy,/home/grva-mint/Projects/Falhas/Dataset/dataset_74_2000/masks/img_0957.npy
img_0958.npy,0.0,1.0,0.49963748,0.20545837,0,1,"(128, 128, 128)",/home/grva-mint/Projects/Falhas/Dataset/dataset_74_2000/images/img_0958.npy,/home/grva-mint/Projects/Falhas/Dataset/dataset_74_2000/masks/img_0958.npy
img_0959.npy,0.0,1.0,0.4996185,0.20527741,0,1,"(128, 128, 128)",/home/grva-mint/Projects/Falhas/Dataset/dataset_74_2000/images/img_0959.npy,/home/grva-mint/Projects/Falhas/Dataset/dataset_74_2000/masks/img_0959.npy
img_0960.npy,0.0,1.0,0.49945077,0.20420313,0,1,"(128, 128, 128)",/home/grva-mint/Projects/Falhas/Dataset/dataset_74_2000/images/img_0960.npy,/home/grva-mint/Projects/Falhas/Dataset/dataset_74_2000/masks/img_0960.npy
img_0961.npy,0.0,1.0,0.49962935,0.20364828,0,0,"(128, 128, 128)",/home/grva-mint/Projects/Falhas/Dataset/dataset_74_2000/images/img_0961.npy,/home/grva-mint/Projects/Falhas/Dataset/dataset_74_2000/masks/img_0961.npy
img_0962.npy,0.0,1.0,0.49952614,0.20543608,0,1,"(128, 128, 128)",/home/grva-mint/Projects/Falhas/Dataset/dataset_74_2000/images/img_0962.npy,/home/grva-mint/Projects/Falhas/Dataset/dataset_74_2000/masks/img_0962.npy
img_0963.npy,0.0,1.0,0.5012903,0.20175244,0,1,"(128, 128, 128)",/home/grva-mint/Projects/Falhas/Dataset/dataset_74_2000/images/img_0963.npy,/home/grva-mint/Projects/Falhas/Dataset/dataset_74_2000/masks/img_0963.npy
img_0964.npy,0.0,1.0,0.500324,0.20572425,0,1,"(128, 128, 128)",/home/grva-mint/Projects/Falhas/Dataset/dataset_74_2000/images/img_0964.npy,/home/grva-mint/Projects/Falhas/Dataset/dataset_74_2000/masks/img_0964.npy
img_0965.npy,0.0,1.0,0.49959826,0.19979359,0,1,"(128, 128, 128)",/home/grva-mint/Projects/Falhas/Dataset/dataset_74_2000/images/img_0965.npy,/home/grva-mint/Projects/Falhas/Dataset/dataset_74_2000/masks/img_0965.npy
img_0966.npy,0.018021965,1.0,0.49926662,0.20519355,0,0,"(128, 128, 128)",/home/grva-mint/Projects/Falhas/Dataset/dataset_74_2000/images/img_0966.npy,/home/grva-mint/Projects/Falhas/Dataset/dataset_74_2000/masks/img_0966.npy
img_0967.npy,0.0,1.0,0.5009974,0.20101474,0,1,"(128, 128, 128)",/home/grva-mint/Projects/Falhas/Dataset/dataset_74_2000/images/img_0967.npy,/home/grva-mint/Projects/Falhas/Dataset/dataset_74_2000/masks/img_0967.npy
img_0968.npy,0.0,1.0,0.4983159,0.20072374,0,0,"(128, 128, 128)",/home/grva-mint/Projects/Falhas/Dataset/dataset_74_2000/images/img_0968.npy,/home/grva-mint/Projects/Falhas/Dataset/dataset_74_2000/masks/img_0968.npy
img_0969.npy,0.0,1.0,0.49978256,0.20503142,0,0,"(128, 128, 128)",/home/grva-mint/Projects/Falhas/Dataset/dataset_74_2000/images/img_0969.npy,/home/grva-mint/Projects/Falhas/Dataset/dataset_74_2000/masks/img_0969.npy
img_0970.npy,0.0,1.0,0.49968964,0.20577681,0,1,"(128, 128, 128)",/home/grva-mint/Projects/Falhas/Dataset/dataset_74_2000/images/img_0970.npy,/home/grva-mint/Projects/Falhas/Dataset/dataset_74_2000/masks/img_0970.npy
img_0971.npy,0.0,1.0,0.501054,0.19035602,0,1,"(128, 128, 128)",/home/grva-mint/Projects/Falhas/Dataset/dataset_74_2000/images/img_0971.npy,/home/grva-mint/Projects/Falhas/Dataset/dataset_74_2000/masks/img_0971.npy
img_0972.npy,0.0,1.0,0.5000937,0.20598069,0,0,"(128, 128, 128)",/home/grva-mint/Projects/Falhas/Dataset/dataset_74_2000/images/img_0972.npy,/home/grva-mint/Projects/Falhas/Dataset/dataset_74_2000/masks/img_0972.npy
img_0973.npy,0.0,1.0,0.50174356,0.20066088,0,1,"(128, 128, 128)",/home/grva-mint/Projects/Falhas/Dataset/dataset_74_2000/images/img_0973.npy,/home/grva-mint/Projects/Falhas/Dataset/dataset_74_2000/masks/img_0973.npy
img_0974.npy,0.0,1.0,0.49987078,0.2013314,0,1,"(128, 128, 128)",/home/grva-mint/Projects/Falhas/Dataset/dataset_74_2000/images/img_0974.npy,/home/grva-mint/Projects/Falhas/Dataset/dataset_74_2000/masks/img_0974.npy
img_0975.npy,0.0,1.0,0.50109434,0.2029776,0,1,"(128, 128, 128)",/home/grva-mint/Projects/Falhas/Dataset/dataset_74_2000/images/img_0975.npy,/home/grva-mint/Projects/Falhas/Dataset/dataset_74_2000/masks/img_0975.npy
img_0976.npy,0.0,1.0,0.50109816,0.20228897,0,1,"(128, 128, 128)",/home/grva-mint/Projects/Falhas/Dataset/dataset_74_2000/images/img_0976.npy,/home/grva-mint/Projects/Falhas/Dataset/dataset_74_2000/masks/img_0976.npy
img_0977.npy,0.0,1.0,0.5010557,0.20152642,0,1,"(128, 128, 128)",/home/grva-mint/Projects/Falhas/Dataset/dataset_74_2000/images/img_0977.npy,/home/grva-mint/Projects/Falhas/Dataset/dataset_74_2000/masks/img_0977.npy
img_0978.npy,0.0,1.0,0.5001871,0.20396645,0,1,"(128, 128, 128)",/home/grva-mint/Projects/Falhas/Dataset/dataset_74_2000/images/img_0978.npy,/home/grva-mint/Projects/Falhas/Dataset/dataset_74_2000/masks/img_0978.npy
img_0979.npy,0.0,1.0,0.49992457,0.20656185,0,1,"(128, 128, 128)",/home/grva-mint/Projects/Falhas/Dataset/dataset_74_2000/images/img_0979.npy,/home/grva-mint/Projects/Falhas/Dataset/dataset_74_2000/masks/img_0979.npy
img_0980.npy,0.0,1.0,0.49935436,0.20496485,0,0,"(128, 128, 128)",/home/grva-mint/Projects/Falhas/Dataset/dataset_74_2000/images/img_0980.npy,/home/grva-mint/Projects/Falhas/Dataset/dataset_74_2000/masks/img_0980.npy
img_0981.npy,0.0,1.0,0.49893302,0.20310146,0,1,"(128, 128, 128)",/home/grva-mint/Projects/Falhas/Dataset/dataset_74_2000/images/img_0981.npy,/home/grva-mint/Projects/Falhas/Dataset/dataset_74_2000/masks/img_0981.npy
img_0982.npy,0.0,1.0,0.50034595,0.20210244,0,1,"(128, 128, 128)",/home/grva-mint/Projects/Falhas/Dataset/dataset_74_2000/images/img_0982.npy,/home/grva-mint/Projects/Falhas/Dataset/dataset_74_2000/masks/img_0982.npy
img_0983.npy,0.0,1.0,0.5003734,0.20339577,0,1,"(128, 128, 128)",/home/grva-mint/Projects/Falhas/Dataset/dataset_74_2000/images/img_0983.npy,/home/grva-mint/Projects/Falhas/Dataset/dataset_74_2000/masks/img_0983.npy
img_0984.npy,0.0,1.0,0.50056994,0.2045192,0,1,"(128, 128, 128)",/home/grva-mint/Projects/Falhas/Dataset/dataset_74_2000/images/img_0984.npy,/home/grva-mint/Projects/Falhas/Dataset/dataset_74_2000/masks/img_0984.npy
img_0985.npy,0.0,1.0,0.49953017,0.20458582,0,0,"(128, 128, 128)",/home/grva-mint/Projects/Falhas/Dataset/dataset_74_2000/images/img_0985.npy,/home/grva-mint/Projects/Falhas/Dataset/dataset_74_2000/masks/img_0985.npy
img_0986.npy,0.0,1.0,0.5000372,0.20192422,0,1,"(128, 128, 128)",/home/grva-mint/Projects/Falhas/Dataset/dataset_74_2000/images/img_0986.npy,/home/grva-mint/Projects/Falhas/Dataset/dataset_74_2000/masks/img_0986.npy
img_0987.npy,0.0,1.0,0.49981454,0.20434634,0,1,"(128, 128, 128)",/home/grva-mint/Projects/Falhas/Dataset/dataset_74_2000/images/img_0987.npy,/home/grva-mint/Projects/Falhas/Dataset/dataset_74_2000/masks/img_0987.npy
img_0988.npy,0.0,1.0,0.4996756,0.20066553,0,1,"(128, 128, 128)",/home/grva-mint/Projects/Falhas/Dataset/dataset_74_2000/images/img_0988.npy,/home/grva-mint/Projects/Falhas/Dataset/dataset_74_2000/masks/img_0988.npy
img_0989.npy,0.0,1.0,0.49930835,0.20381157,0,1,"(128, 128, 128)",/home/grva-mint/Projects/Falhas/Dataset/dataset_74_2000/images/img_0989.npy,/home/grva-mint/Projects/Falhas/Dataset/dataset_74_2000/masks/img_0989.npy
img_0990.npy,0.0,1.0,0.49885076,0.20241193,0,1,"(128, 128, 128)",/home/grva-mint/Projects/Falhas/Dataset/dataset_74_2000/images/img_0990.npy,/home/grva-mint/Projects/Falhas/Dataset/dataset_74_2000/masks/img_0990.npy
img_0991.npy,0.0,1.0,0.50133616,0.20098095,0,1,"(128, 128, 128)",/home/grva-mint/Projects/Falhas/Dataset/dataset_74_2000/images/img_0991.npy,/home/grva-mint/Projects/Falhas/Dataset/dataset_74_2000/masks/img_0991.npy
img_0992.npy,0.0,1.0,0.49935365,0.20536035,0,1,"(128, 128, 128)",/home/grva-mint/Projects/Falhas/Dataset/dataset_74_2000/images/img_0992.npy,/home/grva-mint/Projects/Falhas/Dataset/dataset_74_2000/masks/img_0992.npy
img_0993.npy,0.0,1.0,0.49988765,0.20559205,0,1,"(128, 128, 128)",/home/grva-mint/Projects/Falhas/Dataset/dataset_74_2000/images/img_0993.npy,/home/grva-mint/Projects/Falhas/Dataset/dataset_74_2000/masks/img_0993.npy
img_0994.npy,0.0,1.0,0.49862605,0.19836256,0,1,"(128, 128, 128)",/home/grva-mint/Projects/Falhas/Dataset/dataset_74_2000/images/img_0994.npy,/home/grva-mint/Projects/Falhas/Dataset/dataset_74_2000/masks/img_0994.npy
img_0995.npy,0.0,1.0,0.49986315,0.20596884,0,1,"(128, 128, 128)",/home/grva-mint/Projects/Falhas/Dataset/dataset_74_2000/images/img_0995.npy,/home/grva-mint/Projects/Falhas/Dataset/dataset_74_2000/masks/img_0995.npy
img_0996.npy,0.0,1.0,0.49898455,0.20169933,0,1,"(128, 128, 128)",/home/grva-mint/Projects/Falhas/Dataset/dataset_74_2000/images/img_0996.npy,/home/grva-mint/Projects/Falhas/Dataset/dataset_74_2000/masks/img_0996.npy
img_0997.npy,0.0,1.0,0.50025785,0.20568705,0,1,"(128, 128, 128)",/home/grva-mint/Projects/Falhas/Dataset/dataset_74_2000/images/img_0997.npy,/home/grva-mint/Projects/Falhas/Dataset/dataset_74_2000/masks/img_0997.npy
img_0998.npy,0.0,1.0,0.499853,0.20567456,0,1,"(128, 128, 128)",/home/grva-mint/Projects/Falhas/Dataset/dataset_74_2000/images/img_0998.npy,/home/grva-mint/Projects/Falhas/Dataset/dataset_74_2000/masks/img_0998.npy
img_0999.npy,0.0,1.0,0.49978268,0.20631427,0,1,"(128, 128, 128)",/home/grva-mint/Projects/Falhas/Dataset/dataset_74_2000/images/img_0999.npy,/home/grva-mint/Projects/Falhas/Dataset/dataset_74_2000/masks/img_0999.npy
img_1000.npy,0.0,1.0,0.4994874,0.20510373,0,1,"(128, 128, 128)",/home/grva-mint/Projects/Falhas/Dataset/dataset_74_2000/images/img_1000.npy,/home/grva-mint/Projects/Falhas/Dataset/dataset_74_2000/masks/img_1000.npy
img_1001.npy,0.0,1.0,0.4990302,0.20264179,0,1,"(128, 128, 128)",/home/grva-mint/Projects/Falhas/Dataset/dataset_74_2000/images/img_1001.npy,/home/grva-mint/Projects/Falhas/Dataset/dataset_74_2000/masks/img_1001.npy
img_1002.npy,0.0,1.0,0.50223595,0.19629574,0,1,"(128, 128, 128)",/home/grva-mint/Projects/Falhas/Dataset/dataset_74_2000/images/img_1002.npy,/home/grva-mint/Projects/Falhas/Dataset/dataset_74_2000/masks/img_1002.npy
img_1003.npy,0.0,1.0,0.50000006,0.20541358,0,1,"(128, 128, 128)",/home/grva-mint/Projects/Falhas/Dataset/dataset_74_2000/images/img_1003.npy,/home/grva-mint/Projects/Falhas/Dataset/dataset_74_2000/masks/img_1003.npy
img_1004.npy,0.0,1.0,0.49883956,0.1874804,0,1,"(128, 128, 128)",/home/grva-mint/Projects/Falhas/Dataset/dataset_74_2000/images/img_1004.npy,/home/grva-mint/Projects/Falhas/Dataset/dataset_74_2000/masks/img_1004.npy
img_1005.npy,0.0,1.0,0.5003489,0.20219672,0,1,"(128, 128, 128)",/home/grva-mint/Projects/Falhas/Dataset/dataset_74_2000/images/img_1005.npy,/home/grva-mint/Projects/Falhas/Dataset/dataset_74_2000/masks/img_1005.npy
img_1006.npy,0.0,1.0,0.49986973,0.20029202,0,1,"(128, 128, 128)",/home/grva-mint/Projects/Falhas/Dataset/dataset_74_2000/images/img_1006.npy,/home/grva-mint/Projects/Falhas/Dataset/dataset_74_2000/masks/img_1006.npy
img_1007.npy,0.0,1.0,0.5000148,0.20473163,0,0,"(128, 128, 128)",/home/grva-mint/Projects/Falhas/Dataset/dataset_74_2000/images/img_1007.npy,/home/grva-mint/Projects/Falhas/Dataset/dataset_74_2000/masks/img_1007.npy
img_1008.npy,0.0,1.0,0.49991983,0.20469183,0,1,"(128, 128, 128)",/home/grva-mint/Projects/Falhas/Dataset/dataset_74_2000/images/img_1008.npy,/home/grva-mint/Projects/Falhas/Dataset/dataset_74_2000/masks/img_1008.npy
img_1009.npy,0.0,1.0,0.4995098,0.20498735,0,1,"(128, 128, 128)",/home/grva-mint/Projects/Falhas/Dataset/dataset_74_2000/images/img_1009.npy,/home/grva-mint/Projects/Falhas/Dataset/dataset_74_2000/masks/img_1009.npy
img_1010.npy,0.0,1.0,0.4993636,0.20526458,0,1,"(128, 128, 128)",/home/grva-mint/Projects/Falhas/Dataset/dataset_74_2000/images/img_1010.npy,/home/grva-mint/Projects/Falhas/Dataset/dataset_74_2000/masks/img_1010.npy
img_1011.npy,0.0,1.0,0.49862543,0.19716363,0,1,"(128, 128, 128)",/home/grva-mint/Projects/Falhas/Dataset/dataset_74_2000/images/img_1011.npy,/home/grva-mint/Projects/Falhas/Dataset/dataset_74_2000/masks/img_1011.npy
img_1012.npy,0.0,1.0,0.49912858,0.20406142,0,1,"(128, 128, 128)",/home/grva-mint/Projects/Falhas/Dataset/dataset_74_2000/images/img_1012.npy,/home/grva-mint/Projects/Falhas/Dataset/dataset_74_2000/masks/img_1012.npy
img_1013.npy,0.0,1.0,0.49883533,0.19923058,0,0,"(128, 128, 128)",/home/grva-mint/Projects/Falhas/Dataset/dataset_74_2000/images/img_1013.npy,/home/grva-mint/Projects/Falhas/Dataset/dataset_74_2000/masks/img_1013.npy
img_1014.npy,0.0,1.0,0.49987814,0.20659135,0,1,"(128, 128, 128)",/home/grva-mint/Projects/Falhas/Dataset/dataset_74_2000/images/img_1014.npy,/home/grva-mint/Projects/Falhas/Dataset/dataset_74_2000/masks/img_1014.npy
img_1015.npy,0.0,1.0,0.49958426,0.2036743,0,1,"(128, 128, 128)",/home/grva-mint/Projects/Falhas/Dataset/dataset_74_2000/images/img_1015.npy,/home/grva-mint/Projects/Falhas/Dataset/dataset_74_2000/masks/img_1015.npy
img_1016.npy,0.0,1.0,0.49994335,0.20423031,0,1,"(128, 128, 128)",/home/grva-mint/Projects/Falhas/Dataset/dataset_74_2000/images/img_1016.npy,/home/grva-mint/Projects/Falhas/Dataset/dataset_74_2000/masks/img_1016.npy
img_1017.npy,0.0,1.0,0.50007653,0.20577778,0,1,"(128, 128, 128)",/home/grva-mint/Projects/Falhas/Dataset/dataset_74_2000/images/img_1017.npy,/home/grva-mint/Projects/Falhas/Dataset/dataset_74_2000/masks/img_1017.npy
img_1018.npy,0.0,1.0,0.50021535,0.20592576,0,1,"(128, 128, 128)",/home/grva-mint/Projects/Falhas/Dataset/dataset_74_2000/images/img_1018.npy,/home/grva-mint/Projects/Falhas/Dataset/dataset_74_2000/masks/img_1018.npy
img_1019.npy,0.0,1.0,0.49952504,0.20412841,0,1,"(128, 128, 128)",/home/grva-mint/Projects/Falhas/Dataset/dataset_74_2000/images/img_1019.npy,/home/grva-mint/Projects/Falhas/Dataset/dataset_74_2000/masks/img_1019.npy
img_1020.npy,0.0,1.0,0.5000697,0.20617469,0,1,"(128, 128, 128)",/home/grva-mint/Projects/Falhas/Dataset/dataset_74_2000/images/img_1020.npy,/home/grva-mint/Projects/Falhas/Dataset/dataset_74_2000/masks/img_1020.npy
img_1021.npy,0.0,1.0,0.5008426,0.20412734,0,1,"(128, 128, 128)",/home/grva-mint/Projects/Falhas/Dataset/dataset_74_2000/images/img_1021.npy,/home/grva-mint/Projects/Falhas/Dataset/dataset_74_2000/masks/img_1021.npy
img_1022.npy,0.0,1.0,0.50027037,0.20378758,0,1,"(128, 128, 128)",/home/grva-mint/Projects/Falhas/Dataset/dataset_74_2000/images/img_1022.npy,/home/grva-mint/Projects/Falhas/Dataset/dataset_74_2000/masks/img_1022.npy
img_1023.npy,0.0,1.0,0.4995605,0.2022554,0,1,"(128, 128, 128)",/home/grva-mint/Projects/Falhas/Dataset/dataset_74_2000/images/img_1023.npy,/home/grva-mint/Projects/Falhas/Dataset/dataset_74_2000/masks/img_1023.npy
img_1024.npy,0.0,1.0,0.49838105,0.1972371,0,0,"(128, 128, 128)",/home/grva-mint/Projects/Falhas/Dataset/dataset_74_2000/images/img_1024.npy,/home/grva-mint/Projects/Falhas/Dataset/dataset_74_2000/masks/img_1024.npy
img_1025.npy,0.0,1.0,0.49975422,0.2059591,0,1,"(128, 128, 128)",/home/grva-mint/Projects/Falhas/Dataset/dataset_74_2000/images/img_1025.npy,/home/grva-mint/Projects/Falhas/Dataset/dataset_74_2000/masks/img_1025.npy
img_1026.npy,0.0,1.0,0.5005129,0.19568558,0,1,"(128, 128, 128)",/home/grva-mint/Projects/Falhas/Dataset/dataset_74_2000/images/img_1026.npy,/home/grva-mint/Projects/Falhas/Dataset/dataset_74_2000/masks/img_1026.npy
img_1027.npy,0.0,1.0,0.49998125,0.2064929,0,1,"(128, 128, 128)",/home/grva-mint/Projects/Falhas/Dataset/dataset_74_2000/images/img_1027.npy,/home/grva-mint/Projects/Falhas/Dataset/dataset_74_2000/masks/img_1027.npy
img_1028.npy,0.0,1.0,0.5005309,0.2030317,0,1,"(128, 128, 128)",/home/grva-mint/Projects/Falhas/Dataset/dataset_74_2000/images/img_1028.npy,/home/grva-mint/Projects/Falhas/Dataset/dataset_74_2000/masks/img_1028.npy
img_1029.npy,0.0,1.0,0.4999254,0.20623234,0,1,"(128, 128, 128)",/home/grva-mint/Projects/Falhas/Dataset/dataset_74_2000/images/img_1029.npy,/home/grva-mint/Projects/Falhas/Dataset/dataset_74_2000/masks/img_1029.npy
img_1030.npy,0.0,1.0,0.5002416,0.20501323,0,1,"(128, 128, 128)",/home/grva-mint/Projects/Falhas/Dataset/dataset_74_2000/images/img_1030.npy,/home/grva-mint/Projects/Falhas/Dataset/dataset_74_2000/masks/img_1030.npy
img_1031.npy,0.0,1.0,0.5011152,0.20305751,0,1,"(128, 128, 128)",/home/grva-mint/Projects/Falhas/Dataset/dataset_74_2000/images/img_1031.npy,/home/grva-mint/Projects/Falhas/Dataset/dataset_74_2000/masks/img_1031.npy
img_1032.npy,0.0,1.0,0.50251883,0.18591021,0,1,"(128, 128, 128)",/home/grva-mint/Projects/Falhas/Dataset/dataset_74_2000/images/img_1032.npy,/home/grva-mint/Projects/Falhas/Dataset/dataset_74_2000/masks/img_1032.npy
img_1033.npy,0.0,1.0,0.49954593,0.20452175,0,1,"(128, 128, 128)",/home/grva-mint/Projects/Falhas/Dataset/dataset_74_2000/images/img_1033.npy,/home/grva-mint/Projects/Falhas/Dataset/dataset_74_2000/masks/img_1033.npy
img_1034.npy,0.0,1.0,0.50392514,0.1885614,0,1,"(128, 128, 128)",/home/grva-mint/Projects/Falhas/Dataset/dataset_74_2000/images/img_1034.npy,/home/grva-mint/Projects/Falhas/Dataset/dataset_74_2000/masks/img_1034.npy
img_1035.npy,0.0,1.0,0.50237507,0.17815831,0,1,"(128, 128, 128)",/home/grva-mint/Projects/Falhas/Dataset/dataset_74_2000/images/img_1035.npy,/home/grva-mint/Projects/Falhas/Dataset/dataset_74_2000/masks/img_1035.npy
img_1036.npy,0.0,1.0,0.49990642,0.20685941,0,1,"(128, 128, 128)",/home/grva-mint/Projects/Falhas/Dataset/dataset_74_2000/images/img_1036.npy,/home/grva-mint/Projects/Falhas/Dataset/dataset_74_2000/masks/img_1036.npy
img_1037.npy,0.0,1.0,0.50089216,0.19426136,0,1,"(128, 128, 128)",/home/grva-mint/Projects/Falhas/Dataset/dataset_74_2000/images/img_1037.npy,/home/grva-mint/Projects/Falhas/Dataset/dataset_74_2000/masks/img_1037.npy
img_1038.npy,0.0,1.0,0.50048214,0.20513262,0,1,"(128, 128, 128)",/home/grva-mint/Projects/Falhas/Dataset/dataset_74_2000/images/img_1038.npy,/home/grva-mint/Projects/Falhas/Dataset/dataset_74_2000/masks/img_1038.npy
img_1039.npy,0.0,1.0,0.4996211,0.20479034,0,1,"(128, 128, 128)",/home/grva-mint/Projects/Falhas/Dataset/dataset_74_2000/images/img_1039.npy,/home/grva-mint/Projects/Falhas/Dataset/dataset_74_2000/masks/img_1039.npy
img_1040.npy,0.0,1.0,0.49984747,0.20479521,0,1,"(128, 128, 128)",/home/grva-mint/Projects/Falhas/Dataset/dataset_74_2000/images/img_1040.npy,/home/grva-mint/Projects/Falhas/Dataset/dataset_74_2000/masks/img_1040.npy
img_1041.npy,0.0,1.0,0.49968976,0.20534958,0,0,"(128, 128, 128)",/home/grva-mint/Projects/Falhas/Dataset/dataset_74_2000/images/img_1041.npy,/home/grva-mint/Projects/Falhas/Dataset/dataset_74_2000/masks/img_1041.npy
img_1042.npy,0.0,1.0,0.50061923,0.20400867,0,1,"(128, 128, 128)",/home/grva-mint/Projects/Falhas/Dataset/dataset_74_2000/images/img_1042.npy,/home/grva-mint/Projects/Falhas/Dataset/dataset_74_2000/masks/img_1042.npy
img_1043.npy,0.0,1.0,0.499063,0.20365484,0,1,"(128, 128, 128)",/home/grva-mint/Projects/Falhas/Dataset/dataset_74_2000/images/img_1043.npy,/home/grva-mint/Projects/Falhas/Dataset/dataset_74_2000/masks/img_1043.npy
img_1044.npy,0.0,1.0,0.49978337,0.20517665,0,1,"(128, 128, 128)",/home/grva-mint/Projects/Falhas/Dataset/dataset_74_2000/images/img_1044.npy,/home/grva-mint/Projects/Falhas/Dataset/dataset_74_2000/masks/img_1044.npy
img_1045.npy,0.0,1.0,0.49903965,0.20030367,0,1,"(128, 128, 128)",/home/grva-mint/Projects/Falhas/Dataset/dataset_74_2000/images/img_1045.npy,/home/grva-mint/Projects/Falhas/Dataset/dataset_74_2000/masks/img_1045.npy
img_1046.npy,0.0,1.0,0.5001524,0.20537426,0,1,"(128, 128, 128)",/home/grva-mint/Projects/Falhas/Dataset/dataset_74_2000/images/img_1046.npy,/home/grva-mint/Projects/Falhas/Dataset/dataset_74_2000/masks/img_1046.npy
img_1047.npy,0.0,1.0,0.5001138,0.19496015,0,1,"(128, 128, 128)",/home/grva-mint/Projects/Falhas/Dataset/dataset_74_2000/images/img_1047.npy,/home/grva-mint/Projects/Falhas/Dataset/dataset_74_2000/masks/img_1047.npy
img_1048.npy,0.0,1.0,0.5002634,0.20205425,0,1,"(128, 128, 128)",/home/grva-mint/Projects/Falhas/Dataset/dataset_74_2000/images/img_1048.npy,/home/grva-mint/Projects/Falhas/Dataset/dataset_74_2000/masks/img_1048.npy
img_1049.npy,0.0,1.0,0.49904832,0.20384881,0,0,"(128, 128, 128)",/home/grva-mint/Projects/Falhas/Dataset/dataset_74_2000/images/img_1049.npy,/home/grva-mint/Projects/Falhas/Dataset/dataset_74_2000/masks/img_1049.npy
img_1050.npy,0.0,1.0,0.49957234,0.20414099,0,1,"(128, 128, 128)",/home/grva-mint/Projects/Falhas/Dataset/dataset_74_2000/images/img_1050.npy,/home/grva-mint/Projects/Falhas/Dataset/dataset_74_2000/masks/img_1050.npy
img_1051.npy,0.0,1.0,0.49961442,0.20282984,0,1,"(128, 128, 128)",/home/grva-mint/Projects/Falhas/Dataset/dataset_74_2000/images/img_1051.npy,/home/grva-mint/Projects/Falhas/Dataset/dataset_74_2000/masks/img_1051.npy
img_1052.npy,0.0,1.0,0.50057316,0.20207243,0,0,"(128, 128, 128)",/home/grva-mint/Projects/Falhas/Dataset/dataset_74_2000/images/img_1052.npy,/home/grva-mint/Projects/Falhas/Dataset/dataset_74_2000/masks/img_1052.npy
img_1053.npy,0.0,1.0,0.49953666,0.20551974,0,1,"(128, 128, 128)",/home/grva-mint/Projects/Falhas/Dataset/dataset_74_2000/images/img_1053.npy,/home/grva-mint/Projects/Falhas/Dataset/dataset_74_2000/masks/img_1053.npy
img_1054.npy,0.0,1.0,0.49976978,0.20628631,0,1,"(128, 128, 128)",/home/grva-mint/Projects/Falhas/Dataset/dataset_74_2000/images/img_1054.npy,/home/grva-mint/Projects/Falhas/Dataset/dataset_74_2000/masks/img_1054.npy
img_1055.npy,0.0,1.0,0.50015706,0.20541647,0,1,"(128, 128, 128)",/home/grva-mint/Projects/Falhas/Dataset/dataset_74_2000/images/img_1055.npy,/home/grva-mint/Projects/Falhas/Dataset/dataset_74_2000/masks/img_1055.npy
img_1056.npy,0.0,1.0,0.49966502,0.20478146,0,1,"(128, 128, 128)",/home/grva-mint/Projects/Falhas/Dataset/dataset_74_2000/images/img_1056.npy,/home/grva-mint/Projects/Falhas/Dataset/dataset_74_2000/masks/img_1056.npy
img_1057.npy,0.0,1.0,0.4993198,0.20247315,0,1,"(128, 128, 128)",/home/grva-mint/Projects/Falhas/Dataset/dataset_74_2000/images/img_1057.npy,/home/grva-mint/Projects/Falhas/Dataset/dataset_74_2000/masks/img_1057.npy
img_1058.npy,0.0,1.0,0.49996218,0.20649357,0,1,"(128, 128, 128)",/home/grva-mint/Projects/Falhas/Dataset/dataset_74_2000/images/img_1058.npy,/home/grva-mint/Projects/Falhas/Dataset/dataset_74_2000/masks/img_1058.npy
img_1059.npy,0.0,1.0,0.49968517,0.19216712,0,1,"(128, 128, 128)",/home/grva-mint/Projects/Falhas/Dataset/dataset_74_2000/images/img_1059.npy,/home/grva-mint/Projects/Falhas/Dataset/dataset_74_2000/masks/img_1059.npy
img_1060.npy,0.0,1.0,0.4985728,0.17590779,0,1,"(128, 128, 128)",/home/grva-mint/Projects/Falhas/Dataset/dataset_74_2000/images/img_1060.npy,/home/grva-mint/Projects/Falhas/Dataset/dataset_74_2000/masks/img_1060.npy
img_1061.npy,0.0,1.0,0.49973282,0.20545962,0,1,"(128, 128, 128)",/home/grva-mint/Projects/Falhas/Dataset/dataset_74_2000/images/img_1061.npy,/home/grva-mint/Projects/Falhas/Dataset/dataset_74_2000/masks/img_1061.npy
img_1062.npy,0.0,1.0,0.49994892,0.20615786,0,1,"(128, 128, 128)",/home/grva-mint/Projects/Falhas/Dataset/dataset_74_2000/images/img_1062.npy,/home/grva-mint/Projects/Falhas/Dataset/dataset_74_2000/masks/img_1062.npy
img_1063.npy,0.0,1.0,0.49971396,0.20622505,0,1,"(128, 128, 128)",/home/grva-mint/Projects/Falhas/Dataset/dataset_74_2000/images/img_1063.npy,/home/grva-mint/Projects/Falhas/Dataset/dataset_74_2000/masks/img_1063.npy
img_1064.npy,0.0,1.0,0.50241303,0.19944222,0,1,"(128, 128, 128)",/home/grva-mint/Projects/Falhas/Dataset/dataset_74_2000/images/img_1064.npy,/home/grva-mint/Projects/Falhas/Dataset/dataset_74_2000/masks/img_1064.npy
img_1065.npy,0.0,1.0,0.49925557,0.20507121,0,1,"(128, 128, 128)",/home/grva-mint/Projects/Falhas/Dataset/dataset_74_2000/images/img_1065.npy,/home/grva-mint/Projects/Falhas/Dataset/dataset_74_2000/masks/img_1065.npy
img_1066.npy,0.0,1.0,0.49995407,0.20493193,0,0,"(128, 128, 128)",/home/grva-mint/Projects/Falhas/Dataset/dataset_74_2000/images/img_1066.npy,/home/grva-mint/Projects/Falhas/Dataset/dataset_74_2000/masks/img_1066.npy
img_1067.npy,0.0,1.0,0.49943328,0.20338011,0,1,"(128, 128, 128)",/home/grva-mint/Projects/Falhas/Dataset/dataset_74_2000/images/img_1067.npy,/home/grva-mint/Projects/Falhas/Dataset/dataset_74_2000/masks/img_1067.npy
img_1068.npy,0.0,1.0,0.49989474,0.2055899,0,0,"(128, 128, 128)",/home/grva-mint/Projects/Falhas/Dataset/dataset_74_2000/images/img_1068.npy,/home/grva-mint/Projects/Falhas/Dataset/dataset_74_2000/masks/img_1068.npy
img_1069.npy,0.0,1.0,0.49980387,0.20534045,0,1,"(128, 128, 128)",/home/grva-mint/Projects/Falhas/Dataset/dataset_74_2000/images/img_1069.npy,/home/grva-mint/Projects/Falhas/Dataset/dataset_74_2000/masks/img_1069.npy
img_1070.npy,0.0,1.0,0.49974686,0.20390554,0,1,"(128, 128, 128)",/home/grva-mint/Projects/Falhas/Dataset/dataset_74_2000/images/img_1070.npy,/home/grva-mint/Projects/Falhas/Dataset/dataset_74_2000/masks/img_1070.npy
img_1071.npy,0.0,1.0,0.49983367,0.20457588,0,1,"(128, 128, 128)",/home/grva-mint/Projects/Falhas/Dataset/dataset_74_2000/images/img_1071.npy,/home/grva-mint/Projects/Falhas/Dataset/dataset_74_2000/masks/img_1071.npy
img_1072.npy,0.0,1.0,0.5001818,0.20194693,0,1,"(128, 128, 128)",/home/grva-mint/Projects/Falhas/Dataset/dataset_74_2000/images/img_1072.npy,/home/grva-mint/Projects/Falhas/Dataset/dataset_74_2000/masks/img_1072.npy
img_1073.npy,0.0,1.0,0.4995633,0.1969991,0,1,"(128, 128, 128)",/home/grva-mint/Projects/Falhas/Dataset/dataset_74_2000/images/img_1073.npy,/home/grva-mint/Projects/Falhas/Dataset/dataset_74_2000/masks/img_1073.npy
img_1074.npy,0.0,1.0,0.5006447,0.20172615,0,1,"(128, 128, 128)",/home/grva-mint/Projects/Falhas/Dataset/dataset_74_2000/images/img_1074.npy,/home/grva-mint/Projects/Falhas/Dataset/dataset_74_2000/masks/img_1074.npy
img_1075.npy,0.0,1.0,0.49909887,0.20296167,0,1,"(128, 128, 128)",/home/grva-mint/Projects/Falhas/Dataset/dataset_74_2000/images/img_1075.npy,/home/grva-mint/Projects/Falhas/Dataset/dataset_74_2000/masks/img_1075.npy
img_1076.npy,0.0,1.0,0.5000511,0.20616867,0,1,"(128, 128, 128)",/home/grva-mint/Projects/Falhas/Dataset/dataset_74_2000/images/img_1076.npy,/home/grva-mint/Projects/Falhas/Dataset/dataset_74_2000/masks/img_1076.npy
img_1077.npy,0.0,1.0,0.500196,0.20487003,0,1,"(128, 128, 128)",/home/grva-mint/Projects/Falhas/Dataset/dataset_74_2000/images/img_1077.npy,/home/grva-mint/Projects/Falhas/Dataset/dataset_74_2000/masks/img_1077.npy
img_1078.npy,0.0,1.0,0.49987265,0.20643944,0,1,"(128, 128, 128)",/home/grva-mint/Projects/Falhas/Dataset/dataset_74_2000/images/img_1078.npy,/home/grva-mint/Projects/Falhas/Dataset/dataset_74_2000/masks/img_1078.npy
img_1079.npy,0.0,1.0,0.5001578,0.19468279,0,1,"(128, 128, 128)",/home/grva-mint/Projects/Falhas/Dataset/dataset_74_2000/images/img_1079.npy,/home/grva-mint/Projects/Falhas/Dataset/dataset_74_2000/masks/img_1079.npy
img_1080.npy,0.0,1.0,0.49998492,0.20580275,0,1,"(128, 128, 128)",/home/grva-mint/Projects/Falhas/Dataset/dataset_74_2000/images/img_1080.npy,/home/grva-mint/Projects/Falhas/Dataset/dataset_74_2000/masks/img_1080.npy
img_1081.npy,0.0,1.0,0.5012826,0.20098244,0,1,"(128, 128, 128)",/home/grva-mint/Projects/Falhas/Dataset/dataset_74_2000/images/img_1081.npy,/home/grva-mint/Projects/Falhas/Dataset/dataset_74_2000/masks/img_1081.npy
img_1082.npy,0.0,1.0,0.49965268,0.20287174,0,1,"(128, 128, 128)",/home/grva-mint/Projects/Falhas/Dataset/dataset_74_2000/images/img_1082.npy,/home/grva-mint/Projects/Falhas/Dataset/dataset_74_2000/masks/img_1082.npy
img_1083.npy,0.0,1.0,0.50070006,0.20182794,0,1,"(128, 128, 128)",/home/grva-mint/Projects/Falhas/Dataset/dataset_74_2000/images/img_1083.npy,/home/grva-mint/Projects/Falhas/Dataset/dataset_74_2000/masks/img_1083.npy
img_1084.npy,0.0,1.0,0.49962482,0.20295146,0,1,"(128, 128, 128)",/home/grva-mint/Projects/Falhas/Dataset/dataset_74_2000/images/img_1084.npy,/home/grva-mint/Projects/Falhas/Dataset/dataset_74_2000/masks/img_1084.npy
img_1085.npy,0.0,1.0,0.500512,0.20400521,0,1,"(128, 128, 128)",/home/grva-mint/Projects/Falhas/Dataset/dataset_74_2000/images/img_1085.npy,/home/grva-mint/Projects/Falhas/Dataset/dataset_74_2000/masks/img_1085.npy
img_1086.npy,0.0,1.0,0.50052,0.20417444,0,1,"(128, 128, 128)",/home/grva-mint/Projects/Falhas/Dataset/dataset_74_2000/images/img_1086.npy,/home/grva-mint/Projects/Falhas/Dataset/dataset_74_2000/masks/img_1086.npy
img_1087.npy,0.0,1.0,0.49981532,0.20657343,0,1,"(128, 128, 128)",/home/grva-mint/Projects/Falhas/Dataset/dataset_74_2000/images/img_1087.npy,/home/grva-mint/Projects/Falhas/Dataset/dataset_74_2000/masks/img_1087.npy
img_1088.npy,0.0,1.0,0.49986294,0.20546481,0,1,"(128, 128, 128)",/home/grva-mint/Projects/Falhas/Dataset/dataset_74_2000/images/img_1088.npy,/home/grva-mint/Projects/Falhas/Dataset/dataset_74_2000/masks/img_1088.npy
img_1089.npy,0.0,1.0,0.49975744,0.2059429,0,0,"(128, 128, 128)",/home/grva-mint/Projects/Falhas/Dataset/dataset_74_2000/images/img_1089.npy,/home/grva-mint/Projects/Falhas/Dataset/dataset_74_2000/masks/img_1089.npy
img_1090.npy,0.0,1.0,0.4999542,0.20527554,0,1,"(128, 128, 128)",/home/grva-mint/Projects/Falhas/Dataset/dataset_74_2000/images/img_1090.npy,/home/grva-mint/Projects/Falhas/Dataset/dataset_74_2000/masks/img_1090.npy
img_1091.npy,0.0,1.0,0.49981382,0.20622075,0,1,"(128, 128, 128)",/home/grva-mint/Projects/Falhas/Dataset/dataset_74_2000/images/img_1091.npy,/home/grva-mint/Projects/Falhas/Dataset/dataset_74_2000/masks/img_1091.npy
img_1092.npy,0.0,1.0,0.500282,0.20422202,0,1,"(128, 128, 128)",/home/grva-mint/Projects/Falhas/Dataset/dataset_74_2000/images/img_1092.npy,/home/grva-mint/Projects/Falhas/Dataset/dataset_74_2000/masks/img_1092.npy
img_1093.npy,0.0,1.0,0.500519,0.20389578,0,1,"(128, 128, 128)",/home/grva-mint/Projects/Falhas/Dataset/dataset_74_2000/images/img_1093.npy,/home/grva-mint/Projects/Falhas/Dataset/dataset_74_2000/masks/img_1093.npy
img_1094.npy,0.0,1.0,0.49994516,0.2049801,0,1,"(128, 128, 128)",/home/grva-mint/Projects/Falhas/Dataset/dataset_74_2000/images/img_1094.npy,/home/grva-mint/Projects/Falhas/Dataset/dataset_74_2000/masks/img_1094.npy
img_1095.npy,0.0,1.0,0.500005,0.20482758,0,1,"(128, 128, 128)",/home/grva-mint/Projects/Falhas/Dataset/dataset_74_2000/images/img_1095.npy,/home/grva-mint/Projects/Falhas/Dataset/dataset_74_2000/masks/img_1095.npy
img_1096.npy,0.0,1.0,0.5006584,0.20136754,0,1,"(128, 128, 128)",/home/grva-mint/Projects/Falhas/Dataset/dataset_74_2000/images/img_1096.npy,/home/grva-mint/Projects/Falhas/Dataset/dataset_74_2000/masks/img_1096.npy
img_1097.npy,0.0,1.0,0.49975175,0.20386589,0,1,"(128, 128, 128)",/home/grva-mint/Projects/Falhas/Dataset/dataset_74_2000/images/img_1097.npy,/home/grva-mint/Projects/Falhas/Dataset/dataset_74_2000/masks/img_1097.npy
img_1098.npy,0.0,1.0,0.49983996,0.20357002,0,1,"(128, 128, 128)",/home/grva-mint/Projects/Falhas/Dataset/dataset_74_2000/images/img_1098.npy,/home/grva-mint/Projects/Falhas/Dataset/dataset_74_2000/masks/img_1098.npy
img_1099.npy,0.0,1.0,0.49984136,0.2054215,0,1,"(128, 128, 128)",/home/grva-mint/Projects/Falhas/Dataset/dataset_74_2000/images/img_1099.npy,/home/grva-mint/Projects/Falhas/Dataset/dataset_74_2000/masks/img_1099.npy
img_1100.npy,0.0,1.0,0.5001192,0.2049452,0,1,"(128, 128, 128)",/home/grva-mint/Projects/Falhas/Dataset/dataset_74_2000/images/img_1100.npy,/home/grva-mint/Projects/Falhas/Dataset/dataset_74_2000/masks/img_1100.npy
img_1101.npy,0.0,1.0,0.49784398,0.18676154,0,1,"(128, 128, 128)",/home/grva-mint/Projects/Falhas/Dataset/dataset_74_2000/images/img_1101.npy,/home/grva-mint/Projects/Falhas/Dataset/dataset_74_2000/masks/img_1101.npy
img_1102.npy,0.0,1.0,0.5008451,0.20214951,0,1,"(128, 128, 128)",/home/grva-mint/Projects/Falhas/Dataset/dataset_74_2000/images/img_1102.npy,/home/grva-mint/Projects/Falhas/Dataset/dataset_74_2000/masks/img_1102.npy
img_1103.npy,0.0,1.0,0.4985066,0.2029536,0,1,"(128, 128, 128)",/home/grva-mint/Projects/Falhas/Dataset/dataset_74_2000/images/img_1103.npy,/home/grva-mint/Projects/Falhas/Dataset/dataset_74_2000/masks/img_1103.npy
img_1104.npy,0.0,1.0,0.49980593,0.20609702,0,1,"(128, 128, 128)",/home/grva-mint/Projects/Falhas/Dataset/dataset_74_2000/images/img_1104.npy,/home/grva-mint/Projects/Falhas/Dataset/dataset_74_2000/masks/img_1104.npy
img_1105.npy,0.0,1.0,0.5001818,0.20080428,0,1,"(128, 128, 128)",/home/grva-mint/Projects/Falhas/Dataset/dataset_74_2000/images/img_1105.npy,/home/grva-mint/Projects/Falhas/Dataset/dataset_74_2000/masks/img_1105.npy
img_1106.npy,0.0,1.0,0.49940908,0.20028883,0,1,"(128, 128, 128)",/home/grva-mint/Projects/Falhas/Dataset/dataset_74_2000/images/img_1106.npy,/home/grva-mint/Projects/Falhas/Dataset/dataset_74_2000/masks/img_1106.npy
img_1107.npy,0.0,1.0,0.49998513,0.2064271,0,1,"(128, 128, 128)",/home/grva-mint/Projects/Falhas/Dataset/dataset_74_2000/images/img_1107.npy,/home/grva-mint/Projects/Falhas/Dataset/dataset_74_2000/masks/img_1107.npy
img_1108.npy,0.0,1.0,0.49981692,0.2058798,0,1,"(128, 128, 128)",/home/grva-mint/Projects/Falhas/Dataset/dataset_74_2000/images/img_1108.npy,/home/grva-mint/Projects/Falhas/Dataset/dataset_74_2000/masks/img_1108.npy
img_1109.npy,0.0,1.0,0.49911916,0.20263469,0,1,"(128, 128, 128)",/home/grva-mint/Projects/Falhas/Dataset/dataset_74_2000/images/img_1109.npy,/home/grva-mint/Projects/Falhas/Dataset/dataset_74_2000/masks/img_1109.npy
img_1110.npy,0.0,1.0,0.5002444,0.20492586,0,1,"(128, 128, 128)",/home/grva-mint/Projects/Falhas/Dataset/dataset_74_2000/images/img_1110.npy,/home/grva-mint/Projects/Falhas/Dataset/dataset_74_2000/masks/img_1110.npy
img_1111.npy,0.0,1.0,0.50081927,0.20376386,0,1,"(128, 128, 128)",/home/grva-mint/Projects/Falhas/Dataset/dataset_74_2000/images/img_1111.npy,/home/grva-mint/Projects/Falhas/Dataset/dataset_74_2000/masks/img_1111.npy
img_1112.npy,0.0,1.0,0.50470126,0.18808392,0,1,"(128, 128, 128)",/home/grva-mint/Projects/Falhas/Dataset/dataset_74_2000/images/img_1112.npy,/home/grva-mint/Projects/Falhas/Dataset/dataset_74_2000/masks/img_1112.npy
img_1113.npy,0.0,1.0,0.50007033,0.2046749,0,1,"(128, 128, 128)",/home/grva-mint/Projects/Falhas/Dataset/dataset_74_2000/images/img_1113.npy,/home/grva-mint/Projects/Falhas/Dataset/dataset_74_2000/masks/img_1113.npy
img_1114.npy,0.0,1.0,0.5001231,0.20526373,0,1,"(128, 128, 128)",/home/grva-mint/Projects/Falhas/Dataset/dataset_74_2000/images/img_1114.npy,/home/grva-mint/Projects/Falhas/Dataset/dataset_74_2000/masks/img_1114.npy
img_1115.npy,0.0,1.0,0.5000801,0.20441382,0,1,"(128, 128, 128)",/home/grva-mint/Projects/Falhas/Dataset/dataset_74_2000/images/img_1115.npy,/home/grva-mint/Projects/Falhas/Dataset/dataset_74_2000/masks/img_1115.npy
img_1116.npy,0.0,1.0,0.50138247,0.19996347,0,1,"(128, 128, 128)",/home/grva-mint/Projects/Falhas/Dataset/dataset_74_2000/images/img_1116.npy,/home/grva-mint/Projects/Falhas/Dataset/dataset_74_2000/masks/img_1116.npy
img_1117.npy,0.0,1.0,0.4995107,0.20386775,0,1,"(128, 128, 128)",/home/grva-mint/Projects/Falhas/Dataset/dataset_74_2000/images/img_1117.npy,/home/grva-mint/Projects/Falhas/Dataset/dataset_74_2000/masks/img_1117.npy
img_1118.npy,0.0,1.0,0.4973347,0.19963156,0,1,"(128, 128, 128)",/home/grva-mint/Projects/Falhas/Dataset/dataset_74_2000/images/img_1118.npy,/home/grva-mint/Projects/Falhas/Dataset/dataset_74_2000/masks/img_1118.npy
img_1119.npy,0.0,1.0,0.49845454,0.20097145,0,0,"(128, 128, 128)",/home/grva-mint/Projects/Falhas/Dataset/dataset_74_2000/images/img_1119.npy,/home/grva-mint/Projects/Falhas/Dataset/dataset_74_2000/masks/img_1119.npy
img_1120.npy,0.0,1.0,0.4999163,0.2065078,0,1,"(128, 128, 128)",/home/grva-mint/Projects/Falhas/Dataset/dataset_74_2000/images/img_1120.npy,/home/grva-mint/Projects/Falhas/Dataset/dataset_74_2000/masks/img_1120.npy
img_1121.npy,0.0,1.0,0.49833894,0.19976158,0,1,"(128, 128, 128)",/home/grva-mint/Projects/Falhas/Dataset/dataset_74_2000/images/img_1121.npy,/home/grva-mint/Projects/Falhas/Dataset/dataset_74_2000/masks/img_1121.npy
img_1122.npy,0.0,1.0,0.49989218,0.2060239,0,1,"(128, 128, 128)",/home/grva-mint/Projects/Falhas/Dataset/dataset_74_2000/images/img_1122.npy,/home/grva-mint/Projects/Falhas/Dataset/dataset_74_2000/masks/img_1122.npy
img_1123.npy,0.0,1.0,0.49915323,0.20373721,0,1,"(128, 128, 128)",/home/grva-mint/Projects/Falhas/Dataset/dataset_74_2000/images/img_1123.npy,/home/grva-mint/Projects/Falhas/Dataset/dataset_74_2000/masks/img_1123.npy
img_1124.npy,0.0,1.0,0.4998054,0.20426191,0,1,"(128, 128, 128)",/home/grva-mint/Projects/Falhas/Dataset/dataset_74_2000/images/img_1124.npy,/home/grva-mint/Projects/Falhas/Dataset/dataset_74_2000/masks/img_1124.npy
img_1125.npy,0.0,1.0,0.5009598,0.20342292,0,1,"(128, 128, 128)",/home/grva-mint/Projects/Falhas/Dataset/dataset_74_2000/images/img_1125.npy,/home/grva-mint/Projects/Falhas/Dataset/dataset_74_2000/masks/img_1125.npy
img_1126.npy,0.0,1.0,0.50145525,0.20227388,0,1,"(128, 128, 128)",/home/grva-mint/Projects/Falhas/Dataset/dataset_74_2000/images/img_1126.npy,/home/grva-mint/Projects/Falhas/Dataset/dataset_74_2000/masks/img_1126.npy
img_1127.npy,0.0,1.0,0.5022809,0.19843014,0,1,"(128, 128, 128)",/home/grva-mint/Projects/Falhas/Dataset/dataset_74_2000/images/img_1127.npy,/home/grva-mint/Projects/Falhas/Dataset/dataset_74_2000/masks/img_1127.npy
img_1128.npy,0.0,1.0,0.4998408,0.20140478,0,1,"(128, 128, 128)",/home/grva-mint/Projects/Falhas/Dataset/dataset_74_2000/images/img_1128.npy,/home/grva-mint/Projects/Falhas/Dataset/dataset_74_2000/masks/img_1128.npy
img_1129.npy,0.0,1.0,0.49806276,0.19539556,0,1,"(128, 128, 128)",/home/grva-mint/Projects/Falhas/Dataset/dataset_74_2000/images/img_1129.npy,/home/grva-mint/Projects/Falhas/Dataset/dataset_74_2000/masks/img_1129.npy
img_1130.npy,0.0,1.0,0.50025034,0.1984579,0,1,"(128, 128, 128)",/home/grva-mint/Projects/Falhas/Dataset/dataset_74_2000/images/img_1130.npy,/home/grva-mint/Projects/Falhas/Dataset/dataset_74_2000/masks/img_1130.npy
img_1131.npy,0.0,1.0,0.49986413,0.202678,0,0,"(128, 128, 128)",/home/grva-mint/Projects/Falhas/Dataset/dataset_74_2000/images/img_1131.npy,/home/grva-mint/Projects/Falhas/Dataset/dataset_74_2000/masks/img_1131.npy
img_1132.npy,0.0,1.0,0.50006264,0.2035733,0,1,"(128, 128, 128)",/home/grva-mint/Projects/Falhas/Dataset/dataset_74_2000/images/img_1132.npy,/home/grva-mint/Projects/Falhas/Dataset/dataset_74_2000/masks/img_1132.npy
img_1133.npy,0.0,1.0,0.49982095,0.20646662,0,1,"(128, 128, 128)",/home/grva-mint/Projects/Falhas/Dataset/dataset_74_2000/images/img_1133.npy,/home/grva-mint/Projects/Falhas/Dataset/dataset_74_2000/masks/img_1133.npy
img_1134.npy,0.0,1.0,0.49973306,0.19960836,0,1,"(128, 128, 128)",/home/grva-mint/Projects/Falhas/Dataset/dataset_74_2000/images/img_1134.npy,/home/grva-mint/Projects/Falhas/Dataset/dataset_74_2000/masks/img_1134.npy
img_1135.npy,0.0,1.0,0.49992085,0.20407355,0,1,"(128, 128, 128)",/home/grva-mint/Projects/Falhas/Dataset/dataset_74_2000/images/img_1135.npy,/home/grva-mint/Projects/Falhas/Dataset/dataset_74_2000/masks/img_1135.npy
img_1136.npy,0.0,1.0,0.498587,0.20233825,0,1,"(128, 128, 128)",/home/grva-mint/Projects/Falhas/Dataset/dataset_74_2000/images/img_1136.npy,/home/grva-mint/Projects/Falhas/Dataset/dataset_74_2000/masks/img_1136.npy
img_1137.npy,0.0,1.0,0.49902105,0.20285046,0,1,"(128, 128, 128)",/home/grva-mint/Projects/Falhas/Dataset/dataset_74_2000/images/img_1137.npy,/home/grva-mint/Projects/Falhas/Dataset/dataset_74_2000/masks/img_1137.npy
img_1138.npy,0.0,1.0,0.50032,0.20532636,0,1,"(128, 128, 128)",/home/grva-mint/Projects/Falhas/Dataset/dataset_74_2000/images/img_1138.npy,/home/grva-mint/Projects/Falhas/Dataset/dataset_74_2000/masks/img_1138.npy
img_1139.npy,0.0,1.0,0.49972042,0.20410353,0,1,"(128, 128, 128)",/home/grva-mint/Projects/Falhas/Dataset/dataset_74_2000/images/img_1139.npy,/home/grva-mint/Projects/Falhas/Dataset/dataset_74_2000/masks/img_1139.npy
img_1140.npy,0.0,1.0,0.5008036,0.20250586,0,1,"(128, 128, 128)",/home/grva-mint/Projects/Falhas/Dataset/dataset_74_2000/images/img_1140.npy,/home/grva-mint/Projects/Falhas/Dataset/dataset_74_2000/masks/img_1140.npy
img_1141.npy,0.0,1.0,0.5000154,0.20109615,0,1,"(128, 128, 128)",/home/grva-mint/Projects/Falhas/Dataset/dataset_74_2000/images/img_1141.npy,/home/grva-mint/Projects/Falhas/Dataset/dataset_74_2000/masks/img_1141.npy
img_1142.npy,0.0,1.0,0.50006706,0.20634687,0,1,"(128, 128, 128)",/home/grva-mint/Projects/Falhas/Dataset/dataset_74_2000/images/img_1142.npy,/home/grva-mint/Projects/Falhas/Dataset/dataset_74_2000/masks/img_1142.npy
img_1143.npy,0.0,1.0,0.49894255,0.20229864,0,1,"(128, 128, 128)",/home/grva-mint/Projects/Falhas/Dataset/dataset_74_2000/images/img_1143.npy,/home/grva-mint/Projects/Falhas/Dataset/dataset_74_2000/masks/img_1143.npy
img_1144.npy,0.0,1.0,0.5002654,0.20578705,0,1,"(128, 128, 128)",/home/grva-mint/Projects/Falhas/Dataset/dataset_74_2000/images/img_1144.npy,/home/grva-mint/Projects/Falhas/Dataset/dataset_74_2000/masks/img_1144.npy
img_1145.npy,0.0,1.0,0.49963754,0.20411018,0,1,"(128, 128, 128)",/home/grva-mint/Projects/Falhas/Dataset/dataset_74_2000/images/img_1145.npy,/home/grva-mint/Projects/Falhas/Dataset/dataset_74_2000/masks/img_1145.npy
img_1146.npy,0.0,1.0,0.49991465,0.20659052,0,1,"(128, 128, 128)",/home/grva-mint/Projects/Falhas/Dataset/dataset_74_2000/images/img_1146.npy,/home/grva-mint/Projects/Falhas/Dataset/dataset_74_2000/masks/img_1146.npy
img_1147.npy,0.0,1.0,0.50040907,0.20217252,0,1,"(128, 128, 128)",/home/grva-mint/Projects/Falhas/Dataset/dataset_74_2000/images/img_1147.npy,/home/grva-mint/Projects/Falhas/Dataset/dataset_74_2000/masks/img_1147.npy
img_1148.npy,0.0,1.0,0.49737307,0.19881858,0,1,"(128, 128, 128)",/home/grva-mint/Projects/Falhas/Dataset/dataset_74_2000/images/img_1148.npy,/home/grva-mint/Projects/Falhas/Dataset/dataset_74_2000/masks/img_1148.npy
img_1149.npy,0.0,1.0,0.4990495,0.19855592,0,1,"(128, 128, 128)",/home/grva-mint/Projects/Falhas/Dataset/dataset_74_2000/images/img_1149.npy,/home/grva-mint/Projects/Falhas/Dataset/dataset_74_2000/masks/img_1149.npy
img_1150.npy,0.0,1.0,0.49949613,0.20235994,0,1,"(128, 128, 128)",/home/grva-mint/Projects/Falhas/Dataset/dataset_74_2000/images/img_1150.npy,/home/grva-mint/Projects/Falhas/Dataset/dataset_74_2000/masks/img_1150.npy
img_1151.npy,0.0,1.0,0.50025046,0.20269683,0,1,"(128, 128, 128)",/home/grva-mint/Projects/Falhas/Dataset/dataset_74_2000/images/img_1151.npy,/home/grva-mint/Projects/Falhas/Dataset/dataset_74_2000/masks/img_1151.npy
img_1152.npy,0.0,1.0,0.4991662,0.2031701,0,1,"(128, 128, 128)",/home/grva-mint/Projects/Falhas/Dataset/dataset_74_2000/images/img_1152.npy,/home/grva-mint/Projects/Falhas/Dataset/dataset_74_2000/masks/img_1152.npy
img_1153.npy,0.0,1.0,0.497842,0.19984975,0,1,"(128, 128, 128)",/home/grva-mint/Projects/Falhas/Dataset/dataset_74_2000/images/img_1153.npy,/home/grva-mint/Projects/Falhas/Dataset/dataset_74_2000/masks/img_1153.npy
img_1154.npy,0.0,1.0,0.4989499,0.20119981,0,1,"(128, 128, 128)",/home/grva-mint/Projects/Falhas/Dataset/dataset_74_2000/images/img_1154.npy,/home/grva-mint/Projects/Falhas/Dataset/dataset_74_2000/masks/img_1154.npy
img_1155.npy,0.0,1.0,0.50065964,0.20346467,0,1,"(128, 128, 128)",/home/grva-mint/Projects/Falhas/Dataset/dataset_74_2000/images/img_1155.npy,/home/grva-mint/Projects/Falhas/Dataset/dataset_74_2000/masks/img_1155.npy
img_1156.npy,0.0,1.0,0.50019616,0.20246823,0,1,"(128, 128, 128)",/home/grva-mint/Projects/Falhas/Dataset/dataset_74_2000/images/img_1156.npy,/home/grva-mint/Projects/Falhas/Dataset/dataset_74_2000/masks/img_1156.npy
img_1157.npy,0.0,1.0,0.50006515,0.20595835,0,1,"(128, 128, 128)",/home/grva-mint/Projects/Falhas/Dataset/dataset_74_2000/images/img_1157.npy,/home/grva-mint/Projects/Falhas/Dataset/dataset_74_2000/masks/img_1157.npy
img_1158.npy,0.0,1.0,0.49809003,0.19255237,0,1,"(128, 128, 128)",/home/grva-mint/Projects/Falhas/Dataset/dataset_74_2000/images/img_1158.npy,/home/grva-mint/Projects/Falhas/Dataset/dataset_74_2000/masks/img_1158.npy
img_1159.npy,0.0,1.0,0.50063825,0.2005025,0,1,"(128, 128, 128)",/home/grva-mint/Projects/Falhas/Dataset/dataset_74_2000/images/img_1159.npy,/home/grva-mint/Projects/Falhas/Dataset/dataset_74_2000/masks/img_1159.npy
img_1160.npy,0.0,1.0,0.49991828,0.20290114,0,1,"(128, 128, 128)",/home/grva-mint/Projects/Falhas/Dataset/dataset_74_2000/images/img_1160.npy,/home/grva-mint/Projects/Falhas/Dataset/dataset_74_2000/masks/img_1160.npy
img_1161.npy,0.0,1.0,0.50034106,0.20299324,0,1,"(128, 128, 128)",/home/grva-mint/Projects/Falhas/Dataset/dataset_74_2000/images/img_1161.npy,/home/grva-mint/Projects/Falhas/Dataset/dataset_74_2000/masks/img_1161.npy
img_1162.npy,0.0,1.0,0.50169545,0.19811249,0,1,"(128, 128, 128)",/home/grva-mint/Projects/Falhas/Dataset/dataset_74_2000/images/img_1162.npy,/home/grva-mint/Projects/Falhas/Dataset/dataset_74_2000/masks/img_1162.npy
img_1163.npy,0.0,1.0,0.5000889,0.19260524,0,1,"(128, 128, 128)",/home/grva-mint/Projects/Falhas/Dataset/dataset_74_2000/images/img_1163.npy,/home/grva-mint/Projects/Falhas/Dataset/dataset_74_2000/masks/img_1163.npy
img_1164.npy,0.0,1.0,0.49927786,0.20512794,0,1,"(128, 128, 128)",/home/grva-mint/Projects/Falhas/Dataset/dataset_74_2000/images/img_1164.npy,/home/grva-mint/Projects/Falhas/Dataset/dataset_74_2000/masks/img_1164.npy
img_1165.npy,0.0,1.0,0.49993694,0.206806,0,0,"(128, 128, 128)",/home/grva-mint/Projects/Falhas/Dataset/dataset_74_2000/images/img_1165.npy,/home/grva-mint/Projects/Falhas/Dataset/dataset_74_2000/masks/img_1165.npy
img_1166.npy,0.0,1.0,0.499085,0.20193398,0,0,"(128, 128, 128)",/home/grva-mint/Projects/Falhas/Dataset/dataset_74_2000/images/img_1166.npy,/home/grva-mint/Projects/Falhas/Dataset/dataset_74_2000/masks/img_1166.npy
img_1167.npy,0.0,1.0,0.49834117,0.20230632,0,1,"(128, 128, 128)",/home/grva-mint/Projects/Falhas/Dataset/dataset_74_2000/images/img_1167.npy,/home/grva-mint/Projects/Falhas/Dataset/dataset_74_2000/masks/img_1167.npy
img_1168.npy,0.0,1.0,0.4993369,0.20430003,0,1,"(128, 128, 128)",/home/grva-mint/Projects/Falhas/Dataset/dataset_74_2000/images/img_1168.npy,/home/grva-mint/Projects/Falhas/Dataset/dataset_74_2000/masks/img_1168.npy
img_1169.npy,0.0,1.0,0.5002495,0.20428386,0,0,"(128, 128, 128)",/home/grva-mint/Projects/Falhas/Dataset/dataset_74_2000/images/img_1169.npy,/home/grva-mint/Projects/Falhas/Dataset/dataset_74_2000/masks/img_1169.npy
img_1170.npy,0.0,1.0,0.49965125,0.20202154,0,1,"(128, 128, 128)",/home/grva-mint/Projects/Falhas/Dataset/dataset_74_2000/images/img_1170.npy,/home/grva-mint/Projects/Falhas/Dataset/dataset_74_2000/masks/img_1170.npy
img_1171.npy,0.012494304,1.0,0.49891552,0.20421767,0,0,"(128, 128, 128)",/home/grva-mint/Projects/Falhas/Dataset/dataset_74_2000/images/img_1171.npy,/home/grva-mint/Projects/Falhas/Dataset/dataset_74_2000/masks/img_1171.npy
img_1172.npy,0.0,1.0,0.49932247,0.20430075,0,1,"(128, 128, 128)",/home/grva-mint/Projects/Falhas/Dataset/dataset_74_2000/images/img_1172.npy,/home/grva-mint/Projects/Falhas/Dataset/dataset_74_2000/masks/img_1172.npy
img_1173.npy,0.0,1.0,0.50048625,0.20532383,0,1,"(128, 128, 128)",/home/grva-mint/Projects/Falhas/Dataset/dataset_74_2000/images/img_1173.npy,/home/grva-mint/Projects/Falhas/Dataset/dataset_74_2000/masks/img_1173.npy
img_1174.npy,0.0,1.0,0.50022227,0.20494819,0,0,"(128, 128, 128)",/home/grva-mint/Projects/Falhas/Dataset/dataset_74_2000/images/img_1174.npy,/home/grva-mint/Projects/Falhas/Dataset/dataset_74_2000/masks/img_1174.npy
img_1175.npy,0.0,1.0,0.50012153,0.2046066,0,1,"(128, 128, 128)",/home/grva-mint/Projects/Falhas/Dataset/dataset_74_2000/images/img_1175.npy,/home/grva-mint/Projects/Falhas/Dataset/dataset_74_2000/masks/img_1175.npy
img_1176.npy,0.0,1.0,0.49908212,0.20465308,0,1,"(128, 128, 128)",/home/grva-mint/Projects/Falhas/Dataset/dataset_74_2000/images/img_1176.npy,/home/grva-mint/Projects/Falhas/Dataset/dataset_74_2000/masks/img_1176.npy
img_1177.npy,0.0,1.0,0.5003962,0.20424359,0,1,"(128, 128, 128)",/home/grva-mint/Projects/Falhas/Dataset/dataset_74_2000/images/img_1177.npy,/home/grva-mint/Projects/Falhas/Dataset/dataset_74_2000/masks/img_1177.npy
img_1178.npy,0.0,1.0,0.4990565,0.202214,0,0,"(128, 128, 128)",/home/grva-mint/Projects/Falhas/Dataset/dataset_74_2000/images/img_1178.npy,/home/grva-mint/Projects/Falhas/Dataset/dataset_74_2000/masks/img_1178.npy
img_1179.npy,0.0,1.0,0.50037307,0.20397748,0,0,"(128, 128, 128)",/home/grva-mint/Projects/Falhas/Dataset/dataset_74_2000/images/img_1179.npy,/home/grva-mint/Projects/Falhas/Dataset/dataset_74_2000/masks/img_1179.npy
img_1180.npy,0.0,1.0,0.5002702,0.20428441,0,1,"(128, 128, 128)",/home/grva-mint/Projects/Falhas/Dataset/dataset_74_2000/images/img_1180.npy,/home/grva-mint/Projects/Falhas/Dataset/dataset_74_2000/masks/img_1180.npy
img_1181.npy,0.0,1.0,0.50027466,0.20182166,0,1,"(128, 128, 128)",/home/grva-mint/Projects/Falhas/Dataset/dataset_74_2000/images/img_1181.npy,/home/grva-mint/Projects/Falhas/Dataset/dataset_74_2000/masks/img_1181.npy
img_1182.npy,0.0,1.0,0.49881566,0.20369251,0,1,"(128, 128, 128)",/home/grva-mint/Projects/Falhas/Dataset/dataset_74_2000/images/img_1182.npy,/home/grva-mint/Projects/Falhas/Dataset/dataset_74_2000/masks/img_1182.npy
img_1183.npy,0.0,1.0,0.49992043,0.20539188,0,0,"(128, 128, 128)",/home/grva-mint/Projects/Falhas/Dataset/dataset_74_2000/images/img_1183.npy,/home/grva-mint/Projects/Falhas/Dataset/dataset_74_2000/masks/img_1183.npy
img_1184.npy,0.0,1.0,0.50034523,0.20433171,0,1,"(128, 128, 128)",/home/grva-mint/Projects/Falhas/Dataset/dataset_74_2000/images/img_1184.npy,/home/grva-mint/Projects/Falhas/Dataset/dataset_74_2000/masks/img_1184.npy
img_1185.npy,0.0,1.0,0.50055504,0.20391689,0,1,"(128, 128, 128)",/home/grva-mint/Projects/Falhas/Dataset/dataset_74_2000/images/img_1185.npy,/home/grva-mint/Projects/Falhas/Dataset/dataset_74_2000/masks/img_1185.npy
img_1186.npy,0.0,1.0,0.50017494,0.2054539,0,1,"(128, 128, 128)",/home/grva-mint/Projects/Falhas/Dataset/dataset_74_2000/images/img_1186.npy,/home/grva-mint/Projects/Falhas/Dataset/dataset_74_2000/masks/img_1186.npy
img_1187.npy,0.0,1.0,0.49975747,0.2052824,0,1,"(128, 128, 128)",/home/grva-mint/Projects/Falhas/Dataset/dataset_74_2000/images/img_1187.npy,/home/grva-mint/Projects/Falhas/Dataset/dataset_74_2000/masks/img_1187.npy
img_1188.npy,0.0,1.0,0.499883,0.20659317,0,1,"(128, 128, 128)",/home/grva-mint/Projects/Falhas/Dataset/dataset_74_2000/images/img_1188.npy,/home/grva-mint/Projects/Falhas/Dataset/dataset_74_2000/masks/img_1188.npy
img_1189.npy,0.0,1.0,0.49894983,0.20108035,0,1,"(128, 128, 128)",/home/grva-mint/Projects/Falhas/Dataset/dataset_74_2000/images/img_1189.npy,/home/grva-mint/Projects/Falhas/Dataset/dataset_74_2000/masks/img_1189.npy
img_1190.npy,0.0,1.0,0.50148106,0.20114066,0,1,"(128, 128, 128)",/home/grva-mint/Projects/Falhas/Dataset/dataset_74_2000/images/img_1190.npy,/home/grva-mint/Projects/Falhas/Dataset/dataset_74_2000/masks/img_1190.npy
img_1191.npy,0.0,1.0,0.5000242,0.20564404,0,1,"(128, 128, 128)",/home/grva-mint/Projects/Falhas/Dataset/dataset_74_2000/images/img_1191.npy,/home/grva-mint/Projects/Falhas/Dataset/dataset_74_2000/masks/img_1191.npy
img_1192.npy,0.0,1.0,0.50003356,0.20361865,0,1,"(128, 128, 128)",/home/grva-mint/Projects/Falhas/Dataset/dataset_74_2000/images/img_1192.npy,/home/grva-mint/Projects/Falhas/Dataset/dataset_74_2000/masks/img_1192.npy
img_1193.npy,0.0,1.0,0.5006573,0.20112957,0,1,"(128, 128, 128)",/home/grva-mint/Projects/Falhas/Dataset/dataset_74_2000/images/img_1193.npy,/home/grva-mint/Projects/Falhas/Dataset/dataset_74_2000/masks/img_1193.npy
img_1194.npy,0.0,1.0,0.49921155,0.20471612,0,1,"(128, 128, 128)",/home/grva-mint/Projects/Falhas/Dataset/dataset_74_2000/images/img_1194.npy,/home/grva-mint/Projects/Falhas/Dataset/dataset_74_2000/masks/img_1194.npy
img_1195.npy,0.0,1.0,0.4996794,0.20355798,0,1,"(128, 128, 128)",/home/grva-mint/Projects/Falhas/Dataset/dataset_74_2000/images/img_1195.npy,/home/grva-mint/Projects/Falhas/Dataset/dataset_74_2000/masks/img_1195.npy
img_1196.npy,0.0,1.0,0.49990124,0.20516148,0,1,"(128, 128, 128)",/home/grva-mint/Projects/Falhas/Dataset/dataset_74_2000/images/img_1196.npy,/home/grva-mint/Projects/Falhas/Dataset/dataset_74_2000/masks/img_1196.npy
img_1197.npy,0.0,1.0,0.4994371,0.19696803,0,0,"(128, 128, 128)",/home/grva-mint/Projects/Falhas/Dataset/dataset_74_2000/images/img_1197.npy,/home/grva-mint/Projects/Falhas/Dataset/dataset_74_2000/masks/img_1197.npy
img_1198.npy,0.0,1.0,0.4997115,0.2053278,0,1,"(128, 128, 128)",/home/grva-mint/Projects/Falhas/Dataset/dataset_74_2000/images/img_1198.npy,/home/grva-mint/Projects/Falhas/Dataset/dataset_74_2000/masks/img_1198.npy
img_1199.npy,0.0,1.0,0.49971518,0.20498455,0,1,"(128, 128, 128)",/home/grva-mint/Projects/Falhas/Dataset/dataset_74_2000/images/img_1199.npy,/home/grva-mint/Projects/Falhas/Dataset/dataset_74_2000/masks/img_1199.npy
img_1200.npy,0.0,1.0,0.5000775,0.20447204,0,1,"(128, 128, 128)",/home/grva-mint/Projects/Falhas/Dataset/dataset_74_2000/images/img_1200.npy,/home/grva-mint/Projects/Falhas/Dataset/dataset_74_2000/masks/img_1200.npy
img_1201.npy,0.0,1.0,0.5019945,0.19614604,0,1,"(128, 128, 128)",/home/grva-mint/Projects/Falhas/Dataset/dataset_74_2000/images/img_1201.npy,/home/grva-mint/Projects/Falhas/Dataset/dataset_74_2000/masks/img_1201.npy
img_1202.npy,0.0,1.0,0.50045425,0.19835813,0,1,"(128, 128, 128)",/home/grva-mint/Projects/Falhas/Dataset/dataset_74_2000/images/img_1202.npy,/home/grva-mint/Projects/Falhas/Dataset/dataset_74_2000/masks/img_1202.npy
img_1203.npy,0.0,1.0,0.49755102,0.19591604,0,1,"(128, 128, 128)",/home/grva-mint/Projects/Falhas/Dataset/dataset_74_2000/images/img_1203.npy,/home/grva-mint/Projects/Falhas/Dataset/dataset_74_2000/masks/img_1203.npy
img_1204.npy,0.0,1.0,0.49962798,0.20484692,0,1,"(128, 128, 128)",/home/grva-mint/Projects/Falhas/Dataset/dataset_74_2000/images/img_1204.npy,/home/grva-mint/Projects/Falhas/Dataset/dataset_74_2000/masks/img_1204.npy
img_1205.npy,0.0,1.0,0.4994254,0.20465988,0,1,"(128, 128, 128)",/home/grva-mint/Projects/Falhas/Dataset/dataset_74_2000/images/img_1205.npy,/home/grva-mint/Projects/Falhas/Dataset/dataset_74_2000/masks/img_1205.npy
img_1206.npy,0.0,1.0,0.49997213,0.20619527,0,1,"(128, 128, 128)",/home/grva-mint/Projects/Falhas/Dataset/dataset_74_2000/images/img_1206.npy,/home/grva-mint/Projects/Falhas/Dataset/dataset_74_2000/masks/img_1206.npy
img_1207.npy,0.0,1.0,0.49922472,0.20476556,0,1,"(128, 128, 128)",/home/grva-mint/Projects/Falhas/Dataset/dataset_74_2000/images/img_1207.npy,/home/grva-mint/Projects/Falhas/Dataset/dataset_74_2000/masks/img_1207.npy
img_1208.npy,0.0,1.0,0.49928302,0.19822896,0,1,"(128, 128, 128)",/home/grva-mint/Projects/Falhas/Dataset/dataset_74_2000/images/img_1208.npy,/home/grva-mint/Projects/Falhas/Dataset/dataset_74_2000/masks/img_1208.npy
img_1209.npy,0.0,1.0,0.49987343,0.20669433,0,1,"(128, 128, 128)",/home/grva-mint/Projects/Falhas/Dataset/dataset_74_2000/images/img_1209.npy,/home/grva-mint/Projects/Falhas/Dataset/dataset_74_2000/masks/img_1209.npy
img_1210.npy,0.0,1.0,0.50008065,0.20418932,0,0,"(128, 128, 128)",/home/grva-mint/Projects/Falhas/Dataset/dataset_74_2000/images/img_1210.npy,/home/grva-mint/Projects/Falhas/Dataset/dataset_74_2000/masks/img_1210.npy
img_1211.npy,0.0,1.0,0.50003004,0.20436858,0,1,"(128, 128, 128)",/home/grva-mint/Projects/Falhas/Dataset/dataset_74_2000/images/img_1211.npy,/home/grva-mint/Projects/Falhas/Dataset/dataset_74_2000/masks/img_1211.npy
img_1212.npy,0.0,1.0,0.5010602,0.20158626,0,1,"(128, 128, 128)",/home/grva-mint/Projects/Falhas/Dataset/dataset_74_2000/images/img_1212.npy,/home/grva-mint/Projects/Falhas/Dataset/dataset_74_2000/masks/img_1212.npy
img_1213.npy,0.0,1.0,0.50002456,0.20599115,0,1,"(128, 128, 128)",/home/grva-mint/Projects/Falhas/Dataset/dataset_74_2000/images/img_1213.npy,/home/grva-mint/Projects/Falhas/Dataset/dataset_74_2000/masks/img_1213.npy
img_1214.npy,0.0,1.0,0.49965468,0.20609644,0,1,"(128, 128, 128)",/home/grva-mint/Projects/Falhas/Dataset/dataset_74_2000/images/img_1214.npy,/home/grva-mint/Projects/Falhas/Dataset/dataset_74_2000/masks/img_1214.npy
img_1215.npy,0.0,1.0,0.4995939,0.20496708,0,1,"(128, 128, 128)",/home/grva-mint/Projects/Falhas/Dataset/dataset_74_2000/images/img_1215.npy,/home/grva-mint/Projects/Falhas/Dataset/dataset_74_2000/masks/img_1215.npy
img_1216.npy,0.0,1.0,0.5000042,0.20649482,0,1,"(128, 128, 128)",/home/grva-mint/Projects/Falhas/Dataset/dataset_74_2000/images/img_1216.npy,/home/grva-mint/Projects/Falhas/Dataset/dataset_74_2000/masks/img_1216.npy
img_1217.npy,0.0,1.0,0.4994335,0.20340899,0,0,"(128, 128, 128)",/home/grva-mint/Projects/Falhas/Dataset/dataset_74_2000/images/img_1217.npy,/home/grva-mint/Projects/Falhas/Dataset/dataset_74_2000/masks/img_1217.npy
img_1218.npy,0.0,1.0,0.5006398,0.204874,0,1,"(128, 128, 128)",/home/grva-mint/Projects/Falhas/Dataset/dataset_74_2000/images/img_1218.npy,/home/grva-mint/Projects/Falhas/Dataset/dataset_74_2000/masks/img_1218.npy
img_1219.npy,0.0,1.0,0.4996136,0.20428108,0,1,"(128, 128, 128)",/home/grva-mint/Projects/Falhas/Dataset/dataset_74_2000/images/img_1219.npy,/home/grva-mint/Projects/Falhas/Dataset/dataset_74_2000/masks/img_1219.npy
img_1220.npy,0.0,1.0,0.50118476,0.20280093,0,1,"(128, 128, 128)",/home/grva-mint/Projects/Falhas/Dataset/dataset_74_2000/images/img_1220.npy,/home/grva-mint/Projects/Falhas/Dataset/dataset_74_2000/masks/img_1220.npy
img_1221.npy,0.0,1.0,0.49967855,0.2058967,0,1,"(128, 128, 128)",/home/grva-mint/Projects/Falhas/Dataset/dataset_74_2000/images/img_1221.npy,/home/grva-mint/Projects/Falhas/Dataset/dataset_74_2000/masks/img_1221.npy
img_1222.npy,0.0,1.0,0.49979436,0.20538932,0,1,"(128, 128, 128)",/home/grva-mint/Projects/Falhas/Dataset/dataset_74_2000/images/img_1222.npy,/home/grva-mint/Projects/Falhas/Dataset/dataset_74_2000/masks/img_1222.npy
img_1223.npy,0.0,1.0,0.4984379,0.2008774,0,1,"(128, 128, 128)",/home/grva-mint/Projects/Falhas/Dataset/dataset_74_2000/images/img_1223.npy,/home/grva-mint/Projects/Falhas/Dataset/dataset_74_2000/masks/img_1223.npy
img_1224.npy,0.0,1.0,0.5020297,0.20011307,0,1,"(128, 128, 128)",/home/grva-mint/Projects/Falhas/Dataset/dataset_74_2000/images/img_1224.npy,/home/grva-mint/Projects/Falhas/Dataset/dataset_74_2000/masks/img_1224.npy
img_1225.npy,0.0,1.0,0.49866143,0.20245208,0,1,"(128, 128, 128)",/home/grva-mint/Projects/Falhas/Dataset/dataset_74_2000/images/img_1225.npy,/home/grva-mint/Projects/Falhas/Dataset/dataset_74_2000/masks/img_1225.npy
img_1226.npy,0.0,1.0,0.5001344,0.20244259,0,1,"(128, 128, 128)",/home/grva-mint/Projects/Falhas/Dataset/dataset_74_2000/images/img_1226.npy,/home/grva-mint/Projects/Falhas/Dataset/dataset_74_2000/masks/img_1226.npy
img_1227.npy,0.0,1.0,0.49895018,0.20350961,0,1,"(128, 128, 128)",/home/grva-mint/Projects/Falhas/Dataset/dataset_74_2000/images/img_1227.npy,/home/grva-mint/Projects/Falhas/Dataset/dataset_74_2000/masks/img_1227.npy
img_1228.npy,0.0,1.0,0.49959034,0.1942619,0,1,"(128, 128, 128)",/home/grva-mint/Projects/Falhas/Dataset/dataset_74_2000/images/img_1228.npy,/home/grva-mint/Projects/Falhas/Dataset/dataset_74_2000/masks/img_1228.npy
img_1229.npy,0.0,1.0,0.5008279,0.20142154,0,1,"(128, 128, 128)",/home/grva-mint/Projects/Falhas/Dataset/dataset_74_2000/images/img_1229.npy,/home/grva-mint/Projects/Falhas/Dataset/dataset_74_2000/masks/img_1229.npy
img_1230.npy,0.0,1.0,0.49943238,0.20541191,0,0,"(128, 128, 128)",/home/grva-mint/Projects/Falhas/Dataset/dataset_74_2000/images/img_1230.npy,/home/grva-mint/Projects/Falhas/Dataset/dataset_74_2000/masks/img_1230.npy
img_1231.npy,0.0,1.0,0.49983773,0.20450428,0,1,"(128, 128, 128)",/home/grva-mint/Projects/Falhas/Dataset/dataset_74_2000/images/img_1231.npy,/home/grva-mint/Projects/Falhas/Dataset/dataset_74_2000/masks/img_1231.npy
img_1232.npy,0.0,1.0,0.5002373,0.20123915,0,0,"(128, 128, 128)",/home/grva-mint/Projects/Falhas/Dataset/dataset_74_2000/images/img_1232.npy,/home/grva-mint/Projects/Falhas/Dataset/dataset_74_2000/masks/img_1232.npy
img_1233.npy,0.0,1.0,0.5006131,0.202196,0,1,"(128, 128, 128)",/home/grva-mint/Projects/Falhas/Dataset/dataset_74_2000/images/img_1233.npy,/home/grva-mint/Projects/Falhas/Dataset/dataset_74_2000/masks/img_1233.npy
img_1234.npy,0.0,1.0,0.5002577,0.20359737,0,1,"(128, 128, 128)",/home/grva-mint/Projects/Falhas/Dataset/dataset_74_2000/images/img_1234.npy,/home/grva-mint/Projects/Falhas/Dataset/dataset_74_2000/masks/img_1234.npy
img_1235.npy,0.0,1.0,0.49995092,0.20618932,0,1,"(128, 128, 128)",/home/grva-mint/Projects/Falhas/Dataset/dataset_74_2000/images/img_1235.npy,/home/grva-mint/Projects/Falhas/Dataset/dataset_74_2000/masks/img_1235.npy
img_1236.npy,0.0,1.0,0.5012786,0.202356,0,1,"(128, 128, 128)",/home/grva-mint/Projects/Falhas/Dataset/dataset_74_2000/images/img_1236.npy,/home/grva-mint/Projects/Falhas/Dataset/dataset_74_2000/masks/img_1236.npy
img_1237.npy,0.0,1.0,0.49984756,0.20657896,0,0,"(128, 128, 128)",/home/grva-mint/Projects/Falhas/Dataset/dataset_74_2000/images/img_1237.npy,/home/grva-mint/Projects/Falhas/Dataset/dataset_74_2000/masks/img_1237.npy
img_1238.npy,0.0,1.0,0.5008922,0.203411,0,1,"(128, 128, 128)",/home/grva-mint/Projects/Falhas/Dataset/dataset_74_2000/images/img_1238.npy,/home/grva-mint/Projects/Falhas/Dataset/dataset_74_2000/masks/img_1238.npy
img_1239.npy,0.0,1.0,0.49960545,0.20534918,0,1,"(128, 128, 128)",/home/grva-mint/Projects/Falhas/Dataset/dataset_74_2000/images/img_1239.npy,/home/grva-mint/Projects/Falhas/Dataset/dataset_74_2000/masks/img_1239.npy
img_1240.npy,0.0,1.0,0.49976087,0.20601767,0,1,"(128, 128, 128)",/home/grva-mint/Projects/Falhas/Dataset/dataset_74_2000/images/img_1240.npy,/home/grva-mint/Projects/Falhas/Dataset/dataset_74_2000/masks/img_1240.npy
img_1241.npy,0.0,1.0,0.49944654,0.20474042,0,1,"(128, 128, 128)",/home/grva-mint/Projects/Falhas/Dataset/dataset_74_2000/images/img_1241.npy,/home/grva-mint/Projects/Falhas/Dataset/dataset_74_2000/masks/img_1241.npy
img_1242.npy,0.0,1.0,0.4998563,0.20616663,0,1,"(128, 128, 128)",/home/grva-mint/Projects/Falhas/Dataset/dataset_74_2000/images/img_1242.npy,/home/grva-mint/Projects/Falhas/Dataset/dataset_74_2000/masks/img_1242.npy
img_1243.npy,0.0,1.0,0.4996177,0.20531474,0,0,"(128, 128, 128)",/home/grva-mint/Projects/Falhas/Dataset/dataset_74_2000/images/img_1243.npy,/home/grva-mint/Projects/Falhas/Dataset/dataset_74_2000/masks/img_1243.npy
img_1244.npy,0.0,1.0,0.49984258,0.20207246,0,1,"(128, 128, 128)",/home/grva-mint/Projects/Falhas/Dataset/dataset_74_2000/images/img_1244.npy,/home/grva-mint/Projects/Falhas/Dataset/dataset_74_2000/masks/img_1244.npy
img_1245.npy,0.0,1.0,0.5000114,0.20614257,0,1,"(128, 128, 128)",/home/grva-mint/Projects/Falhas/Dataset/dataset_74_2000/images/img_1245.npy,/home/grva-mint/Projects/Falhas/Dataset/dataset_74_2000/masks/img_1245.npy
img_1246.npy,0.0,1.0,0.500288,0.20076238,0,0,"(128, 128, 128)",/home/grva-mint/Projects/Falhas/Dataset/dataset_74_2000/images/img_1246.npy,/home/grva-mint/Projects/Falhas/Dataset/dataset_74_2000/masks/img_1246.npy
img_1247.npy,0.0,1.0,0.500685,0.2034184,0,1,"(128, 128, 128)",/home/grva-mint/Projects/Falhas/Dataset/dataset_74_2000/images/img_1247.npy,/home/grva-mint/Projects/Falhas/Dataset/dataset_74_2000/masks/img_1247.npy
img_1248.npy,0.0,1.0,0.500776,0.20339549,0,1,"(128, 128, 128)",/home/grva-mint/Projects/Falhas/Dataset/dataset_74_2000/images/img_1248.npy,/home/grva-mint/Projects/Falhas/Dataset/dataset_74_2000/masks/img_1248.npy
img_1249.npy,0.0,1.0,0.50010085,0.2002357,0,1,"(128, 128, 128)",/home/grva-mint/Projects/Falhas/Dataset/dataset_74_2000/images/img_1249.npy,/home/grva-mint/Projects/Falhas/Dataset/dataset_74_2000/masks/img_1249.npy
img_1250.npy,0.0,1.0,0.5002193,0.20389517,0,1,"(128, 128, 128)",/home/grva-mint/Projects/Falhas/Dataset/dataset_74_2000/images/img_1250.npy,/home/grva-mint/Projects/Falhas/Dataset/dataset_74_2000/masks/img_1250.npy
img_1251.npy,0.0,1.0,0.49884924,0.20368391,0,1,"(128, 128, 128)",/home/grva-mint/Projects/Falhas/Dataset/dataset_74_2000/images/img_1251.npy,/home/grva-mint/Projects/Falhas/Dataset/dataset_74_2000/masks/img_1251.npy
img_1252.npy,0.0,1.0,0.49753448,0.1993732,0,1,"(128, 128, 128)",/home/grva-mint/Projects/Falhas/Dataset/dataset_74_2000/images/img_1252.npy,/home/grva-mint/Projects/Falhas/Dataset/dataset_74_2000/masks/img_1252.npy
img_1253.npy,0.0,1.0,0.49901152,0.20328878,0,0,"(128, 128, 128)",/home/grva-mint/Projects/Falhas/Dataset/dataset_74_2000/images/img_1253.npy,/home/grva-mint/Projects/Falhas/Dataset/dataset_74_2000/masks/img_1253.npy
img_1254.npy,0.0,1.0,0.4998889,0.20607549,0,1,"(128, 128, 128)",/home/grva-mint/Projects/Falhas/Dataset/dataset_74_2000/images/img_1254.npy,/home/grva-mint/Projects/Falhas/Dataset/dataset_74_2000/masks/img_1254.npy
img_1255.npy,0.0,1.0,0.49961352,0.20245063,0,0,"(128, 128, 128)",/home/grva-mint/Projects/Falhas/Dataset/dataset_74_2000/images/img_1255.npy,/home/grva-mint/Projects/Falhas/Dataset/dataset_74_2000/masks/img_1255.npy
img_1256.npy,0.0,1.0,0.500099,0.20439954,0,1,"(128, 128, 128)",/home/grva-mint/Projects/Falhas/Dataset/dataset_74_2000/images/img_1256.npy,/home/grva-mint/Projects/Falhas/Dataset/dataset_74_2000/masks/img_1256.npy
img_1257.npy,0.0,1.0,0.5006677,0.2005391,0,1,"(128, 128, 128)",/home/grva-mint/Projects/Falhas/Dataset/dataset_74_2000/images/img_1257.npy,/home/grva-mint/Projects/Falhas/Dataset/dataset_74_2000/masks/img_1257.npy
img_1258.npy,0.0,1.0,0.49944893,0.20474666,0,1,"(128, 128, 128)",/home/grva-mint/Projects/Falhas/Dataset/dataset_74_2000/images/img_1258.npy,/home/grva-mint/Projects/Falhas/Dataset/dataset_74_2000/masks/img_1258.npy
img_1259.npy,0.0,1.0,0.49991858,0.20679009,0,1,"(128, 128, 128)",/home/grva-mint/Projects/Falhas/Dataset/dataset_74_2000/images/img_1259.npy,/home/grva-mint/Projects/Falhas/Dataset/dataset_74_2000/masks/img_1259.npy
img_1260.npy,0.0,1.0,0.5000302,0.20650552,0,1,"(128, 128, 128)",/home/grva-mint/Projects/Falhas/Dataset/dataset_74_2000/images/img_1260.npy,/home/grva-mint/Projects/Falhas/Dataset/dataset_74_2000/masks/img_1260.npy
img_1261.npy,0.0,1.0,0.50067586,0.20183828,0,1,"(128, 128, 128)",/home/grva-mint/Projects/Falhas/Dataset/dataset_74_2000/images/img_1261.npy,/home/grva-mint/Projects/Falhas/Dataset/dataset_74_2000/masks/img_1261.npy
img_1262.npy,0.0,1.0,0.50044084,0.20405385,0,1,"(128, 128, 128)",/home/grva-mint/Projects/Falhas/Dataset/dataset_74_2000/images/img_1262.npy,/home/grva-mint/Projects/Falhas/Dataset/dataset_74_2000/masks/img_1262.npy
img_1263.npy,0.0,1.0,0.5036588,0.18669774,0,1,"(128, 128, 128)",/home/grva-mint/Projects/Falhas/Dataset/dataset_74_2000/images/img_1263.npy,/home/grva-mint/Projects/Falhas/Dataset/dataset_74_2000/masks/img_1263.npy
img_1264.npy,0.0,1.0,0.4998567,0.20672847,0,1,"(128, 128, 128)",/home/grva-mint/Projects/Falhas/Dataset/dataset_74_2000/images/img_1264.npy,/home/grva-mint/Projects/Falhas/Dataset/dataset_74_2000/masks/img_1264.npy
img_1265.npy,0.0,1.0,0.49945343,0.20200938,0,1,"(128, 128, 128)",/home/grva-mint/Projects/Falhas/Dataset/dataset_74_2000/images/img_1265.npy,/home/grva-mint/Projects/Falhas/Dataset/dataset_74_2000/masks/img_1265.npy
img_1266.npy,0.0,1.0,0.49996233,0.20135906,0,1,"(128, 128, 128)",/home/grva-mint/Projects/Falhas/Dataset/dataset_74_2000/images/img_1266.npy,/home/grva-mint/Projects/Falhas/Dataset/dataset_74_2000/masks/img_1266.npy
img_1267.npy,0.0,1.0,0.4999436,0.20547408,0,1,"(128, 128, 128)",/home/grva-mint/Projects/Falhas/Dataset/dataset_74_2000/images/img_1267.npy,/home/grva-mint/Projects/Falhas/Dataset/dataset_74_2000/masks/img_1267.npy
img_1268.npy,0.0,1.0,0.49975663,0.20541084,0,1,"(128, 128, 128)",/home/grva-mint/Projects/Falhas/Dataset/dataset_74_2000/images/img_1268.npy,/home/grva-mint/Projects/Falhas/Dataset/dataset_74_2000/masks/img_1268.npy
img_1269.npy,0.0,1.0,0.50057805,0.20465375,0,0,"(128, 128, 128)",/home/grva-mint/Projects/Falhas/Dataset/dataset_74_2000/images/img_1269.npy,/home/grva-mint/Projects/Falhas/Dataset/dataset_74_2000/masks/img_1269.npy
img_1270.npy,0.0,1.0,0.49941534,0.20506148,0,1,"(128, 128, 128)",/home/grva-mint/Projects/Falhas/Dataset/dataset_74_2000/images/img_1270.npy,/home/grva-mint/Projects/Falhas/Dataset/dataset_74_2000/masks/img_1270.npy
img_1271.npy,0.0,1.0,0.5000016,0.20488064,0,1,"(128, 128, 128)",/home/grva-mint/Projects/Falhas/Dataset/dataset_74_2000/images/img_1271.npy,/home/grva-mint/Projects/Falhas/Dataset/dataset_74_2000/masks/img_1271.npy
img_1272.npy,0.0,1.0,0.4999332,0.20320722,0,1,"(128, 128, 128)",/home/grva-mint/Projects/Falhas/Dataset/dataset_74_2000/images/img_1272.npy,/home/grva-mint/Projects/Falhas/Dataset/dataset_74_2000/masks/img_1272.npy
img_1273.npy,0.0,1.0,0.49907094,0.20328508,0,1,"(128, 128, 128)",/home/grva-mint/Projects/Falhas/Dataset/dataset_74_2000/images/img_1273.npy,/home/grva-mint/Projects/Falhas/Dataset/dataset_74_2000/masks/img_1273.npy
img_1274.npy,0.0,1.0,0.4988171,0.2030641,0,1,"(128, 128, 128)",/home/grva-mint/Projects/Falhas/Dataset/dataset_74_2000/images/img_1274.npy,/home/grva-mint/Projects/Falhas/Dataset/dataset_74_2000/masks/img_1274.npy
img_1275.npy,0.0,1.0,0.50001013,0.20570555,0,1,"(128, 128, 128)",/home/grva-mint/Projects/Falhas/Dataset/dataset_74_2000/images/img_1275.npy,/home/grva-mint/Projects/Falhas/Dataset/dataset_74_2000/masks/img_1275.npy
img_1276.npy,0.0,1.0,0.50008106,0.20487577,0,1,"(128, 128, 128)",/home/grva-mint/Projects/Falhas/Dataset/dataset_74_2000/images/img_1276.npy,/home/grva-mint/Projects/Falhas/Dataset/dataset_74_2000/masks/img_1276.npy
img_1277.npy,0.0,1.0,0.49997073,0.20522147,0,1,"(128, 128, 128)",/home/grva-mint/Projects/Falhas/Dataset/dataset_74_2000/images/img_1277.npy,/home/grva-mint/Projects/Falhas/Dataset/dataset_74_2000/masks/img_1277.npy
img_1278.npy,0.0,1.0,0.49965587,0.20601536,0,1,"(128, 128, 128)",/home/grva-mint/Projects/Falhas/Dataset/dataset_74_2000/images/img_1278.npy,/home/grva-mint/Projects/Falhas/Dataset/dataset_74_2000/masks/img_1278.npy
img_1279.npy,0.0,1.0,0.5036737,0.1924227,0,1,"(128, 128, 128)",/home/grva-mint/Projects/Falhas/Dataset/dataset_74_2000/images/img_1279.npy,/home/grva-mint/Projects/Falhas/Dataset/dataset_74_2000/masks/img_1279.npy
img_1280.npy,0.0,1.0,0.5019489,0.20083353,0,1,"(128, 128, 128)",/home/grva-mint/Projects/Falhas/Dataset/dataset_74_2000/images/img_1280.npy,/home/grva-mint/Projects/Falhas/Dataset/dataset_74_2000/masks/img_1280.npy
img_1281.npy,0.0,1.0,0.49591905,0.18893209,0,0,"(128, 128, 128)",/home/grva-mint/Projects/Falhas/Dataset/dataset_74_2000/images/img_1281.npy,/home/grva-mint/Projects/Falhas/Dataset/dataset_74_2000/masks/img_1281.npy
img_1282.npy,0.0,1.0,0.49995962,0.20307341,0,1,"(128, 128, 128)",/home/grva-mint/Projects/Falhas/Dataset/dataset_74_2000/images/img_1282.npy,/home/grva-mint/Projects/Falhas/Dataset/dataset_74_2000/masks/img_1282.npy
img_1283.npy,0.0,1.0,0.49679184,0.19400074,0,1,"(128, 128, 128)",/home/grva-mint/Projects/Falhas/Dataset/dataset_74_2000/images/img_1283.npy,/home/grva-mint/Projects/Falhas/Dataset/dataset_74_2000/masks/img_1283.npy
img_1284.npy,0.0,1.0,0.5002769,0.20386145,0,1,"(128, 128, 128)",/home/grva-mint/Projects/Falhas/Dataset/dataset_74_2000/images/img_1284.npy,/home/grva-mint/Projects/Falhas/Dataset/dataset_74_2000/masks/img_1284.npy
img_1285.npy,0.0,1.0,0.4995951,0.20580523,0,1,"(128, 128, 128)",/home/grva-mint/Projects/Falhas/Dataset/dataset_74_2000/images/img_1285.npy,/home/grva-mint/Projects/Falhas/Dataset/dataset_74_2000/masks/img_1285.npy
img_1286.npy,0.0,1.0,0.50067514,0.20449178,0,1,"(128, 128, 128)",/home/grva-mint/Projects/Falhas/Dataset/dataset_74_2000/images/img_1286.npy,/home/grva-mint/Projects/Falhas/Dataset/dataset_74_2000/masks/img_1286.npy
img_1287.npy,0.0,1.0,0.49894747,0.20280299,0,1,"(128, 128, 128)",/home/grva-mint/Projects/Falhas/Dataset/dataset_74_2000/images/img_1287.npy,/home/grva-mint/Projects/Falhas/Dataset/dataset_74_2000/masks/img_1287.npy
img_1288.npy,0.0,1.0,0.50005925,0.20458545,0,1,"(128, 128, 128)",/home/grva-mint/Projects/Falhas/Dataset/dataset_74_2000/images/img_1288.npy,/home/grva-mint/Projects/Falhas/Dataset/dataset_74_2000/masks/img_1288.npy
img_1289.npy,0.0,1.0,0.49702036,0.19214849,0,1,"(128, 128, 128)",/home/grva-mint/Projects/Falhas/Dataset/dataset_74_2000/images/img_1289.npy,/home/grva-mint/Projects/Falhas/Dataset/dataset_74_2000/masks/img_1289.npy
img_1290.npy,0.0,1.0,0.49964806,0.20428118,0,1,"(128, 128, 128)",/home/grva-mint/Projects/Falhas/Dataset/dataset_74_2000/images/img_1290.npy,/home/grva-mint/Projects/Falhas/Dataset/dataset_74_2000/masks/img_1290.npy
img_1291.npy,0.0,1.0,0.4996798,0.2049614,0,1,"(128, 128, 128)",/home/grva-mint/Projects/Falhas/Dataset/dataset_74_2000/images/img_1291.npy,/home/grva-mint/Projects/Falhas/Dataset/dataset_74_2000/masks/img_1291.npy
img_1292.npy,0.0,1.0,0.4980094,0.1953366,0,1,"(128, 128, 128)",/home/grva-mint/Projects/Falhas/Dataset/dataset_74_2000/images/img_1292.npy,/home/grva-mint/Projects/Falhas/Dataset/dataset_74_2000/masks/img_1292.npy
img_1293.npy,0.0,1.0,0.4990923,0.20139253,0,1,"(128, 128, 128)",/home/grva-mint/Projects/Falhas/Dataset/dataset_74_2000/images/img_1293.npy,/home/grva-mint/Projects/Falhas/Dataset/dataset_74_2000/masks/img_1293.npy
img_1294.npy,0.0,1.0,0.49976808,0.20537974,0,1,"(128, 128, 128)",/home/grva-mint/Projects/Falhas/Dataset/dataset_74_2000/images/img_1294.npy,/home/grva-mint/Projects/Falhas/Dataset/dataset_74_2000/masks/img_1294.npy
img_1295.npy,0.0,1.0,0.49962163,0.2013647,0,1,"(128, 128, 128)",/home/grva-mint/Projects/Falhas/Dataset/dataset_74_2000/images/img_1295.npy,/home/grva-mint/Projects/Falhas/Dataset/dataset_74_2000/masks/img_1295.npy
img_1296.npy,0.0,1.0,0.4998612,0.2025558,0,0,"(128, 128, 128)",/home/grva-mint/Projects/Falhas/Dataset/dataset_74_2000/images/img_1296.npy,/home/grva-mint/Projects/Falhas/Dataset/dataset_74_2000/masks/img_1296.npy
img_1297.npy,0.0,1.0,0.5006742,0.20287481,0,1,"(128, 128, 128)",/home/grva-mint/Projects/Falhas/Dataset/dataset_74_2000/images/img_1297.npy,/home/grva-mint/Projects/Falhas/Dataset/dataset_74_2000/masks/img_1297.npy
img_1298.npy,0.0,1.0,0.4996471,0.2012942,0,1,"(128, 128, 128)",/home/grva-mint/Projects/Falhas/Dataset/dataset_74_2000/images/img_1298.npy,/home/grva-mint/Projects/Falhas/Dataset/dataset_74_2000/masks/img_1298.npy
img_1299.npy,0.0,1.0,0.50031465,0.20214818,0,1,"(128, 128, 128)",/home/grva-mint/Projects/Falhas/Dataset/dataset_74_2000/images/img_1299.npy,/home/grva-mint/Projects/Falhas/Dataset/dataset_74_2000/masks/img_1299.npy
img_1300.npy,0.0,1.0,0.5004724,0.20263645,0,1,"(128, 128, 128)",/home/grva-mint/Projects/Falhas/Dataset/dataset_74_2000/images/img_1300.npy,/home/grva-mint/Projects/Falhas/Dataset/dataset_74_2000/masks/img_1300.npy
img_1301.npy,0.0,1.0,0.50044674,0.20114264,0,1,"(128, 128, 128)",/home/grva-mint/Projects/Falhas/Dataset/dataset_74_2000/images/img_1301.npy,/home/grva-mint/Projects/Falhas/Dataset/dataset_74_2000/masks/img_1301.npy
img_1302.npy,0.0,1.0,0.49926105,0.20148364,0,1,"(128, 128, 128)",/home/grva-mint/Projects/Falhas/Dataset/dataset_74_2000/images/img_1302.npy,/home/grva-mint/Projects/Falhas/Dataset/dataset_74_2000/masks/img_1302.npy
img_1303.npy,0.0,1.0,0.498612,0.19068496,0,0,"(128, 128, 128)",/home/grva-mint/Projects/Falhas/Dataset/dataset_74_2000/images/img_1303.npy,/home/grva-mint/Projects/Falhas/Dataset/dataset_74_2000/masks/img_1303.npy
img_1304.npy,0.0,1.0,0.50064325,0.20242341,0,1,"(128, 128, 128)",/home/grva-mint/Projects/Falhas/Dataset/dataset_74_2000/images/img_1304.npy,/home/grva-mint/Projects/Falhas/Dataset/dataset_74_2000/masks/img_1304.npy
img_1305.npy,0.0,1.0,0.49985358,0.20179307,0,1,"(128, 128, 128)",/home/grva-mint/Projects/Falhas/Dataset/dataset_74_2000/images/img_1305.npy,/home/grva-mint/Projects/Falhas/Dataset/dataset_74_2000/masks/img_1305.npy
img_1306.npy,0.0,1.0,0.5011034,0.20066153,0,1,"(128, 128, 128)",/home/grva-mint/Projects/Falhas/Dataset/dataset_74_2000/images/img_1306.npy,/home/grva-mint/Projects/Falhas/Dataset/dataset_74_2000/masks/img_1306.npy
img_1307.npy,0.0,1.0,0.50110924,0.19693275,0,1,"(128, 128, 128)",/home/grva-mint/Projects/Falhas/Dataset/dataset_74_2000/images/img_1307.npy,/home/grva-mint/Projects/Falhas/Dataset/dataset_74_2000/masks/img_1307.npy
img_1308.npy,0.0,1.0,0.50002915,0.20420279,0,1,"(128, 128, 128)",/home/grva-mint/Projects/Falhas/Dataset/dataset_74_2000/images/img_1308.npy,/home/grva-mint/Projects/Falhas/Dataset/dataset_74_2000/masks/img_1308.npy
img_1309.npy,0.0,1.0,0.5007345,0.20475128,0,0,"(128, 128, 128)",/home/grva-mint/Projects/Falhas/Dataset/dataset_74_2000/images/img_1309.npy,/home/grva-mint/Projects/Falhas/Dataset/dataset_74_2000/masks/img_1309.npy
img_1310.npy,0.0,1.0,0.49947357,0.2053313,0,1,"(128, 128, 128)",/home/grva-mint/Projects/Falhas/Dataset/dataset_74_2000/images/img_1310.npy,/home/grva-mint/Projects/Falhas/Dataset/dataset_74_2000/masks/img_1310.npy
img_1311.npy,0.0,1.0,0.50065005,0.19317754,0,1,"(128, 128, 128)",/home/grva-mint/Projects/Falhas/Dataset/dataset_74_2000/images/img_1311.npy,/home/grva-mint/Projects/Falhas/Dataset/dataset_74_2000/masks/img_1311.npy
img_1312.npy,0.0,1.0,0.4988927,0.20359583,0,1,"(128, 128, 128)",/home/grva-mint/Projects/Falhas/Dataset/dataset_74_2000/images/img_1312.npy,/home/grva-mint/Projects/Falhas/Dataset/dataset_74_2000/masks/img_1312.npy
img_1313.npy,0.0,1.0,0.5001586,0.19972871,0,0,"(128, 128, 128)",/home/grva-mint/Projects/Falhas/Dataset/dataset_74_2000/images/img_1313.npy,/home/grva-mint/Projects/Falhas/Dataset/dataset_74_2000/masks/img_1313.npy
img_1314.npy,0.0,1.0,0.49977362,0.20346248,0,1,"(128, 128, 128)",/home/grva-mint/Projects/Falhas/Dataset/dataset_74_2000/images/img_1314.npy,/home/grva-mint/Projects/Falhas/Dataset/dataset_74_2000/masks/img_1314.npy
img_1315.npy,0.0,1.0,0.49976254,0.20626746,0,1,"(128, 128, 128)",/home/grva-mint/Projects/Falhas/Dataset/dataset_74_2000/images/img_1315.npy,/home/grva-mint/Projects/Falhas/Dataset/dataset_74_2000/masks/img_1315.npy
img_1316.npy,0.0,1.0,0.49976555,0.20372926,0,1,"(128, 128, 128)",/home/grva-mint/Projects/Falhas/Dataset/dataset_74_2000/images/img_1316.npy,/home/grva-mint/Projects/Falhas/Dataset/dataset_74_2000/masks/img_1316.npy
img_1317.npy,0.0,1.0,0.49980932,0.20522405,0,1,"(128, 128, 128)",/home/grva-mint/Projects/Falhas/Dataset/dataset_74_2000/images/img_1317.npy,/home/grva-mint/Projects/Falhas/Dataset/dataset_74_2000/masks/img_1317.npy
img_1318.npy,0.0,1.0,0.49930462,0.20290649,0,1,"(128, 128, 128)",/home/grva-mint/Projects/Falhas/Dataset/dataset_74_2000/images/img_1318.npy,/home/grva-mint/Projects/Falhas/Dataset/dataset_74_2000/masks/img_1318.npy
img_1319.npy,0.0,1.0,0.50036293,0.20450205,0,1,"(128, 128, 128)",/home/grva-mint/Projects/Falhas/Dataset/dataset_74_2000/images/img_1319.npy,/home/grva-mint/Projects/Falhas/Dataset/dataset_74_2000/masks/img_1319.npy
img_1320.npy,0.0,1.0,0.49991056,0.20663284,0,1,"(128, 128, 128)",/home/grva-mint/Projects/Falhas/Dataset/dataset_74_2000/images/img_1320.npy,/home/grva-mint/Projects/Falhas/Dataset/dataset_74_2000/masks/img_1320.npy
img_1321.npy,0.0,1.0,0.4994632,0.19871691,0,1,"(128, 128, 128)",/home/grva-mint/Projects/Falhas/Dataset/dataset_74_2000/images/img_1321.npy,/home/grva-mint/Projects/Falhas/Dataset/dataset_74_2000/masks/img_1321.npy
img_1322.npy,0.0,1.0,0.49986756,0.2050024,0,1,"(128, 128, 128)",/home/grva-mint/Projects/Falhas/Dataset/dataset_74_2000/images/img_1322.npy,/home/grva-mint/Projects/Falhas/Dataset/dataset_74_2000/masks/img_1322.npy
img_1323.npy,0.0,1.0,0.50030226,0.20560476,0,1,"(128, 128, 128)",/home/grva-mint/Projects/Falhas/Dataset/dataset_74_2000/images/img_1323.npy,/home/grva-mint/Projects/Falhas/Dataset/dataset_74_2000/masks/img_1323.npy
img_1324.npy,0.0,1.0,0.50001925,0.20549665,0,1,"(128, 128, 128)",/home/grva-mint/Projects/Falhas/Dataset/dataset_74_2000/images/img_1324.npy,/home/grva-mint/Projects/Falhas/Dataset/dataset_74_2000/masks/img_1324.npy
img_1325.npy,0.0,1.0,0.4979365,0.20018609,0,1,"(128, 128, 128)",/home/grva-mint/Projects/Falhas/Dataset/dataset_74_2000/images/img_1325.npy,/home/grva-mint/Projects/Falhas/Dataset/dataset_74_2000/masks/img_1325.npy
img_1326.npy,0.0,1.0,0.50069773,0.2044477,0,1,"(128, 128, 128)",/home/grva-mint/Projects/Falhas/Dataset/dataset_74_2000/images/img_1326.npy,/home/grva-mint/Projects/Falhas/Dataset/dataset_74_2000/masks/img_1326.npy
img_1327.npy,0.0,1.0,0.5017456,0.19788927,0,0,"(128, 128, 128)",/home/grva-mint/Projects/Falhas/Dataset/dataset_74_2000/images/img_1327.npy,/home/grva-mint/Projects/Falhas/Dataset/dataset_74_2000/masks/img_1327.npy
img_1328.npy,0.0,1.0,0.50098395,0.20198086,0,1,"(128, 128, 128)",/home/grva-mint/Projects/Falhas/Dataset/dataset_74_2000/images/img_1328.npy,/home/grva-mint/Projects/Falhas/Dataset/dataset_74_2000/masks/img_1328.npy
img_1329.npy,0.0,1.0,0.4998229,0.2064767,0,1,"(128, 128, 128)",/home/grva-mint/Projects/Falhas/Dataset/dataset_74_2000/images/img_1329.npy,/home/grva-mint/Projects/Falhas/Dataset/dataset_74_2000/masks/img_1329.npy
img_1330.npy,0.0,1.0,0.4995486,0.20594618,0,1,"(128, 128, 128)",/home/grva-mint/Projects/Falhas/Dataset/dataset_74_2000/images/img_1330.npy,/home/grva-mint/Projects/Falhas/Dataset/dataset_74_2000/masks/img_1330.npy
img_1331.npy,0.0,1.0,0.50008774,0.20493203,0,1,"(128, 128, 128)",/home/grva-mint/Projects/Falhas/Dataset/dataset_74_2000/images/img_1331.npy,/home/grva-mint/Projects/Falhas/Dataset/dataset_74_2000/masks/img_1331.npy
img_1332.npy,0.0,1.0,0.49982405,0.20643394,0,1,"(128, 128, 128)",/home/grva-mint/Projects/Falhas/Dataset/dataset_74_2000/images/img_1332.npy,/home/grva-mint/Projects/Falhas/Dataset/dataset_74_2000/masks/img_1332.npy
img_1333.npy,0.0,1.0,0.50284296,0.19573465,0,1,"(128, 128, 128)",/home/grva-mint/Projects/Falhas/Dataset/dataset_74_2000/images/img_1333.npy,/home/grva-mint/Projects/Falhas/Dataset/dataset_74_2000/masks/img_1333.npy
img_1334.npy,0.0,1.0,0.49960005,0.20462315,0,1,"(128, 128, 128)",/home/grva-mint/Projects/Falhas/Dataset/dataset_74_2000/images/img_1334.npy,/home/grva-mint/Projects/Falhas/Dataset/dataset_74_2000/masks/img_1334.npy
img_1335.npy,0.0,1.0,0.49936172,0.20372209,0,1,"(128, 128, 128)",/home/grva-mint/Projects/Falhas/Dataset/dataset_74_2000/images/img_1335.npy,/home/grva-mint/Projects/Falhas/Dataset/dataset_74_2000/masks/img_1335.npy
img_1336.npy,0.0,1.0,0.49951828,0.20444043,0,1,"(128, 128, 128)",/home/grva-mint/Projects/Falhas/Dataset/dataset_74_2000/images/img_1336.npy,/home/grva-mint/Projects/Falhas/Dataset/dataset_74_2000/masks/img_1336.npy
img_1337.npy,0.0,1.0,0.5002425,0.20282738,0,1,"(128, 128, 128)",/home/grva-mint/Projects/Falhas/Dataset/dataset_74_2000/images/img_1337.npy,/home/grva-mint/Projects/Falhas/Dataset/dataset_74_2000/masks/img_1337.npy
img_1338.npy,0.0,1.0,0.5001247,0.205623,0,1,"(128, 128, 128)",/home/grva-mint/Projects/Falhas/Dataset/dataset_74_2000/images/img_1338.npy,/home/grva-mint/Projects/Falhas/Dataset/dataset_74_2000/masks/img_1338.npy
img_1339.npy,0.0,1.0,0.49981353,0.2006314,0,1,"(128, 128, 128)",/home/grva-mint/Projects/Falhas/Dataset/dataset_74_2000/images/img_1339.npy,/home/grva-mint/Projects/Falhas/Dataset/dataset_74_2000/masks/img_1339.npy
img_1340.npy,0.0,1.0,0.49999577,0.20414428,0,0,"(128, 128, 128)",/home/grva-mint/Projects/Falhas/Dataset/dataset_74_2000/images/img_1340.npy,/home/grva-mint/Projects/Falhas/Dataset/dataset_74_2000/masks/img_1340.npy
img_1341.npy,0.0,1.0,0.49995372,0.20551524,0,1,"(128, 128, 128)",/home/grva-mint/Projects/Falhas/Dataset/dataset_74_2000/images/img_1341.npy,/home/grva-mint/Projects/Falhas/Dataset/dataset_74_2000/masks/img_1341.npy
img_1342.npy,0.0,1.0,0.50011384,0.20343627,0,1,"(128, 128, 128)",/home/grva-mint/Projects/Falhas/Dataset/dataset_74_2000/images/img_1342.npy,/home/grva-mint/Projects/Falhas/Dataset/dataset_74_2000/masks/img_1342.npy
img_1343.npy,0.0,1.0,0.49956334,0.2054425,0,0,"(128, 128, 128)",/home/grva-mint/Projects/Falhas/Dataset/dataset_74_2000/images/img_1343.npy,/home/grva-mint/Projects/Falhas/Dataset/dataset_74_2000/masks/img_1343.npy
img_1344.npy,0.0,1.0,0.49941847,0.20212829,0,1,"(128, 128, 128)",/home/grva-mint/Projects/Falhas/Dataset/dataset_74_2000/images/img_1344.npy,/home/grva-mint/Projects/Falhas/Dataset/dataset_74_2000/masks/img_1344.npy
img_1345.npy,0.0,1.0,0.49996755,0.20531742,0,1,"(128, 128, 128)",/home/grva-mint/Projects/Falhas/Dataset/dataset_74_2000/images/img_1345.npy,/home/grva-mint/Projects/Falhas/Dataset/dataset_74_2000/masks/img_1345.npy
img_1346.npy,0.0,1.0,0.5001298,0.20274557,0,0,"(128, 128, 128)",/home/grva-mint/Projects/Falhas/Dataset/dataset_74_2000/images/img_1346.npy,/home/grva-mint/Projects/Falhas/Dataset/dataset_74_2000/masks/img_1346.npy
img_1347.npy,0.0,1.0,0.4994198,0.18768802,0,1,"(128, 128, 128)",/home/grva-mint/Projects/Falhas/Dataset/dataset_74_2000/images/img_1347.npy,/home/grva-mint/Projects/Falhas/Dataset/dataset_74_2000/masks/img_1347.npy
img_1348.npy,0.0,1.0,0.49979687,0.1959725,0,1,"(128, 128, 128)",/home/grva-mint/Projects/Falhas/Dataset/dataset_74_2000/images/img_1348.npy,/home/grva-mint/Projects/Falhas/Dataset/dataset_74_2000/masks/img_1348.npy
img_1349.npy,0.0,1.0,0.49569833,0.19242291,0,0,"(128, 128, 128)",/home/grva-mint/Projects/Falhas/Dataset/dataset_74_2000/images/img_1349.npy,/home/grva-mint/Projects/Falhas/Dataset/dataset_74_2000/masks/img_1349.npy
img_1350.npy,0.0,1.0,0.50525117,0.18548122,0,0,"(128, 128, 128)",/home/grva-mint/Projects/Falhas/Dataset/dataset_74_2000/images/img_1350.npy,/home/grva-mint/Projects/Falhas/Dataset/dataset_74_2000/masks/img_1350.npy
img_1351.npy,0.0,1.0,0.5001766,0.20298193,0,1,"(128, 128, 128)",/home/grva-mint/Projects/Falhas/Dataset/dataset_74_2000/images/img_1351.npy,/home/grva-mint/Projects/Falhas/Dataset/dataset_74_2000/masks/img_1351.npy
img_1352.npy,0.0,1.0,0.4994682,0.20494339,0,1,"(128, 128, 128)",/home/grva-mint/Projects/Falhas/Dataset/dataset_74_2000/images/img_1352.npy,/home/grva-mint/Projects/Falhas/Dataset/dataset_74_2000/masks/img_1352.npy
img_1353.npy,0.0,1.0,0.49900258,0.20346384,0,1,"(128, 128, 128)",/home/grva-mint/Projects/Falhas/Dataset/dataset_74_2000/images/img_1353.npy,/home/grva-mint/Projects/Falhas/Dataset/dataset_74_2000/masks/img_1353.npy
img_1354.npy,0.0,1.0,0.50073254,0.2027908,0,1,"(128, 128, 128)",/home/grva-mint/Projects/Falhas/Dataset/dataset_74_2000/images/img_1354.npy,/home/grva-mint/Projects/Falhas/Dataset/dataset_74_2000/masks/img_1354.npy
img_1355.npy,0.0,1.0,0.49994585,0.20472752,0,1,"(128, 128, 128)",/home/grva-mint/Projects/Falhas/Dataset/dataset_74_2000/images/img_1355.npy,/home/grva-mint/Projects/Falhas/Dataset/dataset_74_2000/masks/img_1355.npy
img_1356.npy,0.0,1.0,0.49772772,0.19023505,0,1,"(128, 128, 128)",/home/grva-mint/Projects/Falhas/Dataset/dataset_74_2000/images/img_1356.npy,/home/grva-mint/Projects/Falhas/Dataset/dataset_74_2000/masks/img_1356.npy
img_1357.npy,0.0,1.0,0.500009,0.20368995,0,1,"(128, 128, 128)",/home/grva-mint/Projects/Falhas/Dataset/dataset_74_2000/images/img_1357.npy,/home/grva-mint/Projects/Falhas/Dataset/dataset_74_2000/masks/img_1357.npy
img_1358.npy,0.0,1.0,0.5011647,0.20324053,0,1,"(128, 128, 128)",/home/grva-mint/Projects/Falhas/Dataset/dataset_74_2000/images/img_1358.npy,/home/grva-mint/Projects/Falhas/Dataset/dataset_74_2000/masks/img_1358.npy
img_1359.npy,0.0,1.0,0.49963653,0.2060674,0,1,"(128, 128, 128)",/home/grva-mint/Projects/Falhas/Dataset/dataset_74_2000/images/img_1359.npy,/home/grva-mint/Projects/Falhas/Dataset/dataset_74_2000/masks/img_1359.npy
img_1360.npy,0.0,1.0,0.49905336,0.20312245,0,0,"(128, 128, 128)",/home/grva-mint/Projects/Falhas/Dataset/dataset_74_2000/images/img_1360.npy,/home/grva-mint/Projects/Falhas/Dataset/dataset_74_2000/masks/img_1360.npy
img_1361.npy,0.0,1.0,0.4997163,0.20616534,0,1,"(128, 128, 128)",/home/grva-mint/Projects/Falhas/Dataset/dataset_74_2000/images/img_1361.npy,/home/grva-mint/Projects/Falhas/Dataset/dataset_74_2000/masks/img_1361.npy
img_1362.npy,0.0,1.0,0.5000491,0.20620744,0,1,"(128, 128, 128)",/home/grva-mint/Projects/Falhas/Dataset/dataset_74_2000/images/img_1362.npy,/home/grva-mint/Projects/Falhas/Dataset/dataset_74_2000/masks/img_1362.npy
img_1363.npy,0.0,1.0,0.4997864,0.20322108,0,1,"(128, 128, 128)",/home/grva-mint/Projects/Falhas/Dataset/dataset_74_2000/images/img_1363.npy,/home/grva-mint/Projects/Falhas/Dataset/dataset_74_2000/masks/img_1363.npy
img_1364.npy,0.0,1.0,0.4934412,0.18284877,0,1,"(128, 128, 128)",/home/grva-mint/Projects/Falhas/Dataset/dataset_74_2000/images/img_1364.npy,/home/grva-mint/Projects/Falhas/Dataset/dataset_74_2000/masks/img_1364.npy
img_1365.npy,0.0,1.0,0.49828753,0.18631026,0,1,"(128, 128, 128)",/home/grva-mint/Projects/Falhas/Dataset/dataset_74_2000/images/img_1365.npy,/home/grva-mint/Projects/Falhas/Dataset/dataset_74_2000/masks/img_1365.npy
img_1366.npy,0.0,1.0,0.49983,0.20616864,0,1,"(128, 128, 128)",/home/grva-mint/Projects/Falhas/Dataset/dataset_74_2000/images/img_1366.npy,/home/grva-mint/Projects/Falhas/Dataset/dataset_74_2000/masks/img_1366.npy
img_1367.npy,0.0,1.0,0.4998852,0.20506978,0,1,"(128, 128, 128)",/home/grva-mint/Projects/Falhas/Dataset/dataset_74_2000/images/img_1367.npy,/home/grva-mint/Projects/Falhas/Dataset/dataset_74_2000/masks/img_1367.npy
img_1368.npy,0.0,1.0,0.50094855,0.20344016,0,1,"(128, 128, 128)",/home/grva-mint/Projects/Falhas/Dataset/dataset_74_2000/images/img_1368.npy,/home/grva-mint/Projects/Falhas/Dataset/dataset_74_2000/masks/img_1368.npy
img_1369.npy,0.0,1.0,0.50012124,0.2057732,0,1,"(128, 128, 128)",/home/grva-mint/Projects/Falhas/Dataset/dataset_74_2000/images/img_1369.npy,/home/grva-mint/Projects/Falhas/Dataset/dataset_74_2000/masks/img_1369.npy
img_1370.npy,0.0,1.0,0.49989325,0.20257233,0,1,"(128, 128, 128)",/home/grva-mint/Projects/Falhas/Dataset/dataset_74_2000/images/img_1370.npy,/home/grva-mint/Projects/Falhas/Dataset/dataset_74_2000/masks/img_1370.npy
img_1371.npy,0.0,1.0,0.49992406,0.2063317,0,1,"(128, 128, 128)",/home/grva-mint/Projects/Falhas/Dataset/dataset_74_2000/images/img_1371.npy,/home/grva-mint/Projects/Falhas/Dataset/dataset_74_2000/masks/img_1371.npy
img_1372.npy,0.0,1.0,0.500108,0.20556886,0,1,"(128, 128, 128)",/home/grva-mint/Projects/Falhas/Dataset/dataset_74_2000/images/img_1372.npy,/home/grva-mint/Projects/Falhas/Dataset/dataset_74_2000/masks/img_1372.npy
img_1373.npy,0.0,1.0,0.49919602,0.1841926,0,0,"(128, 128, 128)",/home/grva-mint/Projects/Falhas/Dataset/dataset_74_2000/images/img_1373.npy,/home/grva-mint/Projects/Falhas/Dataset/dataset_74_2000/masks/img_1373.npy
img_1374.npy,0.0,1.0,0.49721724,0.18477573,0,1,"(128, 128, 128)",/home/grva-mint/Projects/Falhas/Dataset/dataset_74_2000/images/img_1374.npy,/home/grva-mint/Projects/Falhas/Dataset/dataset_74_2000/masks/img_1374.npy
img_1375.npy,0.0,1.0,0.49902314,0.20412762,0,0,"(128, 128, 128)",/home/grva-mint/Projects/Falhas/Dataset/dataset_74_2000/images/img_1375.npy,/home/grva-mint/Projects/Falhas/Dataset/dataset_74_2000/masks/img_1375.npy
img_1376.npy,0.0,1.0,0.4962595,0.1880328,0,1,"(128, 128, 128)",/home/grva-mint/Projects/Falhas/Dataset/dataset_74_2000/images/img_1376.npy,/home/grva-mint/Projects/Falhas/Dataset/dataset_74_2000/masks/img_1376.npy
img_1377.npy,0.0,1.0,0.50014794,0.20617716,0,1,"(128, 128, 128)",/home/grva-mint/Projects/Falhas/Dataset/dataset_74_2000/images/img_1377.npy,/home/grva-mint/Projects/Falhas/Dataset/dataset_74_2000/masks/img_1377.npy
img_1378.npy,0.0,1.0,0.5000114,0.20244853,0,1,"(128, 128, 128)",/home/grva-mint/Projects/Falhas/Dataset/dataset_74_2000/images/img_1378.npy,/home/grva-mint/Projects/Falhas/Dataset/dataset_74_2000/masks/img_1378.npy
img_1379.npy,0.0,1.0,0.49492294,0.18798484,0,1,"(128, 128, 128)",/home/grva-mint/Projects/Falhas/Dataset/dataset_74_2000/images/img_1379.npy,/home/grva-mint/Projects/Falhas/Dataset/dataset_74_2000/masks/img_1379.npy
img_1380.npy,0.0,1.0,0.4991907,0.20472585,0,1,"(128, 128, 128)",/home/grva-mint/Projects/Falhas/Dataset/dataset_74_2000/images/img_1380.npy,/home/grva-mint/Projects/Falhas/Dataset/dataset_74_2000/masks/img_1380.npy
img_1381.npy,0.0,1.0,0.50070214,0.2027853,0,1,"(128, 128, 128)",/home/grva-mint/Projects/Falhas/Dataset/dataset_74_2000/images/img_1381.npy,/home/grva-mint/Projects/Falhas/Dataset/dataset_74_2000/masks/img_1381.npy
img_1382.npy,0.0,1.0,0.49982548,0.20609006,0,1,"(128, 128, 128)",/home/grva-mint/Projects/Falhas/Dataset/dataset_74_2000/images/img_1382.npy,/home/grva-mint/Projects/Falhas/Dataset/dataset_74_2000/masks/img_1382.npy
img_1383.npy,0.0,1.0,0.49888155,0.2036677,0,1,"(128, 128, 128)",/home/grva-mint/Projects/Falhas/Dataset/dataset_74_2000/images/img_1383.npy,/home/grva-mint/Projects/Falhas/Dataset/dataset_74_2000/masks/img_1383.npy
img_1384.npy,0.0,1.0,0.5000767,0.20552531,0,1,"(128, 128, 128)",/home/grva-mint/Projects/Falhas/Dataset/dataset_74_2000/images/img_1384.npy,/home/grva-mint/Projects/Falhas/Dataset/dataset_74_2000/masks/img_1384.npy
img_1385.npy,0.0,1.0,0.4996631,0.20457225,0,1,"(128, 128, 128)",/home/grva-mint/Projects/Falhas/Dataset/dataset_74_2000/images/img_1385.npy,/home/grva-mint/Projects/Falhas/Dataset/dataset_74_2000/masks/img_1385.npy
img_1386.npy,0.0,1.0,0.5000159,0.19567153,0,0,"(128, 128, 128)",/home/grva-mint/Projects/Falhas/Dataset/dataset_74_2000/images/img_1386.npy,/home/grva-mint/Projects/Falhas/Dataset/dataset_74_2000/masks/img_1386.npy
img_1387.npy,0.0,1.0,0.4995257,0.20439805,0,1,"(128, 128, 128)",/home/grva-mint/Projects/Falhas/Dataset/dataset_74_2000/images/img_1387.npy,/home/grva-mint/Projects/Falhas/Dataset/dataset_74_2000/masks/img_1387.npy
img_1388.npy,0.0,1.0,0.49923116,0.20498353,0,1,"(128, 128, 128)",/home/grva-mint/Projects/Falhas/Dataset/dataset_74_2000/images/img_1388.npy,/home/grva-mint/Projects/Falhas/Dataset/dataset_74_2000/masks/img_1388.npy
img_1389.npy,0.0,1.0,0.49984998,0.2034333,0,1,"(128, 128, 128)",/home/grva-mint/Projects/Falhas/Dataset/dataset_74_2000/images/img_1389.npy,/home/grva-mint/Projects/Falhas/Dataset/dataset_74_2000/masks/img_1389.npy
img_1390.npy,0.0,1.0,0.499588,0.20512053,0,1,"(128, 128, 128)",/home/grva-mint/Projects/Falhas/Dataset/dataset_74_2000/images/img_1390.npy,/home/grva-mint/Projects/Falhas/Dataset/dataset_74_2000/masks/img_1390.npy
img_1391.npy,0.0,1.0,0.500504,0.2046721,0,1,"(128, 128, 128)",/home/grva-mint/Projects/Falhas/Dataset/dataset_74_2000/images/img_1391.npy,/home/grva-mint/Projects/Falhas/Dataset/dataset_74_2000/masks/img_1391.npy
img_1392.npy,0.0,1.0,0.50013167,0.20598085,0,1,"(128, 128, 128)",/home/grva-mint/Projects/Falhas/Dataset/dataset_74_2000/images/img_1392.npy,/home/grva-mint/Projects/Falhas/Dataset/dataset_74_2000/masks/img_1392.npy
img_1393.npy,0.0,1.0,0.49897924,0.19897918,0,1,"(128, 128, 128)",/home/grva-mint/Projects/Falhas/Dataset/dataset_74_2000/images/img_1393.npy,/home/grva-mint/Projects/Falhas/Dataset/dataset_74_2000/masks/img_1393.npy
img_1394.npy,0.0,1.0,0.4995492,0.20496938,0,1,"(128, 128, 128)",/home/grva-mint/Projects/Falhas/Dataset/dataset_74_2000/images/img_1394.npy,/home/grva-mint/Projects/Falhas/Dataset/dataset_74_2000/masks/img_1394.npy
img_1395.npy,0.0,1.0,0.50010455,0.20459846,0,1,"(128, 128, 128)",/home/grva-mint/Projects/Falhas/Dataset/dataset_74_2000/images/img_1395.npy,/home/grva-mint/Projects/Falhas/Dataset/dataset_74_2000/masks/img_1395.npy
img_1396.npy,0.0,1.0,0.4994666,0.18860798,0,1,"(128, 128, 128)",/home/grva-mint/Projects/Falhas/Dataset/dataset_74_2000/images/img_1396.npy,/home/grva-mint/Projects/Falhas/Dataset/dataset_74_2000/masks/img_1396.npy
img_1397.npy,0.0,1.0,0.4997116,0.20188755,0,1,"(128, 128, 128)",/home/grva-mint/Projects/Falhas/Dataset/dataset_74_2000/images/img_1397.npy,/home/grva-mint/Projects/Falhas/Dataset/dataset_74_2000/masks/img_1397.npy
img_1398.npy,0.0,1.0,0.50110364,0.20177321,0,1,"(128, 128, 128)",/home/grva-mint/Projects/Falhas/Dataset/dataset_74_2000/images/img_1398.npy,/home/grva-mint/Projects/Falhas/Dataset/dataset_74_2000/masks/img_1398.npy
img_1399.npy,0.0,1.0,0.5001541,0.20458445,0,1,"(128, 128, 128)",/home/grva-mint/Projects/Falhas/Dataset/dataset_74_2000/images/img_1399.npy,/home/grva-mint/Projects/Falhas/Dataset/dataset_74_2000/masks/img_1399.npy
img_1400.npy,0.0,1.0,0.50072914,0.20345525,0,1,"(128, 128, 128)",/home/grva-mint/Projects/Falhas/Dataset/dataset_74_2000/images/img_1400.npy,/home/grva-mint/Projects/Falhas/Dataset/dataset_74_2000/masks/img_1400.npy
img_1401.npy,0.0,1.0,0.5007126,0.19787075,0,1,"(128, 128, 128)",/home/grva-mint/Projects/Falhas/Dataset/dataset_74_2000/images/img_1401.npy,/home/grva-mint/Projects/Falhas/Dataset/dataset_74_2000/masks/img_1401.npy
img_1402.npy,0.0,1.0,0.50015515,0.19621727,0,1,"(128, 128, 128)",/home/grva-mint/Projects/Falhas/Dataset/dataset_74_2000/images/img_1402.npy,/home/grva-mint/Projects/Falhas/Dataset/dataset_74_2000/masks/img_1402.npy
img_1403.npy,0.0,1.0,0.49987164,0.20592414,0,1,"(128, 128, 128)",/home/grva-mint/Projects/Falhas/Dataset/dataset_74_2000/images/img_1403.npy,/home/grva-mint/Projects/Falhas/Dataset/dataset_74_2000/masks/img_1403.npy
img_1404.npy,0.0,1.0,0.49627832,0.18658224,0,1,"(128, 128, 128)",/home/grva-mint/Projects/Falhas/Dataset/dataset_74_2000/images/img_1404.npy,/home/grva-mint/Projects/Falhas/Dataset/dataset_74_2000/masks/img_1404.npy
img_1405.npy,0.0,1.0,0.49922386,0.20417757,0,1,"(128, 128, 128)",/home/grva-mint/Projects/Falhas/Dataset/dataset_74_2000/images/img_1405.npy,/home/grva-mint/Projects/Falhas/Dataset/dataset_74_2000/masks/img_1405.npy
img_1406.npy,0.0,1.0,0.5002036,0.20587789,0,1,"(128, 128, 128)",/home/grva-mint/Projects/Falhas/Dataset/dataset_74_2000/images/img_1406.npy,/home/grva-mint/Projects/Falhas/Dataset/dataset_74_2000/masks/img_1406.npy
img_1407.npy,0.0,1.0,0.4996538,0.20426469,0,1,"(128, 128, 128)",/home/grva-mint/Projects/Falhas/Dataset/dataset_74_2000/images/img_1407.npy,/home/grva-mint/Projects/Falhas/Dataset/dataset_74_2000/masks/img_1407.npy
img_1408.npy,0.0,1.0,0.49949422,0.20151958,0,1,"(128, 128, 128)",/home/grva-mint/Projects/Falhas/Dataset/dataset_74_2000/images/img_1408.npy,/home/grva-mint/Projects/Falhas/Dataset/dataset_74_2000/masks/img_1408.npy
img_1409.npy,0.0,1.0,0.50058323,0.20478375,0,1,"(128, 128, 128)",/home/grva-mint/Projects/Falhas/Dataset/dataset_74_2000/images/img_1409.npy,/home/grva-mint/Projects/Falhas/Dataset/dataset_74_2000/masks/img_1409.npy
img_1410.npy,0.0,1.0,0.50004375,0.20570682,0,1,"(128, 128, 128)",/home/grva-mint/Projects/Falhas/Dataset/dataset_74_2000/images/img_1410.npy,/home/grva-mint/Projects/Falhas/Dataset/dataset_74_2000/masks/img_1410.npy
img_1411.npy,0.0,1.0,0.49906412,0.20364697,0,1,"(128, 128, 128)",/home/grva-mint/Projects/Falhas/Dataset/dataset_74_2000/images/img_1411.npy,/home/grva-mint/Projects/Falhas/Dataset/dataset_74_2000/masks/img_1411.npy
img_1412.npy,0.0,1.0,0.500735,0.20364705,0,1,"(128, 128, 128)",/home/grva-mint/Projects/Falhas/Dataset/dataset_74_2000/images/img_1412.npy,/home/grva-mint/Projects/Falhas/Dataset/dataset_74_2000/masks/img_1412.npy
img_1413.npy,0.0,1.0,0.49990463,0.20584072,0,1,"(128, 128, 128)",/home/grva-mint/Projects/Falhas/Dataset/dataset_74_2000/images/img_1413.npy,/home/grva-mint/Projects/Falhas/Dataset/dataset_74_2000/masks/img_1413.npy
img_1414.npy,0.0,1.0,0.4999181,0.20542584,0,1,"(128, 128, 128)",/home/grva-mint/Projects/Falhas/Dataset/dataset_74_2000/images/img_1414.npy,/home/grva-mint/Projects/Falhas/Dataset/dataset_74_2000/masks/img_1414.npy
img_1415.npy,0.0,1.0,0.50182736,0.19999512,0,1,"(128, 128, 128)",/home/grva-mint/Projects/Falhas/Dataset/dataset_74_2000/images/img_1415.npy,/home/grva-mint/Projects/Falhas/Dataset/dataset_74_2000/masks/img_1415.npy
img_1416.npy,0.0,1.0,0.4989008,0.20155694,0,1,"(128, 128, 128)",/home/grva-mint/Projects/Falhas/Dataset/dataset_74_2000/images/img_1416.npy,/home/grva-mint/Projects/Falhas/Dataset/dataset_74_2000/masks/img_1416.npy
img_1417.npy,0.0,1.0,0.49997455,0.20549975,0,1,"(128, 128, 128)",/home/grva-mint/Projects/Falhas/Dataset/dataset_74_2000/images/img_1417.npy,/home/grva-mint/Projects/Falhas/Dataset/dataset_74_2000/masks/img_1417.npy
img_1418.npy,0.0,1.0,0.49980482,0.20585515,0,1,"(128, 128, 128)",/home/grva-mint/Projects/Falhas/Dataset/dataset_74_2000/images/img_1418.npy,/home/grva-mint/Projects/Falhas/Dataset/dataset_74_2000/masks/img_1418.npy
img_1419.npy,0.0,1.0,0.49718294,0.19108169,0,1,"(128, 128, 128)",/home/grva-mint/Projects/Falhas/Dataset/dataset_74_2000/images/img_1419.npy,/home/grva-mint/Projects/Falhas/Dataset/dataset_74_2000/masks/img_1419.npy
img_1420.npy,0.0,1.0,0.5001491,0.20378964,0,1,"(128, 128, 128)",/home/grva-mint/Projects/Falhas/Dataset/dataset_74_2000/images/img_1420.npy,/home/grva-mint/Projects/Falhas/Dataset/dataset_74_2000/masks/img_1420.npy
img_1421.npy,0.0,1.0,0.49969152,0.2063003,0,1,"(128, 128, 128)",/home/grva-mint/Projects/Falhas/Dataset/dataset_74_2000/images/img_1421.npy,/home/grva-mint/Projects/Falhas/Dataset/dataset_74_2000/masks/img_1421.npy
img_1422.npy,0.0,1.0,0.50006294,0.20648566,0,1,"(128, 128, 128)",/home/grva-mint/Projects/Falhas/Dataset/dataset_74_2000/images/img_1422.npy,/home/grva-mint/Projects/Falhas/Dataset/dataset_74_2000/masks/img_1422.npy
img_1423.npy,0.0,1.0,0.49991345,0.2068574,0,1,"(128, 128, 128)",/home/grva-mint/Projects/Falhas/Dataset/dataset_74_2000/images/img_1423.npy,/home/grva-mint/Projects/Falhas/Dataset/dataset_74_2000/masks/img_1423.npy
img_1424.npy,0.0,1.0,0.49996608,0.20495534,0,1,"(128, 128, 128)",/home/grva-mint/Projects/Falhas/Dataset/dataset_74_2000/images/img_1424.npy,/home/grva-mint/Projects/Falhas/Dataset/dataset_74_2000/masks/img_1424.npy
img_1425.npy,0.0,1.0,0.5008423,0.20380647,0,1,"(128, 128, 128)",/home/grva-mint/Projects/Falhas/Dataset/dataset_74_2000/images/img_1425.npy,/home/grva-mint/Projects/Falhas/Dataset/dataset_74_2000/masks/img_1425.npy
img_1426.npy,0.0,1.0,0.4999871,0.20592034,0,1,"(128, 128, 128)",/home/grva-mint/Projects/Falhas/Dataset/dataset_74_2000/images/img_1426.npy,/home/grva-mint/Projects/Falhas/Dataset/dataset_74_2000/masks/img_1426.npy
img_1427.npy,0.0,1.0,0.4986399,0.20084985,0,1,"(128, 128, 128)",/home/grva-mint/Projects/Falhas/Dataset/dataset_74_2000/images/img_1427.npy,/home/grva-mint/Projects/Falhas/Dataset/dataset_74_2000/masks/img_1427.npy
img_1428.npy,0.0,1.0,0.49931657,0.20073201,0,0,"(128, 128, 128)",/home/grva-mint/Projects/Falhas/Dataset/dataset_74_2000/images/img_1428.npy,/home/grva-mint/Projects/Falhas/Dataset/dataset_74_2000/masks/img_1428.npy
img_1429.npy,0.0,1.0,0.50109726,0.19505133,0,1,"(128, 128, 128)",/home/grva-mint/Projects/Falhas/Dataset/dataset_74_2000/images/img_1429.npy,/home/grva-mint/Projects/Falhas/Dataset/dataset_74_2000/masks/img_1429.npy
img_1430.npy,0.0,1.0,0.49916044,0.20467481,0,1,"(128, 128, 128)",/home/grva-mint/Projects/Falhas/Dataset/dataset_74_2000/images/img_1430.npy,/home/grva-mint/Projects/Falhas/Dataset/dataset_74_2000/masks/img_1430.npy
img_1431.npy,0.0,1.0,0.50016224,0.19984256,0,1,"(128, 128, 128)",/home/grva-mint/Projects/Falhas/Dataset/dataset_74_2000/images/img_1431.npy,/home/grva-mint/Projects/Falhas/Dataset/dataset_74_2000/masks/img_1431.npy
img_1432.npy,0.0,1.0,0.49973276,0.20497748,0,1,"(128, 128, 128)",/home/grva-mint/Projects/Falhas/Dataset/dataset_74_2000/images/img_1432.npy,/home/grva-mint/Projects/Falhas/Dataset/dataset_74_2000/masks/img_1432.npy
img_1433.npy,0.0,1.0,0.49966428,0.20564942,0,1,"(128, 128, 128)",/home/grva-mint/Projects/Falhas/Dataset/dataset_74_2000/images/img_1433.npy,/home/grva-mint/Projects/Falhas/Dataset/dataset_74_2000/masks/img_1433.npy
img_1434.npy,0.0,1.0,0.49988058,0.20377155,0,1,"(128, 128, 128)",/home/grva-mint/Projects/Falhas/Dataset/dataset_74_2000/images/img_1434.npy,/home/grva-mint/Projects/Falhas/Dataset/dataset_74_2000/masks/img_1434.npy
img_1435.npy,0.0,1.0,0.50033396,0.20542577,0,1,"(128, 128, 128)",/home/grva-mint/Projects/Falhas/Dataset/dataset_74_2000/images/img_1435.npy,/home/grva-mint/Projects/Falhas/Dataset/dataset_74_2000/masks/img_1435.npy
img_1436.npy,0.0,1.0,0.5002215,0.20490801,0,1,"(128, 128, 128)",/home/grva-mint/Projects/Falhas/Dataset/dataset_74_2000/images/img_1436.npy,/home/grva-mint/Projects/Falhas/Dataset/dataset_74_2000/masks/img_1436.npy
img_1437.npy,0.0,1.0,0.49888358,0.20153174,0,1,"(128, 128, 128)",/home/grva-mint/Projects/Falhas/Dataset/dataset_74_2000/images/img_1437.npy,/home/grva-mint/Projects/Falhas/Dataset/dataset_74_2000/masks/img_1437.npy
img_1438.npy,0.0,1.0,0.49954024,0.2027036,0,1,"(128, 128, 128)",/home/grva-mint/Projects/Falhas/Dataset/dataset_74_2000/images/img_1438.npy,/home/grva-mint/Projects/Falhas/Dataset/dataset_74_2000/masks/img_1438.npy
img_1439.npy,0.0,1.0,0.5038795,0.19184265,0,1,"(128, 128, 128)",/home/grva-mint/Projects/Falhas/Dataset/dataset_74_2000/images/img_1439.npy,/home/grva-mint/Projects/Falhas/Dataset/dataset_74_2000/masks/img_1439.npy
img_1440.npy,0.0,1.0,0.50126266,0.20305195,0,1,"(128, 128, 128)",/home/grva-mint/Projects/Falhas/Dataset/dataset_74_2000/images/img_1440.npy,/home/grva-mint/Projects/Falhas/Dataset/dataset_74_2000/masks/img_1440.npy
img_1441.npy,0.0,1.0,0.5001271,0.20619413,0,1,"(128, 128, 128)",/home/grva-mint/Projects/Falhas/Dataset/dataset_74_2000/images/img_1441.npy,/home/grva-mint/Projects/Falhas/Dataset/dataset_74_2000/masks/img_1441.npy
img_1442.npy,0.0,1.0,0.50059104,0.20248264,0,1,"(128, 128, 128)",/home/grva-mint/Projects/Falhas/Dataset/dataset_74_2000/images/img_1442.npy,/home/grva-mint/Projects/Falhas/Dataset/dataset_74_2000/masks/img_1442.npy
img_1443.npy,0.0,1.0,0.50011003,0.19497198,0,1,"(128, 128, 128)",/home/grva-mint/Projects/Falhas/Dataset/dataset_74_2000/images/img_1443.npy,/home/grva-mint/Projects/Falhas/Dataset/dataset_74_2000/masks/img_1443.npy
img_1444.npy,0.0,1.0,0.5020884,0.19830543,0,1,"(128, 128, 128)",/home/grva-mint/Projects/Falhas/Dataset/dataset_74_2000/images/img_1444.npy,/home/grva-mint/Projects/Falhas/Dataset/dataset_74_2000/masks/img_1444.npy
img_1445.npy,0.0,1.0,0.49924037,0.20241666,0,1,"(128, 128, 128)",/home/grva-mint/Projects/Falhas/Dataset/dataset_74_2000/images/img_1445.npy,/home/grva-mint/Projects/Falhas/Dataset/dataset_74_2000/masks/img_1445.npy
img_1446.npy,0.0,1.0,0.49931583,0.20516823,0,1,"(128, 128, 128)",/home/grva-mint/Projects/Falhas/Dataset/dataset_74_2000/images/img_1446.npy,/home/grva-mint/Projects/Falhas/Dataset/dataset_74_2000/masks/img_1446.npy
img_1447.npy,0.0,1.0,0.49856195,0.20034306,0,1,"(128, 128, 128)",/home/grva-mint/Projects/Falhas/Dataset/dataset_74_2000/images/img_1447.npy,/home/grva-mint/Projects/Falhas/Dataset/dataset_74_2000/masks/img_1447.npy
img_1448.npy,0.0,1.0,0.49951568,0.20450942,0,1,"(128, 128, 128)",/home/grva-mint/Projects/Falhas/Dataset/dataset_74_2000/images/img_1448.npy,/home/grva-mint/Projects/Falhas/Dataset/dataset_74_2000/masks/img_1448.npy
img_1449.npy,0.0,1.0,0.4996585,0.20400292,0,1,"(128, 128, 128)",/home/grva-mint/Projects/Falhas/Dataset/dataset_74_2000/images/img_1449.npy,/home/grva-mint/Projects/Falhas/Dataset/dataset_74_2000/masks/img_1449.npy
img_1450.npy,0.0,1.0,0.5004708,0.20479889,0,1,"(128, 128, 128)",/home/grva-mint/Projects/Falhas/Dataset/dataset_74_2000/images/img_1450.npy,/home/grva-mint/Projects/Falhas/Dataset/dataset_74_2000/masks/img_1450.npy
img_1451.npy,0.0,1.0,0.49909726,0.20407553,0,1,"(128, 128, 128)",/home/grva-mint/Projects/Falhas/Dataset/dataset_74_2000/images/img_1451.npy,/home/grva-mint/Projects/Falhas/Dataset/dataset_74_2000/masks/img_1451.npy
img_1452.npy,0.0,1.0,0.4992522,0.19865192,0,1,"(128, 128, 128)",/home/grva-mint/Projects/Falhas/Dataset/dataset_74_2000/images/img_1452.npy,/home/grva-mint/Projects/Falhas/Dataset/dataset_74_2000/masks/img_1452.npy
img_1453.npy,0.0,1.0,0.49966437,0.20607981,0,1,"(128, 128, 128)",/home/grva-mint/Projects/Falhas/Dataset/dataset_74_2000/images/img_1453.npy,/home/grva-mint/Projects/Falhas/Dataset/dataset_74_2000/masks/img_1453.npy
img_1454.npy,0.0,1.0,0.4999374,0.20680538,0,1,"(128, 128, 128)",/home/grva-mint/Projects/Falhas/Dataset/dataset_74_2000/images/img_1454.npy,/home/grva-mint/Projects/Falhas/Dataset/dataset_74_2000/masks/img_1454.npy
img_1455.npy,0.0,1.0,0.50211215,0.19635257,0,1,"(128, 128, 128)",/home/grva-mint/Projects/Falhas/Dataset/dataset_74_2000/images/img_1455.npy,/home/grva-mint/Projects/Falhas/Dataset/dataset_74_2000/masks/img_1455.npy
img_1456.npy,0.0,1.0,0.49924982,0.19221288,0,1,"(128, 128, 128)",/home/grva-mint/Projects/Falhas/Dataset/dataset_74_2000/images/img_1456.npy,/home/grva-mint/Projects/Falhas/Dataset/dataset_74_2000/masks/img_1456.npy
img_1457.npy,0.0,1.0,0.5019936,0.19544251,0,1,"(128, 128, 128)",/home/grva-mint/Projects/Falhas/Dataset/dataset_74_2000/images/img_1457.npy,/home/grva-mint/Projects/Falhas/Dataset/dataset_74_2000/masks/img_1457.npy
img_1458.npy,0.0,1.0,0.50067323,0.2047308,0,1,"(128, 128, 128)",/home/grva-mint/Projects/Falhas/Dataset/dataset_74_2000/images/img_1458.npy,/home/grva-mint/Projects/Falhas/Dataset/dataset_74_2000/masks/img_1458.npy
img_1459.npy,0.0,1.0,0.5003886,0.20366392,0,1,"(128, 128, 128)",/home/grva-mint/Projects/Falhas/Dataset/dataset_74_2000/images/img_1459.npy,/home/grva-mint/Projects/Falhas/Dataset/dataset_74_2000/masks/img_1459.npy
img_1460.npy,0.0,1.0,0.49970675,0.20606132,0,1,"(128, 128, 128)",/home/grva-mint/Projects/Falhas/Dataset/dataset_74_2000/images/img_1460.npy,/home/grva-mint/Projects/Falhas/Dataset/dataset_74_2000/masks/img_1460.npy
img_1461.npy,0.0,1.0,0.49936593,0.20412049,0,1,"(128, 128, 128)",/home/grva-mint/Projects/Falhas/Dataset/dataset_74_2000/images/img_1461.npy,/home/grva-mint/Projects/Falhas/Dataset/dataset_74_2000/masks/img_1461.npy
img_1462.npy,0.0,1.0,0.49978074,0.20528087,0,1,"(128, 128, 128)",/home/grva-mint/Projects/Falhas/Dataset/dataset_74_2000/images/img_1462.npy,/home/grva-mint/Projects/Falhas/Dataset/dataset_74_2000/masks/img_1462.npy
img_1463.npy,0.0,1.0,0.4991635,0.20207344,0,1,"(128, 128, 128)",/home/grva-mint/Projects/Falhas/Dataset/dataset_74_2000/images/img_1463.npy,/home/grva-mint/Projects/Falhas/Dataset/dataset_74_2000/masks/img_1463.npy
img_1464.npy,0.0,1.0,0.49975687,0.20373143,0,1,"(128, 128, 128)",/home/grva-mint/Projects/Falhas/Dataset/dataset_74_2000/images/img_1464.npy,/home/grva-mint/Projects/Falhas/Dataset/dataset_74_2000/masks/img_1464.npy
img_1465.npy,0.0,1.0,0.5001299,0.20423089,0,1,"(128, 128, 128)",/home/grva-mint/Projects/Falhas/Dataset/dataset_74_2000/images/img_1465.npy,/home/grva-mint/Projects/Falhas/Dataset/dataset_74_2000/masks/img_1465.npy
img_1466.npy,0.0,1.0,0.50062776,0.20445955,0,1,"(128, 128, 128)",/home/grva-mint/Projects/Falhas/Dataset/dataset_74_2000/images/img_1466.npy,/home/grva-mint/Projects/Falhas/Dataset/dataset_74_2000/masks/img_1466.npy
img_1467.npy,0.0,1.0,0.49992275,0.2063529,0,1,"(128, 128, 128)",/home/grva-mint/Projects/Falhas/Dataset/dataset_74_2000/images/img_1467.npy,/home/grva-mint/Projects/Falhas/Dataset/dataset_74_2000/masks/img_1467.npy
img_1468.npy,0.0,1.0,0.4996712,0.20451471,0,1,"(128, 128, 128)",/home/grva-mint/Projects/Falhas/Dataset/dataset_74_2000/images/img_1468.npy,/home/grva-mint/Projects/Falhas/Dataset/dataset_74_2000/masks/img_1468.npy
img_1469.npy,0.0,1.0,0.4999844,0.20665221,0,1,"(128, 128, 128)",/home/grva-mint/Projects/Falhas/Dataset/dataset_74_2000/images/img_1469.npy,/home/grva-mint/Projects/Falhas/Dataset/dataset_74_2000/masks/img_1469.npy
img_1470.npy,0.0,1.0,0.49889323,0.20413806,0,1,"(128, 128, 128)",/home/grva-mint/Projects/Falhas/Dataset/dataset_74_2000/images/img_1470.npy,/home/grva-mint/Projects/Falhas/Dataset/dataset_74_2000/masks/img_1470.npy
img_1471.npy,0.0,1.0,0.50015044,0.20463541,0,1,"(128, 128, 128)",/home/grva-mint/Projects/Falhas/Dataset/dataset_74_2000/images/img_1471.npy,/home/grva-mint/Projects/Falhas/Dataset/dataset_74_2000/masks/img_1471.npy
img_1472.npy,0.0,1.0,0.49870604,0.20219596,0,1,"(128, 128, 128)",/home/grva-mint/Projects/Falhas/Dataset/dataset_74_2000/images/img_1472.npy,/home/grva-mint/Projects/Falhas/Dataset/dataset_74_2000/masks/img_1472.npy
img_1473.npy,0.0,1.0,0.49702713,0.19592896,0,1,"(128, 128, 128)",/home/grva-mint/Projects/Falhas/Dataset/dataset_74_2000/images/img_1473.npy,/home/grva-mint/Projects/Falhas/Dataset/dataset_74_2000/masks/img_1473.npy
img_1474.npy,0.0,1.0,0.5003072,0.2054108,0,0,"(128, 128, 128)",/home/grva-mint/Projects/Falhas/Dataset/dataset_74_2000/images/img_1474.npy,/home/grva-mint/Projects/Falhas/Dataset/dataset_74_2000/masks/img_1474.npy
img_1475.npy,0.0,1.0,0.4999151,0.20570993,0,1,"(128, 128, 128)",/home/grva-mint/Projects/Falhas/Dataset/dataset_74_2000/images/img_1475.npy,/home/grva-mint/Projects/Falhas/Dataset/dataset_74_2000/masks/img_1475.npy
img_1476.npy,0.0,1.0,0.49972898,0.20555577,0,1,"(128, 128, 128)",/home/grva-mint/Projects/Falhas/Dataset/dataset_74_2000/images/img_1476.npy,/home/grva-mint/Projects/Falhas/Dataset/dataset_74_2000/masks/img_1476.npy
img_1477.npy,0.0,1.0,0.4995378,0.20516622,0,1,"(128, 128, 128)",/home/grva-mint/Projects/Falhas/Dataset/dataset_74_2000/images/img_1477.npy,/home/grva-mint/Projects/Falhas/Dataset/dataset_74_2000/masks/img_1477.npy
img_1478.npy,0.0,1.0,0.49984577,0.20548142,0,1,"(128, 128, 128)",/home/grva-mint/Projects/Falhas/Dataset/dataset_74_2000/images/img_1478.npy,/home/grva-mint/Projects/Falhas/Dataset/dataset_74_2000/masks/img_1478.npy
img_1479.npy,0.0,1.0,0.49985775,0.20614165,0,1,"(128, 128, 128)",/home/grva-mint/Projects/Falhas/Dataset/dataset_74_2000/images/img_1479.npy,/home/grva-mint/Projects/Falhas/Dataset/dataset_74_2000/masks/img_1479.npy
img_1480.npy,0.0,1.0,0.49872002,0.19961871,0,1,"(128, 128, 128)",/home/grva-mint/Projects/Falhas/Dataset/dataset_74_2000/images/img_1480.npy,/home/grva-mint/Projects/Falhas/Dataset/dataset_74_2000/masks/img_1480.npy
img_1481.npy,0.0,1.0,0.5008177,0.20107809,0,1,"(128, 128, 128)",/home/grva-mint/Projects/Falhas/Dataset/dataset_74_2000/images/img_1481.npy,/home/grva-mint/Projects/Falhas/Dataset/dataset_74_2000/masks/img_1481.npy
img_1482.npy,0.0,1.0,0.4995122,0.20461074,0,1,"(128, 128, 128)",/home/grva-mint/Projects/Falhas/Dataset/dataset_74_2000/images/img_1482.npy,/home/grva-mint/Projects/Falhas/Dataset/dataset_74_2000/masks/img_1482.npy
img_1483.npy,0.0,1.0,0.50038606,0.20134607,0,1,"(128, 128, 128)",/home/grva-mint/Projects/Falhas/Dataset/dataset_74_2000/images/img_1483.npy,/home/grva-mint/Projects/Falhas/Dataset/dataset_74_2000/masks/img_1483.npy
img_1484.npy,0.0,1.0,0.49952993,0.20561095,0,1,"(128, 128, 128)",/home/grva-mint/Projects/Falhas/Dataset/dataset_74_2000/images/img_1484.npy,/home/grva-mint/Projects/Falhas/Dataset/dataset_74_2000/masks/img_1484.npy
img_1485.npy,0.0,1.0,0.4999297,0.20572753,0,0,"(128, 128, 128)",/home/grva-mint/Projects/Falhas/Dataset/dataset_74_2000/images/img_1485.npy,/home/grva-mint/Projects/Falhas/Dataset/dataset_74_2000/masks/img_1485.npy
img_1486.npy,0.0,1.0,0.49979705,0.20618714,0,1,"(128, 128, 128)",/home/grva-mint/Projects/Falhas/Dataset/dataset_74_2000/images/img_1486.npy,/home/grva-mint/Projects/Falhas/Dataset/dataset_74_2000/masks/img_1486.npy
img_1487.npy,0.0,1.0,0.5002681,0.20347667,0,1,"(128, 128, 128)",/home/grva-mint/Projects/Falhas/Dataset/dataset_74_2000/images/img_1487.npy,/home/grva-mint/Projects/Falhas/Dataset/dataset_74_2000/masks/img_1487.npy
img_1488.npy,0.0,1.0,0.50009704,0.20413718,0,1,"(128, 128, 128)",/home/grva-mint/Projects/Falhas/Dataset/dataset_74_2000/images/img_1488.npy,/home/grva-mint/Projects/Falhas/Dataset/dataset_74_2000/masks/img_1488.npy
img_1489.npy,0.0,1.0,0.49991134,0.2067838,0,1,"(128, 128, 128)",/home/grva-mint/Projects/Falhas/Dataset/dataset_74_2000/images/img_1489.npy,/home/grva-mint/Projects/Falhas/Dataset/dataset_74_2000/masks/img_1489.npy
img_1490.npy,0.0,1.0,0.499944,0.20543203,0,1,"(128, 128, 128)",/home/grva-mint/Projects/Falhas/Dataset/dataset_74_2000/images/img_1490.npy,/home/grva-mint/Projects/Falhas/Dataset/dataset_74_2000/masks/img_1490.npy
img_1491.npy,0.0,1.0,0.49990404,0.20534773,0,0,"(128, 128, 128)",/home/grva-mint/Projects/Falhas/Dataset/dataset_74_2000/images/img_1491.npy,/home/grva-mint/Projects/Falhas/Dataset/dataset_74_2000/masks/img_1491.npy
img_1492.npy,0.0,1.0,0.50007415,0.2052488,0,1,"(128, 128, 128)",/home/grva-mint/Projects/Falhas/Dataset/dataset_74_2000/images/img_1492.npy,/home/grva-mint/Projects/Falhas/Dataset/dataset_74_2000/masks/img_1492.npy
img_1493.npy,0.0,1.0,0.49944398,0.20521143,0,0,"(128, 128, 128)",/home/grva-mint/Projects/Falhas/Dataset/dataset_74_2000/images/img_1493.npy,/home/grva-mint/Projects/Falhas/Dataset/dataset_74_2000/masks/img_1493.npy
img_1494.npy,0.0,1.0,0.5000509,0.20525847,0,1,"(128, 128, 128)",/home/grva-mint/Projects/Falhas/Dataset/dataset_74_2000/images/img_1494.npy,/home/grva-mint/Projects/Falhas/Dataset/dataset_74_2000/masks/img_1494.npy
img_1495.npy,0.0,1.0,0.49971902,0.20135018,0,1,"(128, 128, 128)",/home/grva-mint/Projects/Falhas/Dataset/dataset_74_2000/images/img_1495.npy,/home/grva-mint/Projects/Falhas/Dataset/dataset_74_2000/masks/img_1495.npy
img_1496.npy,0.0,1.0,0.49978745,0.205403,0,0,"(128, 128, 128)",/home/grva-mint/Projects/Falhas/Dataset/dataset_74_2000/images/img_1496.npy,/home/grva-mint/Projects/Falhas/Dataset/dataset_74_2000/masks/img_1496.npy
img_1497.npy,0.0,1.0,0.5000427,0.20448455,0,1,"(128, 128, 128)",/home/grva-mint/Projects/Falhas/Dataset/dataset_74_2000/images/img_1497.npy,/home/grva-mint/Projects/Falhas/Dataset/dataset_74_2000/masks/img_1497.npy
img_1498.npy,0.0,1.0,0.4999078,0.20274998,0,0,"(128, 128, 128)",/home/grva-mint/Projects/Falhas/Dataset/dataset_74_2000/images/img_1498.npy,/home/grva-mint/Projects/Falhas/Dataset/dataset_74_2000/masks/img_1498.npy
img_1499.npy,0.0,1.0,0.50093997,0.1979098,0,1,"(128, 128, 128)",/home/grva-mint/Projects/Falhas/Dataset/dataset_74_2000/images/img_1499.npy,/home/grva-mint/Projects/Falhas/Dataset/dataset_74_2000/masks/img_1499.npy
img_1500.npy,0.0,1.0,0.49976006,0.2052682,0,1,"(128, 128, 128)",/home/grva-mint/Projects/Falhas/Dataset/dataset_74_2000/images/img_1500.npy,/home/grva-mint/Projects/Falhas/Dataset/dataset_74_2000/masks/img_1500.npy
img_1501.npy,0.0,1.0,0.4978064,0.19411474,0,1,"(128, 128, 128)",/home/grva-mint/Projects/Falhas/Dataset/dataset_74_2000/images/img_1501.npy,/home/grva-mint/Projects/Falhas/Dataset/dataset_74_2000/masks/img_1501.npy
img_1502.npy,0.0,1.0,0.49963194,0.20432632,0,1,"(128, 128, 128)",/home/grva-mint/Projects/Falhas/Dataset/dataset_74_2000/images/img_1502.npy,/home/grva-mint/Projects/Falhas/Dataset/dataset_74_2000/masks/img_1502.npy
img_1503.npy,0.0,1.0,0.49989235,0.19892055,0,1,"(128, 128, 128)",/home/grva-mint/Projects/Falhas/Dataset/dataset_74_2000/images/img_1503.npy,/home/grva-mint/Projects/Falhas/Dataset/dataset_74_2000/masks/img_1503.npy
img_1504.npy,0.0,1.0,0.50182104,0.20050941,0,1,"(128, 128, 128)",/home/grva-mint/Projects/Falhas/Dataset/dataset_74_2000/images/img_1504.npy,/home/grva-mint/Projects/Falhas/Dataset/dataset_74_2000/masks/img_1504.npy
img_1505.npy,0.0,1.0,0.50020456,0.20482588,0,1,"(128, 128, 128)",/home/grva-mint/Projects/Falhas/Dataset/dataset_74_2000/images/img_1505.npy,/home/grva-mint/Projects/Falhas/Dataset/dataset_74_2000/masks/img_1505.npy
img_1506.npy,0.0,1.0,0.49993122,0.1952283,0,0,"(128, 128, 128)",/home/grva-mint/Projects/Falhas/Dataset/dataset_74_2000/images/img_1506.npy,/home/grva-mint/Projects/Falhas/Dataset/dataset_74_2000/masks/img_1506.npy
img_1507.npy,0.0,1.0,0.5007952,0.20220365,0,1,"(128, 128, 128)",/home/grva-mint/Projects/Falhas/Dataset/dataset_74_2000/images/img_1507.npy,/home/grva-mint/Projects/Falhas/Dataset/dataset_74_2000/masks/img_1507.npy
img_1508.npy,0.0,1.0,0.50103086,0.20364155,0,1,"(128, 128, 128)",/home/grva-mint/Projects/Falhas/Dataset/dataset_74_2000/images/img_1508.npy,/home/grva-mint/Projects/Falhas/Dataset/dataset_74_2000/masks/img_1508.npy
img_1509.npy,0.0,1.0,0.500264,0.20492901,0,1,"(128, 128, 128)",/home/grva-mint/Projects/Falhas/Dataset/dataset_74_2000/images/img_1509.npy,/home/grva-mint/Projects/Falhas/Dataset/dataset_74_2000/masks/img_1509.npy
img_1510.npy,0.0,1.0,0.49986032,0.20288649,0,1,"(128, 128, 128)",/home/grva-mint/Projects/Falhas/Dataset/dataset_74_2000/images/img_1510.npy,/home/grva-mint/Projects/Falhas/Dataset/dataset_74_2000/masks/img_1510.npy
img_1511.npy,0.0,1.0,0.5002725,0.20268984,0,0,"(128, 128, 128)",/home/grva-mint/Projects/Falhas/Dataset/dataset_74_2000/images/img_1511.npy,/home/grva-mint/Projects/Falhas/Dataset/dataset_74_2000/masks/img_1511.npy
img_1512.npy,0.0,1.0,0.49979028,0.20381705,0,1,"(128, 128, 128)",/home/grva-mint/Projects/Falhas/Dataset/dataset_74_2000/images/img_1512.npy,/home/grva-mint/Projects/Falhas/Dataset/dataset_74_2000/masks/img_1512.npy
img_1513.npy,0.0,1.0,0.4992164,0.20367384,0,1,"(128, 128, 128)",/home/grva-mint/Projects/Falhas/Dataset/dataset_74_2000/images/img_1513.npy,/home/grva-mint/Projects/Falhas/Dataset/dataset_74_2000/masks/img_1513.npy
img_1514.npy,0.0,1.0,0.49915063,0.20414376,0,1,"(128, 128, 128)",/home/grva-mint/Projects/Falhas/Dataset/dataset_74_2000/images/img_1514.npy,/home/grva-mint/Projects/Falhas/Dataset/dataset_74_2000/masks/img_1514.npy
img_1515.npy,0.0,1.0,0.4999694,0.20643088,0,1,"(128, 128, 128)",/home/grva-mint/Projects/Falhas/Dataset/dataset_74_2000/images/img_1515.npy,/home/grva-mint/Projects/Falhas/Dataset/dataset_74_2000/masks/img_1515.npy
img_1516.npy,0.0,1.0,0.5006296,0.20230255,0,1,"(128, 128, 128)",/home/grva-mint/Projects/Falhas/Dataset/dataset_74_2000/images/img_1516.npy,/home/grva-mint/Projects/Falhas/Dataset/dataset_74_2000/masks/img_1516.npy
img_1517.npy,0.0,1.0,0.50010556,0.20448895,0,1,"(128, 128, 128)",/home/grva-mint/Projects/Falhas/Dataset/dataset_74_2000/images/img_1517.npy,/home/grva-mint/Projects/Falhas/Dataset/dataset_74_2000/masks/img_1517.npy
img_1518.npy,0.0,1.0,0.5003689,0.20242502,0,0,"(128, 128, 128)",/home/grva-mint/Projects/Falhas/Dataset/dataset_74_2000/images/img_1518.npy,/home/grva-mint/Projects/Falhas/Dataset/dataset_74_2000/masks/img_1518.npy
img_1519.npy,0.0,1.0,0.49979594,0.1957378,0,1,"(128, 128, 128)",/home/grva-mint/Projects/Falhas/Dataset/dataset_74_2000/images/img_1519.npy,/home/grva-mint/Projects/Falhas/Dataset/dataset_74_2000/masks/img_1519.npy
img_1520.npy,0.0,1.0,0.5004949,0.19645514,0,1,"(128, 128, 128)",/home/grva-mint/Projects/Falhas/Dataset/dataset_74_2000/images/img_1520.npy,/home/grva-mint/Projects/Falhas/Dataset/dataset_74_2000/masks/img_1520.npy
img_1521.npy,0.0,1.0,0.49939972,0.20536533,0,1,"(128, 128, 128)",/home/grva-mint/Projects/Falhas/Dataset/dataset_74_2000/images/img_1521.npy,/home/grva-mint/Projects/Falhas/Dataset/dataset_74_2000/masks/img_1521.npy
img_1522.npy,0.0,1.0,0.50000393,0.20625664,0,1,"(128, 128, 128)",/home/grva-mint/Projects/Falhas/Dataset/dataset_74_2000/images/img_1522.npy,/home/grva-mint/Projects/Falhas/Dataset/dataset_74_2000/masks/img_1522.npy
img_1523.npy,0.0,1.0,0.49763468,0.19941388,0,1,"(128, 128, 128)",/home/grva-mint/Projects/Falhas/Dataset/dataset_74_2000/images/img_1523.npy,/home/grva-mint/Projects/Falhas/Dataset/dataset_74_2000/masks/img_1523.npy
img_1524.npy,0.0,1.0,0.4992896,0.205059,0,1,"(128, 128, 128)",/home/grva-mint/Projects/Falhas/Dataset/dataset_74_2000/images/img_1524.npy,/home/grva-mint/Projects/Falhas/Dataset/dataset_74_2000/masks/img_1524.npy
img_1525.npy,0.0,1.0,0.4985428,0.20208935,0,1,"(128, 128, 128)",/home/grva-mint/Projects/Falhas/Dataset/dataset_74_2000/images/img_1525.npy,/home/grva-mint/Projects/Falhas/Dataset/dataset_74_2000/masks/img_1525.npy
img_1526.npy,0.0,1.0,0.49946877,0.20341168,0,1,"(128, 128, 128)",/home/grva-mint/Projects/Falhas/Dataset/dataset_74_2000/images/img_1526.npy,/home/grva-mint/Projects/Falhas/Dataset/dataset_74_2000/masks/img_1526.npy
img_1527.npy,0.0,1.0,0.49982604,0.20540276,0,1,"(128, 128, 128)",/home/grva-mint/Projects/Falhas/Dataset/dataset_74_2000/images/img_1527.npy,/home/grva-mint/Projects/Falhas/Dataset/dataset_74_2000/masks/img_1527.npy
img_1528.npy,0.0,1.0,0.500049,0.20634542,0,1,"(128, 128, 128)",/home/grva-mint/Projects/Falhas/Dataset/dataset_74_2000/images/img_1528.npy,/home/grva-mint/Projects/Falhas/Dataset/dataset_74_2000/masks/img_1528.npy
img_1529.npy,0.0,1.0,0.49989855,0.2066637,0,0,"(128, 128, 128)",/home/grva-mint/Projects/Falhas/Dataset/dataset_74_2000/images/img_1529.npy,/home/grva-mint/Projects/Falhas/Dataset/dataset_74_2000/masks/img_1529.npy
img_1530.npy,0.0,1.0,0.4993013,0.20257998,0,1,"(128, 128, 128)",/home/grva-mint/Projects/Falhas/Dataset/dataset_74_2000/images/img_1530.npy,/home/grva-mint/Projects/Falhas/Dataset/dataset_74_2000/masks/img_1530.npy
img_1531.npy,0.0,1.0,0.50059146,0.2037471,0,1,"(128, 128, 128)",/home/grva-mint/Projects/Falhas/Dataset/dataset_74_2000/images/img_1531.npy,/home/grva-mint/Projects/Falhas/Dataset/dataset_74_2000/masks/img_1531.npy
img_1532.npy,0.0,1.0,0.49551344,0.19305,0,1,"(128, 128, 128)",/home/grva-mint/Projects/Falhas/Dataset/dataset_74_2000/images/img_1532.npy,/home/grva-mint/Projects/Falhas/Dataset/dataset_74_2000/masks/img_1532.npy
img_1533.npy,0.0,1.0,0.49979132,0.20652235,0,1,"(128, 128, 128)",/home/grva-mint/Projects/Falhas/Dataset/dataset_74_2000/images/img_1533.npy,/home/grva-mint/Projects/Falhas/Dataset/dataset_74_2000/masks/img_1533.npy
img_1534.npy,0.0,1.0,0.49982226,0.2060149,0,1,"(128, 128, 128)",/home/grva-mint/Projects/Falhas/Dataset/dataset_74_2000/images/img_1534.npy,/home/grva-mint/Projects/Falhas/Dataset/dataset_74_2000/masks/img_1534.npy
img_1535.npy,0.0,1.0,0.49681577,0.1980467,0,1,"(128, 128, 128)",/home/grva-mint/Projects/Falhas/Dataset/dataset_74_2000/images/img_1535.npy,/home/grva-mint/Projects/Falhas/Dataset/dataset_74_2000/masks/img_1535.npy
img_1536.npy,0.0,1.0,0.5000789,0.2056946,0,1,"(128, 128, 128)",/home/grva-mint/Projects/Falhas/Dataset/dataset_74_2000/images/img_1536.npy,/home/grva-mint/Projects/Falhas/Dataset/dataset_74_2000/masks/img_1536.npy
img_1537.npy,0.0,1.0,0.50062466,0.20334765,0,1,"(128, 128, 128)",/home/grva-mint/Projects/Falhas/Dataset/dataset_74_2000/images/img_1537.npy,/home/grva-mint/Projects/Falhas/Dataset/dataset_74_2000/masks/img_1537.npy
img_1538.npy,0.0,1.0,0.50030375,0.19897595,0,1,"(128, 128, 128)",/home/grva-mint/Projects/Falhas/Dataset/dataset_74_2000/images/img_1538.npy,/home/grva-mint/Projects/Falhas/Dataset/dataset_74_2000/masks/img_1538.npy
img_1539.npy,0.0,1.0,0.50281936,0.19778685,0,1,"(128, 128, 128)",/home/grva-mint/Projects/Falhas/Dataset/dataset_74_2000/images/img_1539.npy,/home/grva-mint/Projects/Falhas/Dataset/dataset_74_2000/masks/img_1539.npy
img_1540.npy,0.0,1.0,0.5000571,0.20595,0,1,"(128, 128, 128)",/home/grva-mint/Projects/Falhas/Dataset/dataset_74_2000/images/img_1540.npy,/home/grva-mint/Projects/Falhas/Dataset/dataset_74_2000/masks/img_1540.npy
img_1541.npy,0.0,1.0,0.50018346,0.20573437,0,1,"(128, 128, 128)",/home/grva-mint/Projects/Falhas/Dataset/dataset_74_2000/images/img_1541.npy,/home/grva-mint/Projects/Falhas/Dataset/dataset_74_2000/masks/img_1541.npy
img_1542.npy,0.0,1.0,0.5003801,0.19763832,0,1,"(128, 128, 128)",/home/grva-mint/Projects/Falhas/Dataset/dataset_74_2000/images/img_1542.npy,/home/grva-mint/Projects/Falhas/Dataset/dataset_74_2000/masks/img_1542.npy
img_1543.npy,0.0,1.0,0.49962863,0.20422094,0,1,"(128, 128, 128)",/home/grva-mint/Projects/Falhas/Dataset/dataset_74_2000/images/img_1543.npy,/home/grva-mint/Projects/Falhas/Dataset/dataset_74_2000/masks/img_1543.npy
img_1544.npy,0.0,1.0,0.50030756,0.19769506,0,1,"(128, 128, 128)",/home/grva-mint/Projects/Falhas/Dataset/dataset_74_2000/images/img_1544.npy,/home/grva-mint/Projects/Falhas/Dataset/dataset_74_2000/masks/img_1544.npy
img_1545.npy,0.0,1.0,0.5000104,0.20604569,0,1,"(128, 128, 128)",/home/grva-mint/Projects/Falhas/Dataset/dataset_74_2000/images/img_1545.npy,/home/grva-mint/Projects/Falhas/Dataset/dataset_74_2000/masks/img_1545.npy
img_1546.npy,0.0,1.0,0.49984697,0.20437688,0,1,"(128, 128, 128)",/home/grva-mint/Projects/Falhas/Dataset/dataset_74_2000/images/img_1546.npy,/home/grva-mint/Projects/Falhas/Dataset/dataset_74_2000/masks/img_1546.npy
img_1547.npy,0.0,1.0,0.49965164,0.20355235,0,1,"(128, 128, 128)",/home/grva-mint/Projects/Falhas/Dataset/dataset_74_2000/images/img_1547.npy,/home/grva-mint/Projects/Falhas/Dataset/dataset_74_2000/masks/img_1547.npy
img_1548.npy,0.0,1.0,0.4996874,0.20569073,0,1,"(128, 128, 128)",/home/grva-mint/Projects/Falhas/Dataset/dataset_74_2000/images/img_1548.npy,/home/grva-mint/Projects/Falhas/Dataset/dataset_74_2000/masks/img_1548.npy
img_1549.npy,0.0,1.0,0.5000737,0.19959074,0,0,"(128, 128, 128)",/home/grva-mint/Projects/Falhas/Dataset/dataset_74_2000/images/img_1549.npy,/home/grva-mint/Projects/Falhas/Dataset/dataset_74_2000/masks/img_1549.npy
img_1550.npy,0.0,1.0,0.49998534,0.20578386,0,1,"(128, 128, 128)",/home/grva-mint/Projects/Falhas/Dataset/dataset_74_2000/images/img_1550.npy,/home/grva-mint/Projects/Falhas/Dataset/dataset_74_2000/masks/img_1550.npy
img_1551.npy,0.0,1.0,0.50001115,0.20442715,0,1,"(128, 128, 128)",/home/grva-mint/Projects/Falhas/Dataset/dataset_74_2000/images/img_1551.npy,/home/grva-mint/Projects/Falhas/Dataset/dataset_74_2000/masks/img_1551.npy
img_1552.npy,0.0,1.0,0.49997997,0.20463264,0,0,"(128, 128, 128)",/home/grva-mint/Projects/Falhas/Dataset/dataset_74_2000/images/img_1552.npy,/home/grva-mint/Projects/Falhas/Dataset/dataset_74_2000/masks/img_1552.npy
img_1553.npy,0.0,1.0,0.5017681,0.20106703,0,1,"(128, 128, 128)",/home/grva-mint/Projects/Falhas/Dataset/dataset_74_2000/images/img_1553.npy,/home/grva-mint/Projects/Falhas/Dataset/dataset_74_2000/masks/img_1553.npy
img_1554.npy,0.0,1.0,0.5000809,0.20554204,0,1,"(128, 128, 128)",/home/grva-mint/Projects/Falhas/Dataset/dataset_74_2000/images/img_1554.npy,/home/grva-mint/Projects/Falhas/Dataset/dataset_74_2000/masks/img_1554.npy
img_1555.npy,0.0,1.0,0.5008837,0.18204333,0,1,"(128, 128, 128)",/home/grva-mint/Projects/Falhas/Dataset/dataset_74_2000/images/img_1555.npy,/home/grva-mint/Projects/Falhas/Dataset/dataset_74_2000/masks/img_1555.npy
img_1556.npy,0.0,1.0,0.4997947,0.20609905,0,1,"(128, 128, 128)",/home/grva-mint/Projects/Falhas/Dataset/dataset_74_2000/images/img_1556.npy,/home/grva-mint/Projects/Falhas/Dataset/dataset_74_2000/masks/img_1556.npy
img_1557.npy,0.0,1.0,0.49998873,0.20578073,0,1,"(128, 128, 128)",/home/grva-mint/Projects/Falhas/Dataset/dataset_74_2000/images/img_1557.npy,/home/grva-mint/Projects/Falhas/Dataset/dataset_74_2000/masks/img_1557.npy
img_1558.npy,0.0,1.0,0.4998711,0.20677234,0,1,"(128, 128, 128)",/home/grva-mint/Projects/Falhas/Dataset/dataset_74_2000/images/img_1558.npy,/home/grva-mint/Projects/Falhas/Dataset/dataset_74_2000/masks/img_1558.npy
img_1559.npy,0.0,1.0,0.4985031,0.20104001,0,1,"(128, 128, 128)",/home/grva-mint/Projects/Falhas/Dataset/dataset_74_2000/images/img_1559.npy,/home/grva-mint/Projects/Falhas/Dataset/dataset_74_2000/masks/img_1559.npy
img_1560.npy,0.0,1.0,0.50004077,0.20124684,0,1,"(128, 128, 128)",/home/grva-mint/Projects/Falhas/Dataset/dataset_74_2000/images/img_1560.npy,/home/grva-mint/Projects/Falhas/Dataset/dataset_74_2000/masks/img_1560.npy
img_1561.npy,0.0,1.0,0.49997002,0.20453583,0,1,"(128, 128, 128)",/home/grva-mint/Projects/Falhas/Dataset/dataset_74_2000/images/img_1561.npy,/home/grva-mint/Projects/Falhas/Dataset/dataset_74_2000/masks/img_1561.npy
img_1562.npy,0.0,1.0,0.5003936,0.20541944,0,1,"(128, 128, 128)",/home/grva-mint/Projects/Falhas/Dataset/dataset_74_2000/images/img_1562.npy,/home/grva-mint/Projects/Falhas/Dataset/dataset_74_2000/masks/img_1562.npy
img_1563.npy,0.0,1.0,0.4998415,0.20570531,0,0,"(128, 128, 128)",/home/grva-mint/Projects/Falhas/Dataset/dataset_74_2000/images/img_1563.npy,/home/grva-mint/Projects/Falhas/Dataset/dataset_74_2000/masks/img_1563.npy
img_1564.npy,0.0,1.0,0.5000392,0.20622902,0,0,"(128, 128, 128)",/home/grva-mint/Projects/Falhas/Dataset/dataset_74_2000/images/img_1564.npy,/home/grva-mint/Projects/Falhas/Dataset/dataset_74_2000/masks/img_1564.npy
img_1565.npy,0.0,1.0,0.5002248,0.2012682,0,1,"(128, 128, 128)",/home/grva-mint/Projects/Falhas/Dataset/dataset_74_2000/images/img_1565.npy,/home/grva-mint/Projects/Falhas/Dataset/dataset_74_2000/masks/img_1565.npy
img_1566.npy,0.0,1.0,0.4998471,0.2052472,0,1,"(128, 128, 128)",/home/grva-mint/Projects/Falhas/Dataset/dataset_74_2000/images/img_1566.npy,/home/grva-mint/Projects/Falhas/Dataset/dataset_74_2000/masks/img_1566.npy
img_1567.npy,0.0,1.0,0.49921682,0.20247608,0,1,"(128, 128, 128)",/home/grva-mint/Projects/Falhas/Dataset/dataset_74_2000/images/img_1567.npy,/home/grva-mint/Projects/Falhas/Dataset/dataset_74_2000/masks/img_1567.npy
img_1568.npy,0.0,1.0,0.49934408,0.20543326,0,0,"(128, 128, 128)",/home/grva-mint/Projects/Falhas/Dataset/dataset_74_2000/images/img_1568.npy,/home/grva-mint/Projects/Falhas/Dataset/dataset_74_2000/masks/img_1568.npy
img_1569.npy,0.0,1.0,0.49946186,0.205616,0,1,"(128, 128, 128)",/home/grva-mint/Projects/Falhas/Dataset/dataset_74_2000/images/img_1569.npy,/home/grva-mint/Projects/Falhas/Dataset/dataset_74_2000/masks/img_1569.npy
img_1570.npy,0.0,1.0,0.50008285,0.20476872,0,1,"(128, 128, 128)",/home/grva-mint/Projects/Falhas/Dataset/dataset_74_2000/images/img_1570.npy,/home/grva-mint/Projects/Falhas/Dataset/dataset_74_2000/masks/img_1570.npy
img_1571.npy,0.0,1.0,0.5051476,0.18422563,0,1,"(128, 128, 128)",/home/grva-mint/Projects/Falhas/Dataset/dataset_74_2000/images/img_1571.npy,/home/grva-mint/Projects/Falhas/Dataset/dataset_74_2000/masks/img_1571.npy
img_1572.npy,0.0,1.0,0.49945354,0.20411062,0,1,"(128, 128, 128)",/home/grva-mint/Projects/Falhas/Dataset/dataset_74_2000/images/img_1572.npy,/home/grva-mint/Projects/Falhas/Dataset/dataset_74_2000/masks/img_1572.npy
img_1573.npy,0.0,1.0,0.49929464,0.20322135,0,1,"(128, 128, 128)",/home/grva-mint/Projects/Falhas/Dataset/dataset_74_2000/images/img_1573.npy,/home/grva-mint/Projects/Falhas/Dataset/dataset_74_2000/masks/img_1573.npy
img_1574.npy,0.0,1.0,0.49989986,0.20552368,0,1,"(128, 128, 128)",/home/grva-mint/Projects/Falhas/Dataset/dataset_74_2000/images/img_1574.npy,/home/grva-mint/Projects/Falhas/Dataset/dataset_74_2000/masks/img_1574.npy
img_1575.npy,0.0,1.0,0.5012624,0.19409926,0,0,"(128, 128, 128)",/home/grva-mint/Projects/Falhas/Dataset/dataset_74_2000/images/img_1575.npy,/home/grva-mint/Projects/Falhas/Dataset/dataset_74_2000/masks/img_1575.npy
img_1576.npy,0.0,1.0,0.5002159,0.20234197,0,1,"(128, 128, 128)",/home/grva-mint/Projects/Falhas/Dataset/dataset_74_2000/images/img_1576.npy,/home/grva-mint/Projects/Falhas/Dataset/dataset_74_2000/masks/img_1576.npy
img_1577.npy,0.0,1.0,0.49997973,0.20496415,0,1,"(128, 128, 128)",/home/grva-mint/Projects/Falhas/Dataset/dataset_74_2000/images/img_1577.npy,/home/grva-mint/Projects/Falhas/Dataset/dataset_74_2000/masks/img_1577.npy
img_1578.npy,0.0,1.0,0.5001079,0.20321229,0,1,"(128, 128, 128)",/home/grva-mint/Projects/Falhas/Dataset/dataset_74_2000/images/img_1578.npy,/home/grva-mint/Projects/Falhas/Dataset/dataset_74_2000/masks/img_1578.npy
img_1579.npy,0.0,1.0,0.50055945,0.19683626,0,1,"(128, 128, 128)",/home/grva-mint/Projects/Falhas/Dataset/dataset_74_2000/images/img_1579.npy,/home/grva-mint/Projects/Falhas/Dataset/dataset_74_2000/masks/img_1579.npy
img_1580.npy,0.0,1.0,0.50077206,0.20075998,0,1,"(128, 128, 128)",/home/grva-mint/Projects/Falhas/Dataset/dataset_74_2000/images/img_1580.npy,/home/grva-mint/Projects/Falhas/Dataset/dataset_74_2000/masks/img_1580.npy
img_1581.npy,0.0,1.0,0.5003233,0.20272334,0,1,"(128, 128, 128)",/home/grva-mint/Projects/Falhas/Dataset/dataset_74_2000/images/img_1581.npy,/home/grva-mint/Projects/Falhas/Dataset/dataset_74_2000/masks/img_1581.npy
img_1582.npy,0.0,1.0,0.500195,0.20445241,0,1,"(128, 128, 128)",/home/grva-mint/Projects/Falhas/Dataset/dataset_74_2000/images/img_1582.npy,/home/grva-mint/Projects/Falhas/Dataset/dataset_74_2000/masks/img_1582.npy
img_1583.npy,0.0,1.0,0.5010316,0.19960871,0,0,"(128, 128, 128)",/home/grva-mint/Projects/Falhas/Dataset/dataset_74_2000/images/img_1583.npy,/home/grva-mint/Projects/Falhas/Dataset/dataset_74_2000/masks/img_1583.npy
img_1584.npy,0.0,1.0,0.49903744,0.20130566,0,1,"(128, 128, 128)",/home/grva-mint/Projects/Falhas/Dataset/dataset_74_2000/images/img_1584.npy,/home/grva-mint/Projects/Falhas/Dataset/dataset_74_2000/masks/img_1584.npy
img_1585.npy,0.0,1.0,0.500069,0.20571393,0,1,"(128, 128, 128)",/home/grva-mint/Projects/Falhas/Dataset/dataset_74_2000/images/img_1585.npy,/home/grva-mint/Projects/Falhas/Dataset/dataset_74_2000/masks/img_1585.npy
img_1586.npy,0.0,1.0,0.501993,0.19337036,0,1,"(128, 128, 128)",/home/grva-mint/Projects/Falhas/Dataset/dataset_74_2000/images/img_1586.npy,/home/grva-mint/Projects/Falhas/Dataset/dataset_74_2000/masks/img_1586.npy
img_1587.npy,0.0,1.0,0.4984867,0.20276636,0,1,"(128, 128, 128)",/home/grva-mint/Projects/Falhas/Dataset/dataset_74_2000/images/img_1587.npy,/home/grva-mint/Projects/Falhas/Dataset/dataset_74_2000/masks/img_1587.npy
img_1588.npy,0.0,1.0,0.49958357,0.20530272,0,1,"(128, 128, 128)",/home/grva-mint/Projects/Falhas/Dataset/dataset_74_2000/images/img_1588.npy,/home/grva-mint/Projects/Falhas/Dataset/dataset_74_2000/masks/img_1588.npy
img_1589.npy,0.0,1.0,0.49826977,0.18393256,0,1,"(128, 128, 128)",/home/grva-mint/Projects/Falhas/Dataset/dataset_74_2000/images/img_1589.npy,/home/grva-mint/Projects/Falhas/Dataset/dataset_74_2000/masks/img_1589.npy
img_1590.npy,0.0,1.0,0.5001839,0.20449354,0,1,"(128, 128, 128)",/home/grva-mint/Projects/Falhas/Dataset/dataset_74_2000/images/img_1590.npy,/home/grva-mint/Projects/Falhas/Dataset/dataset_74_2000/masks/img_1590.npy
img_1591.npy,0.0,1.0,0.49970356,0.20426282,0,1,"(128, 128, 128)",/home/grva-mint/Projects/Falhas/Dataset/dataset_74_2000/images/img_1591.npy,/home/grva-mint/Projects/Falhas/Dataset/dataset_74_2000/masks/img_1591.npy
img_1592.npy,0.0,1.0,0.5004902,0.20516692,0,1,"(128, 128, 128)",/home/grva-mint/Projects/Falhas/Dataset/dataset_74_2000/images/img_1592.npy,/home/grva-mint/Projects/Falhas/Dataset/dataset_74_2000/masks/img_1592.npy
img_1593.npy,0.0,1.0,0.49983746,0.20667265,0,1,"(128, 128, 128)",/home/grva-mint/Projects/Falhas/Dataset/dataset_74_2000/images/img_1593.npy,/home/grva-mint/Projects/Falhas/Dataset/dataset_74_2000/masks/img_1593.npy
img_1594.npy,0.0,1.0,0.50379115,0.19556117,0,1,"(128, 128, 128)",/home/grva-mint/Projects/Falhas/Dataset/dataset_74_2000/images/img_1594.npy,/home/grva-mint/Projects/Falhas/Dataset/dataset_74_2000/masks/img_1594.npy
img_1595.npy,0.0,1.0,0.50036687,0.2047859,0,1,"(128, 128, 128)",/home/grva-mint/Projects/Falhas/Dataset/dataset_74_2000/images/img_1595.npy,/home/grva-mint/Projects/Falhas/Dataset/dataset_74_2000/masks/img_1595.npy
img_1596.npy,0.0,1.0,0.5003512,0.2053912,0,1,"(128, 128, 128)",/home/grva-mint/Projects/Falhas/Dataset/dataset_74_2000/images/img_1596.npy,/home/grva-mint/Projects/Falhas/Dataset/dataset_74_2000/masks/img_1596.npy
img_1597.npy,0.0,1.0,0.5000232,0.20236757,0,1,"(128, 128, 128)",/home/grva-mint/Projects/Falhas/Dataset/dataset_74_2000/images/img_1597.npy,/home/grva-mint/Projects/Falhas/Dataset/dataset_74_2000/masks/img_1597.npy
img_1598.npy,0.0,1.0,0.500097,0.2063255,0,1,"(128, 128, 128)",/home/grva-mint/Projects/Falhas/Dataset/dataset_74_2000/images/img_1598.npy,/home/grva-mint/Projects/Falhas/Dataset/dataset_74_2000/masks/img_1598.npy
img_1599.npy,0.0,1.0,0.4981252,0.19905412,0,1,"(128, 128, 128)",/home/grva-mint/Projects/Falhas/Dataset/dataset_74_2000/images/img_1599.npy,/home/grva-mint/Projects/Falhas/Dataset/dataset_74_2000/masks/img_1599.npy
img_1600.npy,0.0,1.0,0.49950966,0.19987592,0,1,"(128, 128, 128)",/home/grva-mint/Projects/Falhas/Dataset/dataset_74_2000/images/img_1600.npy,/home/grva-mint/Projects/Falhas/Dataset/dataset_74_2000/masks/img_1600.npy
img_1601.npy,0.0,1.0,0.50025,0.19800262,0,1,"(128, 128, 128)",/home/grva-mint/Projects/Falhas/Dataset/dataset_74_2000/images/img_1601.npy,/home/grva-mint/Projects/Falhas/Dataset/dataset_74_2000/masks/img_1601.npy
img_1602.npy,0.0,1.0,0.5030457,0.19691683,0,1,"(128, 128, 128)",/home/grva-mint/Projects/Falhas/Dataset/dataset_74_2000/images/img_1602.npy,/home/grva-mint/Projects/Falhas/Dataset/dataset_74_2000/masks/img_1602.npy
img_1603.npy,0.0,1.0,0.4999049,0.20685506,0,1,"(128, 128, 128)",/home/grva-mint/Projects/Falhas/Dataset/dataset_74_2000/images/img_1603.npy,/home/grva-mint/Projects/Falhas/Dataset/dataset_74_2000/masks/img_1603.npy
img_1604.npy,0.0,1.0,0.5014131,0.20175934,0,1,"(128, 128, 128)",/home/grva-mint/Projects/Falhas/Dataset/dataset_74_2000/images/img_1604.npy,/home/grva-mint/Projects/Falhas/Dataset/dataset_74_2000/masks/img_1604.npy
img_1605.npy,0.0,1.0,0.50003093,0.20619445,0,1,"(128, 128, 128)",/home/grva-mint/Projects/Falhas/Dataset/dataset_74_2000/images/img_1605.npy,/home/grva-mint/Projects/Falhas/Dataset/dataset_74_2000/masks/img_1605.npy
img_1606.npy,0.0,1.0,0.50255036,0.19744441,0,1,"(128, 128, 128)",/home/grva-mint/Projects/Falhas/Dataset/dataset_74_2000/images/img_1606.npy,/home/grva-mint/Projects/Falhas/Dataset/dataset_74_2000/masks/img_1606.npy
img_1607.npy,0.0,1.0,0.50036305,0.20561095,0,1,"(128, 128, 128)",/home/grva-mint/Projects/Falhas/Dataset/dataset_74_2000/images/img_1607.npy,/home/grva-mint/Projects/Falhas/Dataset/dataset_74_2000/masks/img_1607.npy
img_1608.npy,0.0,1.0,0.49989232,0.2058339,0,1,"(128, 128, 128)",/home/grva-mint/Projects/Falhas/Dataset/dataset_74_2000/images/img_1608.npy,/home/grva-mint/Projects/Falhas/Dataset/dataset_74_2000/masks/img_1608.npy
img_1609.npy,0.0,1.0,0.49925086,0.197469,0,0,"(128, 128, 128)",/home/grva-mint/Projects/Falhas/Dataset/dataset_74_2000/images/img_1609.npy,/home/grva-mint/Projects/Falhas/Dataset/dataset_74_2000/masks/img_1609.npy
img_1610.npy,0.0,1.0,0.49875504,0.20324698,0,1,"(128, 128, 128)",/home/grva-mint/Projects/Falhas/Dataset/dataset_74_2000/images/img_1610.npy,/home/grva-mint/Projects/Falhas/Dataset/dataset_74_2000/masks/img_1610.npy
img_1611.npy,0.0,1.0,0.50044125,0.18521881,0,1,"(128, 128, 128)",/home/grva-mint/Projects/Falhas/Dataset/dataset_74_2000/images/img_1611.npy,/home/grva-mint/Projects/Falhas/Dataset/dataset_74_2000/masks/img_1611.npy
img_1612.npy,0.0,1.0,0.49991655,0.20680514,0,0,"(128, 128, 128)",/home/grva-mint/Projects/Falhas/Dataset/dataset_74_2000/images/img_1612.npy,/home/grva-mint/Projects/Falhas/Dataset/dataset_74_2000/masks/img_1612.npy
img_1613.npy,0.0,1.0,0.49906236,0.2009989,0,1,"(128, 128, 128)",/home/grva-mint/Projects/Falhas/Dataset/dataset_74_2000/images/img_1613.npy,/home/grva-mint/Projects/Falhas/Dataset/dataset_74_2000/masks/img_1613.npy
img_1614.npy,0.0,1.0,0.50024104,0.20341587,0,1,"(128, 128, 128)",/home/grva-mint/Projects/Falhas/Dataset/dataset_74_2000/images/img_1614.npy,/home/grva-mint/Projects/Falhas/Dataset/dataset_74_2000/masks/img_1614.npy
img_1615.npy,0.0,1.0,0.50017864,0.20415458,0,1,"(128, 128, 128)",/home/grva-mint/Projects/Falhas/Dataset/dataset_74_2000/images/img_1615.npy,/home/grva-mint/Projects/Falhas/Dataset/dataset_74_2000/masks/img_1615.npy
img_1616.npy,0.0,1.0,0.49991488,0.20669283,0,1,"(128, 128, 128)",/home/grva-mint/Projects/Falhas/Dataset/dataset_74_2000/images/img_1616.npy,/home/grva-mint/Projects/Falhas/Dataset/dataset_74_2000/masks/img_1616.npy
img_1617.npy,0.0,1.0,0.50003135,0.20245756,0,1,"(128, 128, 128)",/home/grva-mint/Projects/Falhas/Dataset/dataset_74_2000/images/img_1617.npy,/home/grva-mint/Projects/Falhas/Dataset/dataset_74_2000/masks/img_1617.npy
img_1618.npy,0.0,1.0,0.49959135,0.20452316,0,0,"(128, 128, 128)",/home/grva-mint/Projects/Falhas/Dataset/dataset_74_2000/images/img_1618.npy,/home/grva-mint/Projects/Falhas/Dataset/dataset_74_2000/masks/img_1618.npy
img_1619.npy,0.0,1.0,0.500483,0.2025817,0,1,"(128, 128, 128)",/home/grva-mint/Projects/Falhas/Dataset/dataset_74_2000/images/img_1619.npy,/home/grva-mint/Projects/Falhas/Dataset/dataset_74_2000/masks/img_1619.npy
img_1620.npy,0.0,1.0,0.49982604,0.20576447,0,1,"(128, 128, 128)",/home/grva-mint/Projects/Falhas/Dataset/dataset_74_2000/images/img_1620.npy,/home/grva-mint/Projects/Falhas/Dataset/dataset_74_2000/masks/img_1620.npy
img_1621.npy,0.0,1.0,0.50023997,0.20559299,0,0,"(128, 128, 128)",/home/grva-mint/Projects/Falhas/Dataset/dataset_74_2000/images/img_1621.npy,/home/grva-mint/Projects/Falhas/Dataset/dataset_74_2000/masks/img_1621.npy
img_1622.npy,0.0,1.0,0.50018436,0.20533714,0,1,"(128, 128, 128)",/home/grva-mint/Projects/Falhas/Dataset/dataset_74_2000/images/img_1622.npy,/home/grva-mint/Projects/Falhas/Dataset/dataset_74_2000/masks/img_1622.npy
img_1623.npy,0.0,1.0,0.49998477,0.20667078,0,1,"(128, 128, 128)",/home/grva-mint/Projects/Falhas/Dataset/dataset_74_2000/images/img_1623.npy,/home/grva-mint/Projects/Falhas/Dataset/dataset_74_2000/masks/img_1623.npy
img_1624.npy,0.0,1.0,0.50013775,0.20563173,0,1,"(128, 128, 128)",/home/grva-mint/Projects/Falhas/Dataset/dataset_74_2000/images/img_1624.npy,/home/grva-mint/Projects/Falhas/Dataset/dataset_74_2000/masks/img_1624.npy
img_1625.npy,0.0,1.0,0.49934125,0.20171307,0,1,"(128, 128, 128)",/home/grva-mint/Projects/Falhas/Dataset/dataset_74_2000/images/img_1625.npy,/home/grva-mint/Projects/Falhas/Dataset/dataset_74_2000/masks/img_1625.npy
img_1626.npy,0.0,1.0,0.49909064,0.20238876,0,1,"(128, 128, 128)",/home/grva-mint/Projects/Falhas/Dataset/dataset_74_2000/images/img_1626.npy,/home/grva-mint/Projects/Falhas/Dataset/dataset_74_2000/masks/img_1626.npy
img_1627.npy,0.0,1.0,0.5001926,0.20332612,0,1,"(128, 128, 128)",/home/grva-mint/Projects/Falhas/Dataset/dataset_74_2000/images/img_1627.npy,/home/grva-mint/Projects/Falhas/Dataset/dataset_74_2000/masks/img_1627.npy
img_1628.npy,0.0,1.0,0.50012887,0.20483123,0,1,"(128, 128, 128)",/home/grva-mint/Projects/Falhas/Dataset/dataset_74_2000/images/img_1628.npy,/home/grva-mint/Projects/Falhas/Dataset/dataset_74_2000/masks/img_1628.npy
img_1629.npy,0.0,1.0,0.49933916,0.20424153,0,1,"(128, 128, 128)",/home/grva-mint/Projects/Falhas/Dataset/dataset_74_2000/images/img_1629.npy,/home/grva-mint/Projects/Falhas/Dataset/dataset_74_2000/masks/img_1629.npy
img_1630.npy,0.0,1.0,0.5003302,0.20543803,0,1,"(128, 128, 128)",/home/grva-mint/Projects/Falhas/Dataset/dataset_74_2000/images/img_1630.npy,/home/grva-mint/Projects/Falhas/Dataset/dataset_74_2000/masks/img_1630.npy
img_1631.npy,0.0,1.0,0.5005564,0.20395085,0,1,"(128, 128, 128)",/home/grva-mint/Projects/Falhas/Dataset/dataset_74_2000/images/img_1631.npy,/home/grva-mint/Projects/Falhas/Dataset/dataset_74_2000/masks/img_1631.npy
img_1632.npy,0.0,1.0,0.50032973,0.19987136,0,1,"(128, 128, 128)",/home/grva-mint/Projects/Falhas/Dataset/dataset_74_2000/images/img_1632.npy,/home/grva-mint/Projects/Falhas/Dataset/dataset_74_2000/masks/img_1632.npy
img_1633.npy,0.0,1.0,0.4997852,0.2044116,0,1,"(128, 128, 128)",/home/grva-mint/Projects/Falhas/Dataset/dataset_74_2000/images/img_1633.npy,/home/grva-mint/Projects/Falhas/Dataset/dataset_74_2000/masks/img_1633.npy
img_1634.npy,0.0,1.0,0.49882147,0.20158887,0,1,"(128, 128, 128)",/home/grva-mint/Projects/Falhas/Dataset/dataset_74_2000/images/img_1634.npy,/home/grva-mint/Projects/Falhas/Dataset/dataset_74_2000/masks/img_1634.npy
img_1635.npy,0.0,1.0,0.50080204,0.20357351,0,1,"(128, 128, 128)",/home/grva-mint/Projects/Falhas/Dataset/dataset_74_2000/images/img_1635.npy,/home/grva-mint/Projects/Falhas/Dataset/dataset_74_2000/masks/img_1635.npy
img_1636.npy,0.0,1.0,0.49732718,0.19307685,0,1,"(128, 128, 128)",/home/grva-mint/Projects/Falhas/Dataset/dataset_74_2000/images/img_1636.npy,/home/grva-mint/Projects/Falhas/Dataset/dataset_74_2000/masks/img_1636.npy
img_1637.npy,0.0,1.0,0.49942955,0.2035234,0,1,"(128, 128, 128)",/home/grva-mint/Projects/Falhas/Dataset/dataset_74_2000/images/img_1637.npy,/home/grva-mint/Projects/Falhas/Dataset/dataset_74_2000/masks/img_1637.npy
img_1638.npy,0.0,1.0,0.4990827,0.20178682,0,1,"(128, 128, 128)",/home/grva-mint/Projects/Falhas/Dataset/dataset_74_2000/images/img_1638.npy,/home/grva-mint/Projects/Falhas/Dataset/dataset_74_2000/masks/img_1638.npy
img_1639.npy,0.0,1.0,0.5000083,0.20366164,0,1,"(128, 128, 128)",/home/grva-mint/Projects/Falhas/Dataset/dataset_74_2000/images/img_1639.npy,/home/grva-mint/Projects/Falhas/Dataset/dataset_74_2000/masks/img_1639.npy
img_1640.npy,0.0,1.0,0.499813,0.20629786,0,0,"(128, 128, 128)",/home/grva-mint/Projects/Falhas/Dataset/dataset_74_2000/images/img_1640.npy,/home/grva-mint/Projects/Falhas/Dataset/dataset_74_2000/masks/img_1640.npy
img_1641.npy,0.0,1.0,0.5001466,0.20099115,0,1,"(128, 128, 128)",/home/grva-mint/Projects/Falhas/Dataset/dataset_74_2000/images/img_1641.npy,/home/grva-mint/Projects/Falhas/Dataset/dataset_74_2000/masks/img_1641.npy
img_1642.npy,0.0,1.0,0.50006324,0.20406543,0,1,"(128, 128, 128)",/home/grva-mint/Projects/Falhas/Dataset/dataset_74_2000/images/img_1642.npy,/home/grva-mint/Projects/Falhas/Dataset/dataset_74_2000/masks/img_1642.npy
img_1643.npy,0.0,1.0,0.4997585,0.20354979,0,1,"(128, 128, 128)",/home/grva-mint/Projects/Falhas/Dataset/dataset_74_2000/images/img_1643.npy,/home/grva-mint/Projects/Falhas/Dataset/dataset_74_2000/masks/img_1643.npy
img_1644.npy,0.0,1.0,0.4999638,0.20643991,0,1,"(128, 128, 128)",/home/grva-mint/Projects/Falhas/Dataset/dataset_74_2000/images/img_1644.npy,/home/grva-mint/Projects/Falhas/Dataset/dataset_74_2000/masks/img_1644.npy
img_1645.npy,0.0,1.0,0.4992664,0.20212051,0,1,"(128, 128, 128)",/home/grva-mint/Projects/Falhas/Dataset/dataset_74_2000/images/img_1645.npy,/home/grva-mint/Projects/Falhas/Dataset/dataset_74_2000/masks/img_1645.npy
img_1646.npy,0.0,1.0,0.5006752,0.20281436,0,0,"(128, 128, 128)",/home/grva-mint/Projects/Falhas/Dataset/dataset_74_2000/images/img_1646.npy,/home/grva-mint/Projects/Falhas/Dataset/dataset_74_2000/masks/img_1646.npy
img_1647.npy,0.0,1.0,0.4998088,0.20474377,0,1,"(128, 128, 128)",/home/grva-mint/Projects/Falhas/Dataset/dataset_74_2000/images/img_1647.npy,/home/grva-mint/Projects/Falhas/Dataset/dataset_74_2000/masks/img_1647.npy
img_1648.npy,0.0,1.0,0.5007144,0.20337391,0,1,"(128, 128, 128)",/home/grva-mint/Projects/Falhas/Dataset/dataset_74_2000/images/img_1648.npy,/home/grva-mint/Projects/Falhas/Dataset/dataset_74_2000/masks/img_1648.npy
img_1649.npy,0.0,1.0,0.49895555,0.20307188,0,1,"(128, 128, 128)",/home/grva-mint/Projects/Falhas/Dataset/dataset_74_2000/images/img_1649.npy,/home/grva-mint/Projects/Falhas/Dataset/dataset_74_2000/masks/img_1649.npy
img_1650.npy,0.0,1.0,0.5004867,0.19041486,0,1,"(128, 128, 128)",/home/grva-mint/Projects/Falhas/Dataset/dataset_74_2000/images/img_1650.npy,/home/grva-mint/Projects/Falhas/Dataset/dataset_74_2000/masks/img_1650.npy
img_1651.npy,0.0,1.0,0.49983853,0.20520459,0,1,"(128, 128, 128)",/home/grva-mint/Projects/Falhas/Dataset/dataset_74_2000/images/img_1651.npy,/home/grva-mint/Projects/Falhas/Dataset/dataset_74_2000/masks/img_1651.npy
img_1652.npy,0.0,1.0,0.49955916,0.20532846,0,1,"(128, 128, 128)",/home/grva-mint/Projects/Falhas/Dataset/dataset_74_2000/images/img_1652.npy,/home/grva-mint/Projects/Falhas/Dataset/dataset_74_2000/masks/img_1652.npy
img_1653.npy,0.0,1.0,0.50148696,0.2010805,0,1,"(128, 128, 128)",/home/grva-mint/Projects/Falhas/Dataset/dataset_74_2000/images/img_1653.npy,/home/grva-mint/Projects/Falhas/Dataset/dataset_74_2000/masks/img_1653.npy
img_1654.npy,0.0,1.0,0.50067717,0.20404184,0,1,"(128, 128, 128)",/home/grva-mint/Projects/Falhas/Dataset/dataset_74_2000/images/img_1654.npy,/home/grva-mint/Projects/Falhas/Dataset/dataset_74_2000/masks/img_1654.npy
img_1655.npy,0.0,1.0,0.49996898,0.20060731,0,1,"(128, 128, 128)",/home/grva-mint/Projects/Falhas/Dataset/dataset_74_2000/images/img_1655.npy,/home/grva-mint/Projects/Falhas/Dataset/dataset_74_2000/masks/img_1655.npy
img_1656.npy,0.0,1.0,0.50069135,0.20466492,0,1,"(128, 128, 128)",/home/grva-mint/Projects/Falhas/Dataset/dataset_74_2000/images/img_1656.npy,/home/grva-mint/Projects/Falhas/Dataset/dataset_74_2000/masks/img_1656.npy
img_1657.npy,0.0,1.0,0.5032027,0.18066579,0,0,"(128, 128, 128)",/home/grva-mint/Projects/Falhas/Dataset/dataset_74_2000/images/img_1657.npy,/home/grva-mint/Projects/Falhas/Dataset/dataset_74_2000/masks/img_1657.npy
img_1658.npy,0.0,1.0,0.4992351,0.20061477,0,1,"(128, 128, 128)",/home/grva-mint/Projects/Falhas/Dataset/dataset_74_2000/images/img_1658.npy,/home/grva-mint/Projects/Falhas/Dataset/dataset_74_2000/masks/img_1658.npy
img_1659.npy,0.0,1.0,0.49979544,0.20633249,0,1,"(128, 128, 128)",/home/grva-mint/Projects/Falhas/Dataset/dataset_74_2000/images/img_1659.npy,/home/grva-mint/Projects/Falhas/Dataset/dataset_74_2000/masks/img_1659.npy
img_1660.npy,0.0,1.0,0.4997261,0.20368806,0,1,"(128, 128, 128)",/home/grva-mint/Projects/Falhas/Dataset/dataset_74_2000/images/img_1660.npy,/home/grva-mint/Projects/Falhas/Dataset/dataset_74_2000/masks/img_1660.npy
img_1661.npy,0.0,1.0,0.49260327,0.1829659,0,1,"(128, 128, 128)",/home/grva-mint/Projects/Falhas/Dataset/dataset_74_2000/images/img_1661.npy,/home/grva-mint/Projects/Falhas/Dataset/dataset_74_2000/masks/img_1661.npy
img_1662.npy,0.0,1.0,0.4996485,0.2060896,0,1,"(128, 128, 128)",/home/grva-mint/Projects/Falhas/Dataset/dataset_74_2000/images/img_1662.npy,/home/grva-mint/Projects/Falhas/Dataset/dataset_74_2000/masks/img_1662.npy
img_1663.npy,0.0,1.0,0.49997377,0.20655376,0,1,"(128, 128, 128)",/home/grva-mint/Projects/Falhas/Dataset/dataset_74_2000/images/img_1663.npy,/home/grva-mint/Projects/Falhas/Dataset/dataset_74_2000/masks/img_1663.npy
img_1664.npy,0.0,1.0,0.49986595,0.20594652,0,1,"(128, 128, 128)",/home/grva-mint/Projects/Falhas/Dataset/dataset_74_2000/images/img_1664.npy,/home/grva-mint/Projects/Falhas/Dataset/dataset_74_2000/masks/img_1664.npy
img_1665.npy,0.0,1.0,0.50434667,0.1871757,0,1,"(128, 128, 128)",/home/grva-mint/Projects/Falhas/Dataset/dataset_74_2000/images/img_1665.npy,/home/grva-mint/Projects/Falhas/Dataset/dataset_74_2000/masks/img_1665.npy
img_1666.npy,0.0,1.0,0.49971974,0.20516387,0,1,"(128, 128, 128)",/home/grva-mint/Projects/Falhas/Dataset/dataset_74_2000/images/img_1666.npy,/home/grva-mint/Projects/Falhas/Dataset/dataset_74_2000/masks/img_1666.npy
img_1667.npy,0.0,1.0,0.50370824,0.19223565,0,1,"(128, 128, 128)",/home/grva-mint/Projects/Falhas/Dataset/dataset_74_2000/images/img_1667.npy,/home/grva-mint/Projects/Falhas/Dataset/dataset_74_2000/masks/img_1667.npy
img_1668.npy,0.0,1.0,0.50039107,0.20526582,0,1,"(128, 128, 128)",/home/grva-mint/Projects/Falhas/Dataset/dataset_74_2000/images/img_1668.npy,/home/grva-mint/Projects/Falhas/Dataset/dataset_74_2000/masks/img_1668.npy
img_1669.npy,0.0,1.0,0.49985623,0.206397,0,1,"(128, 128, 128)",/home/grva-mint/Projects/Falhas/Dataset/dataset_74_2000/images/img_1669.npy,/home/grva-mint/Projects/Falhas/Dataset/dataset_74_2000/masks/img_1669.npy
img_1670.npy,0.0,1.0,0.50015324,0.2062373,0,0,"(128, 128, 128)",/home/grva-mint/Projects/Falhas/Dataset/dataset_74_2000/images/img_1670.npy,/home/grva-mint/Projects/Falhas/Dataset/dataset_74_2000/masks/img_1670.npy
img_1671.npy,0.0,1.0,0.49910608,0.20347711,0,1,"(128, 128, 128)",/home/grva-mint/Projects/Falhas/Dataset/dataset_74_2000/images/img_1671.npy,/home/grva-mint/Projects/Falhas/Dataset/dataset_74_2000/masks/img_1671.npy
img_1672.npy,0.0,1.0,0.49956048,0.20420942,0,0,"(128, 128, 128)",/home/grva-mint/Projects/Falhas/Dataset/dataset_74_2000/images/img_1672.npy,/home/grva-mint/Projects/Falhas/Dataset/dataset_74_2000/masks/img_1672.npy
img_1673.npy,0.0,1.0,0.5000751,0.20406182,0,1,"(128, 128, 128)",/home/grva-mint/Projects/Falhas/Dataset/dataset_74_2000/images/img_1673.npy,/home/grva-mint/Projects/Falhas/Dataset/dataset_74_2000/masks/img_1673.npy
img_1674.npy,0.0,1.0,0.4999492,0.20620564,0,1,"(128, 128, 128)",/home/grva-mint/Projects/Falhas/Dataset/dataset_74_2000/images/img_1674.npy,/home/grva-mint/Projects/Falhas/Dataset/dataset_74_2000/masks/img_1674.npy
img_1675.npy,0.0,1.0,0.5013312,0.20270048,0,0,"(128, 128, 128)",/home/grva-mint/Projects/Falhas/Dataset/dataset_74_2000/images/img_1675.npy,/home/grva-mint/Projects/Falhas/Dataset/dataset_74_2000/masks/img_1675.npy
img_1676.npy,0.0,1.0,0.49966806,0.2060892,0,1,"(128, 128, 128)",/home/grva-mint/Projects/Falhas/Dataset/dataset_74_2000/images/img_1676.npy,/home/grva-mint/Projects/Falhas/Dataset/dataset_74_2000/masks/img_1676.npy
img_1677.npy,0.0,1.0,0.50148356,0.19872026,0,1,"(128, 128, 128)",/home/grva-mint/Projects/Falhas/Dataset/dataset_74_2000/images/img_1677.npy,/home/grva-mint/Projects/Falhas/Dataset/dataset_74_2000/masks/img_1677.npy
img_1678.npy,0.0,1.0,0.50017375,0.19803347,0,1,"(128, 128, 128)",/home/grva-mint/Projects/Falhas/Dataset/dataset_74_2000/images/img_1678.npy,/home/grva-mint/Projects/Falhas/Dataset/dataset_74_2000/masks/img_1678.npy
img_1679.npy,0.0,1.0,0.50224197,0.1996293,0,1,"(128, 128, 128)",/home/grva-mint/Projects/Falhas/Dataset/dataset_74_2000/images/img_1679.npy,/home/grva-mint/Projects/Falhas/Dataset/dataset_74_2000/masks/img_1679.npy
img_1680.npy,0.0,1.0,0.5000164,0.19429334,0,1,"(128, 128, 128)",/home/grva-mint/Projects/Falhas/Dataset/dataset_74_2000/images/img_1680.npy,/home/grva-mint/Projects/Falhas/Dataset/dataset_74_2000/masks/img_1680.npy
img_1681.npy,0.0,1.0,0.49964294,0.2043643,0,1,"(128, 128, 128)",/home/grva-mint/Projects/Falhas/Dataset/dataset_74_2000/images/img_1681.npy,/home/grva-mint/Projects/Falhas/Dataset/dataset_74_2000/masks/img_1681.npy
img_1682.npy,0.0,1.0,0.5001365,0.20567706,0,1,"(128, 128, 128)",/home/grva-mint/Projects/Falhas/Dataset/dataset_74_2000/images/img_1682.npy,/home/grva-mint/Projects/Falhas/Dataset/dataset_74_2000/masks/img_1682.npy
img_1683.npy,0.0,1.0,0.49927387,0.20413037,0,0,"(128, 128, 128)",/home/grva-mint/Projects/Falhas/Dataset/dataset_74_2000/images/img_1683.npy,/home/grva-mint/Projects/Falhas/Dataset/dataset_74_2000/masks/img_1683.npy
img_1684.npy,0.0,1.0,0.49847752,0.20029318,0,1,"(128, 128, 128)",/home/grva-mint/Projects/Falhas/Dataset/dataset_74_2000/images/img_1684.npy,/home/grva-mint/Projects/Falhas/Dataset/dataset_74_2000/masks/img_1684.npy
img_1685.npy,0.0,1.0,0.5000387,0.20369492,0,1,"(128, 128, 128)",/home/grva-mint/Projects/Falhas/Dataset/dataset_74_2000/images/img_1685.npy,/home/grva-mint/Projects/Falhas/Dataset/dataset_74_2000/masks/img_1685.npy
img_1686.npy,0.0,1.0,0.4998635,0.20669688,0,1,"(128, 128, 128)",/home/grva-mint/Projects/Falhas/Dataset/dataset_74_2000/images/img_1686.npy,/home/grva-mint/Projects/Falhas/Dataset/dataset_74_2000/masks/img_1686.npy
img_1687.npy,0.0,1.0,0.49704027,0.19863355,0,0,"(128, 128, 128)",/home/grva-mint/Projects/Falhas/Dataset/dataset_74_2000/images/img_1687.npy,/home/grva-mint/Projects/Falhas/Dataset/dataset_74_2000/masks/img_1687.npy
img_1688.npy,0.0,1.0,0.49804327,0.19867244,0,1,"(128, 128, 128)",/home/grva-mint/Projects/Falhas/Dataset/dataset_74_2000/images/img_1688.npy,/home/grva-mint/Projects/Falhas/Dataset/dataset_74_2000/masks/img_1688.npy
img_1689.npy,0.0,1.0,0.4989195,0.19925587,0,1,"(128, 128, 128)",/home/grva-mint/Projects/Falhas/Dataset/dataset_74_2000/images/img_1689.npy,/home/grva-mint/Projects/Falhas/Dataset/dataset_74_2000/masks/img_1689.npy
img_1690.npy,0.0,1.0,0.49964118,0.20192328,0,1,"(128, 128, 128)",/home/grva-mint/Projects/Falhas/Dataset/dataset_74_2000/images/img_1690.npy,/home/grva-mint/Projects/Falhas/Dataset/dataset_74_2000/masks/img_1690.npy
img_1691.npy,0.0,1.0,0.5000377,0.20431116,0,1,"(128, 128, 128)",/home/grva-mint/Projects/Falhas/Dataset/dataset_74_2000/images/img_1691.npy,/home/grva-mint/Projects/Falhas/Dataset/dataset_74_2000/masks/img_1691.npy
img_1692.npy,0.0,1.0,0.50052315,0.20387603,0,1,"(128, 128, 128)",/home/grva-mint/Projects/Falhas/Dataset/dataset_74_2000/images/img_1692.npy,/home/grva-mint/Projects/Falhas/Dataset/dataset_74_2000/masks/img_1692.npy
img_1693.npy,0.0,1.0,0.5005005,0.20532332,0,1,"(128, 128, 128)",/home/grva-mint/Projects/Falhas/Dataset/dataset_74_2000/images/img_1693.npy,/home/grva-mint/Projects/Falhas/Dataset/dataset_74_2000/masks/img_1693.npy
img_1694.npy,0.0,1.0,0.49900213,0.20170914,0,1,"(128, 128, 128)",/home/grva-mint/Projects/Falhas/Dataset/dataset_74_2000/images/img_1694.npy,/home/grva-mint/Projects/Falhas/Dataset/dataset_74_2000/masks/img_1694.npy
img_1695.npy,0.0,1.0,0.49966437,0.20494778,0,1,"(128, 128, 128)",/home/grva-mint/Projects/Falhas/Dataset/dataset_74_2000/images/img_1695.npy,/home/grva-mint/Projects/Falhas/Dataset/dataset_74_2000/masks/img_1695.npy
img_1696.npy,0.0,1.0,0.49979106,0.20287101,0,1,"(128, 128, 128)",/home/grva-mint/Projects/Falhas/Dataset/dataset_74_2000/images/img_1696.npy,/home/grva-mint/Projects/Falhas/Dataset/dataset_74_2000/masks/img_1696.npy
img_1697.npy,0.0,1.0,0.49910155,0.2031116,0,1,"(128, 128, 128)",/home/grva-mint/Projects/Falhas/Dataset/dataset_74_2000/images/img_1697.npy,/home/grva-mint/Projects/Falhas/Dataset/dataset_74_2000/masks/img_1697.npy
img_1698.npy,0.0,1.0,0.5002661,0.20493701,0,1,"(128, 128, 128)",/home/grva-mint/Projects/Falhas/Dataset/dataset_74_2000/images/img_1698.npy,/home/grva-mint/Projects/Falhas/Dataset/dataset_74_2000/masks/img_1698.npy
img_1699.npy,0.0,1.0,0.50084186,0.19829713,0,1,"(128, 128, 128)",/home/grva-mint/Projects/Falhas/Dataset/dataset_74_2000/images/img_1699.npy,/home/grva-mint/Projects/Falhas/Dataset/dataset_74_2000/masks/img_1699.npy
img_1700.npy,0.0,1.0,0.49875343,0.20344928,0,1,"(128, 128, 128)",/home/grva-mint/Projects/Falhas/Dataset/dataset_74_2000/images/img_1700.npy,/home/grva-mint/Projects/Falhas/Dataset/dataset_74_2000/masks/img_1700.npy
img_1701.npy,0.0,1.0,0.50094324,0.20377617,0,1,"(128, 128, 128)",/home/grva-mint/Projects/Falhas/Dataset/dataset_74_2000/images/img_1701.npy,/home/grva-mint/Projects/Falhas/Dataset/dataset_74_2000/masks/img_1701.npy
img_1702.npy,0.0,1.0,0.501764,0.19996414,0,1,"(128, 128, 128)",/home/grva-mint/Projects/Falhas/Dataset/dataset_74_2000/images/img_1702.npy,/home/grva-mint/Projects/Falhas/Dataset/dataset_74_2000/masks/img_1702.npy
img_1703.npy,0.0,1.0,0.49877468,0.20318139,0,1,"(128, 128, 128)",/home/grva-mint/Projects/Falhas/Dataset/dataset_74_2000/images/img_1703.npy,/home/grva-mint/Projects/Falhas/Dataset/dataset_74_2000/masks/img_1703.npy
img_1704.npy,0.0,1.0,0.49828148,0.19762722,0,1,"(128, 128, 128)",/home/grva-mint/Projects/Falhas/Dataset/dataset_74_2000/images/img_1704.npy,/home/grva-mint/Projects/Falhas/Dataset/dataset_74_2000/masks/img_1704.npy
img_1705.npy,0.0,1.0,0.5012352,0.20134263,0,1,"(128, 128, 128)",/home/grva-mint/Projects/Falhas/Dataset/dataset_74_2000/images/img_1705.npy,/home/grva-mint/Projects/Falhas/Dataset/dataset_74_2000/masks/img_1705.npy
img_1706.npy,0.0,1.0,0.5002192,0.20546794,0,1,"(128, 128, 128)",/home/grva-mint/Projects/Falhas/Dataset/dataset_74_2000/images/img_1706.npy,/home/grva-mint/Projects/Falhas/Dataset/dataset_74_2000/masks/img_1706.npy
img_1707.npy,0.0,1.0,0.4997396,0.20644487,0,0,"(128, 128, 128)",/home/grva-mint/Projects/Falhas/Dataset/dataset_74_2000/images/img_1707.npy,/home/grva-mint/Projects/Falhas/Dataset/dataset_74_2000/masks/img_1707.npy
img_1708.npy,0.0,1.0,0.49968803,0.2055846,0,1,"(128, 128, 128)",/home/grva-mint/Projects/Falhas/Dataset/dataset_74_2000/images/img_1708.npy,/home/grva-mint/Projects/Falhas/Dataset/dataset_74_2000/masks/img_1708.npy
img_1709.npy,0.0,1.0,0.4980065,0.19493221,0,1,"(128, 128, 128)",/home/grva-mint/Projects/Falhas/Dataset/dataset_74_2000/images/img_1709.npy,/home/grva-mint/Projects/Falhas/Dataset/dataset_74_2000/masks/img_1709.npy
img_1710.npy,0.0,1.0,0.5000969,0.20602974,0,1,"(128, 128, 128)",/home/grva-mint/Projects/Falhas/Dataset/dataset_74_2000/images/img_1710.npy,/home/grva-mint/Projects/Falhas/Dataset/dataset_74_2000/masks/img_1710.npy
img_1711.npy,0.0,1.0,0.49965772,0.20104696,0,1,"(128, 128, 128)",/home/grva-mint/Projects/Falhas/Dataset/dataset_74_2000/images/img_1711.npy,/home/grva-mint/Projects/Falhas/Dataset/dataset_74_2000/masks/img_1711.npy
img_1712.npy,0.0,1.0,0.5006642,0.20165531,0,1,"(128, 128, 128)",/home/grva-mint/Projects/Falhas/Dataset/dataset_74_2000/images/img_1712.npy,/home/grva-mint/Projects/Falhas/Dataset/dataset_74_2000/masks/img_1712.npy
img_1713.npy,0.0,1.0,0.4999799,0.20635387,0,1,"(128, 128, 128)",/home/grva-mint/Projects/Falhas/Dataset/dataset_74_2000/images/img_1713.npy,/home/grva-mint/Projects/Falhas/Dataset/dataset_74_2000/masks/img_1713.npy
img_1714.npy,0.0,1.0,0.4994387,0.20533395,0,1,"(128, 128, 128)",/home/grva-mint/Projects/Falhas/Dataset/dataset_74_2000/images/img_1714.npy,/home/grva-mint/Projects/Falhas/Dataset/dataset_74_2000/masks/img_1714.npy
img_1715.npy,0.0,1.0,0.49950477,0.20561393,0,1,"(128, 128, 128)",/home/grva-mint/Projects/Falhas/Dataset/dataset_74_2000/images/img_1715.npy,/home/grva-mint/Projects/Falhas/Dataset/dataset_74_2000/masks/img_1715.npy
img_1716.npy,0.0,1.0,0.5008986,0.20246294,0,0,"(128, 128, 128)",/home/grva-mint/Projects/Falhas/Dataset/dataset_74_2000/images/img_1716.npy,/home/grva-mint/Projects/Falhas/Dataset/dataset_74_2000/masks/img_1716.npy
img_1717.npy,0.0,1.0,0.4993238,0.19839019,0,1,"(128, 128, 128)",/home/grva-mint/Projects/Falhas/Dataset/dataset_74_2000/images/img_1717.npy,/home/grva-mint/Projects/Falhas/Dataset/dataset_74_2000/masks/img_1717.npy
img_1718.npy,0.0,1.0,0.50024086,0.19740403,0,1,"(128, 128, 128)",/home/grva-mint/Projects/Falhas/Dataset/dataset_74_2000/images/img_1718.npy,/home/grva-mint/Projects/Falhas/Dataset/dataset_74_2000/masks/img_1718.npy
img_1719.npy,0.0,1.0,0.49987125,0.20646204,0,1,"(128, 128, 128)",/home/grva-mint/Projects/Falhas/Dataset/dataset_74_2000/images/img_1719.npy,/home/grva-mint/Projects/Falhas/Dataset/dataset_74_2000/masks/img_1719.npy
img_1720.npy,0.0,1.0,0.4998441,0.20628104,0,1,"(128, 128, 128)",/home/grva-mint/Projects/Falhas/Dataset/dataset_74_2000/images/img_1720.npy,/home/grva-mint/Projects/Falhas/Dataset/dataset_74_2000/masks/img_1720.npy
img_1721.npy,0.0,1.0,0.500679,0.20468083,0,1,"(128, 128, 128)",/home/grva-mint/Projects/Falhas/Dataset/dataset_74_2000/images/img_1721.npy,/home/grva-mint/Projects/Falhas/Dataset/dataset_74_2000/masks/img_1721.npy
img_1722.npy,0.0,1.0,0.4996274,0.20423302,0,1,"(128, 128, 128)",/home/grva-mint/Projects/Falhas/Dataset/dataset_74_2000/images/img_1722.npy,/home/grva-mint/Projects/Falhas/Dataset/dataset_74_2000/masks/img_1722.npy
img_1723.npy,0.0,1.0,0.49881238,0.20099704,0,1,"(128, 128, 128)",/home/grva-mint/Projects/Falhas/Dataset/dataset_74_2000/images/img_1723.npy,/home/grva-mint/Projects/Falhas/Dataset/dataset_74_2000/masks/img_1723.npy
img_1724.npy,0.0,1.0,0.5000089,0.20662157,0,1,"(128, 128, 128)",/home/grva-mint/Projects/Falhas/Dataset/dataset_74_2000/images/img_1724.npy,/home/grva-mint/Projects/Falhas/Dataset/dataset_74_2000/masks/img_1724.npy
img_1725.npy,0.0,1.0,0.4999477,0.2049062,0,1,"(128, 128, 128)",/home/grva-mint/Projects/Falhas/Dataset/dataset_74_2000/images/img_1725.npy,/home/grva-mint/Projects/Falhas/Dataset/dataset_74_2000/masks/img_1725.npy
img_1726.npy,0.0,1.0,0.49991053,0.2068125,0,1,"(128, 128, 128)",/home/grva-mint/Projects/Falhas/Dataset/dataset_74_2000/images/img_1726.npy,/home/grva-mint/Projects/Falhas/Dataset/dataset_74_2000/masks/img_1726.npy
img_1727.npy,0.0,1.0,0.500193,0.19286025,0,0,"(128, 128, 128)",/home/grva-mint/Projects/Falhas/Dataset/dataset_74_2000/images/img_1727.npy,/home/grva-mint/Projects/Falhas/Dataset/dataset_74_2000/masks/img_1727.npy
img_1728.npy,0.0,1.0,0.50147873,0.20209132,0,1,"(128, 128, 128)",/home/grva-mint/Projects/Falhas/Dataset/dataset_74_2000/images/img_1728.npy,/home/grva-mint/Projects/Falhas/Dataset/dataset_74_2000/masks/img_1728.npy
img_1729.npy,0.0,1.0,0.4978721,0.20006812,0,1,"(128, 128, 128)",/home/grva-mint/Projects/Falhas/Dataset/dataset_74_2000/images/img_1729.npy,/home/grva-mint/Projects/Falhas/Dataset/dataset_74_2000/masks/img_1729.npy
img_1730.npy,0.0,1.0,0.49990088,0.2063449,0,1,"(128, 128, 128)",/home/grva-mint/Projects/Falhas/Dataset/dataset_74_2000/images/img_1730.npy,/home/grva-mint/Projects/Falhas/Dataset/dataset_74_2000/masks/img_1730.npy
img_1731.npy,0.0,1.0,0.500236,0.2055021,0,1,"(128, 128, 128)",/home/grva-mint/Projects/Falhas/Dataset/dataset_74_2000/images/img_1731.npy,/home/grva-mint/Projects/Falhas/Dataset/dataset_74_2000/masks/img_1731.npy
img_1732.npy,0.0,1.0,0.498625,0.19575752,0,1,"(128, 128, 128)",/home/grva-mint/Projects/Falhas/Dataset/dataset_74_2000/images/img_1732.npy,/home/grva-mint/Projects/Falhas/Dataset/dataset_74_2000/masks/img_1732.npy
img_1733.npy,0.0,1.0,0.5003358,0.2055546,0,1,"(128, 128, 128)",/home/grva-mint/Projects/Falhas/Dataset/dataset_74_2000/images/img_1733.npy,/home/grva-mint/Projects/Falhas/Dataset/dataset_74_2000/masks/img_1733.npy
img_1734.npy,0.0,1.0,0.4998767,0.20350857,0,1,"(128, 128, 128)",/home/grva-mint/Projects/Falhas/Dataset/dataset_74_2000/images/img_1734.npy,/home/grva-mint/Projects/Falhas/Dataset/dataset_74_2000/masks/img_1734.npy
img_1735.npy,0.0,1.0,0.4990232,0.1941992,0,1,"(128, 128, 128)",/home/grva-mint/Projects/Falhas/Dataset/dataset_74_2000/images/img_1735.npy,/home/grva-mint/Projects/Falhas/Dataset/dataset_74_2000/masks/img_1735.npy
img_1736.npy,0.0,1.0,0.49979797,0.20310424,0,1,"(128, 128, 128)",/home/grva-mint/Projects/Falhas/Dataset/dataset_74_2000/images/img_1736.npy,/home/grva-mint/Projects/Falhas/Dataset/dataset_74_2000/masks/img_1736.npy
img_1737.npy,0.0,1.0,0.50024754,0.2050172,0,1,"(128, 128, 128)",/home/grva-mint/Projects/Falhas/Dataset/dataset_74_2000/images/img_1737.npy,/home/grva-mint/Projects/Falhas/Dataset/dataset_74_2000/masks/img_1737.npy
img_1738.npy,0.0,1.0,0.5000338,0.20564179,0,0,"(128, 128, 128)",/home/grva-mint/Projects/Falhas/Dataset/dataset_74_2000/images/img_1738.npy,/home/grva-mint/Projects/Falhas/Dataset/dataset_74_2000/masks/img_1738.npy
img_1739.npy,0.0,1.0,0.49904916,0.20055544,0,1,"(128, 128, 128)",/home/grva-mint/Projects/Falhas/Dataset/dataset_74_2000/images/img_1739.npy,/home/grva-mint/Projects/Falhas/Dataset/dataset_74_2000/masks/img_1739.npy
img_1740.npy,0.0,1.0,0.50013965,0.20511423,0,1,"(128, 128, 128)",/home/grva-mint/Projects/Falhas/Dataset/dataset_74_2000/images/img_1740.npy,/home/grva-mint/Projects/Falhas/Dataset/dataset_74_2000/masks/img_1740.npy
img_1741.npy,0.0,1.0,0.50004125,0.20481941,0,1,"(128, 128, 128)",/home/grva-mint/Projects/Falhas/Dataset/dataset_74_2000/images/img_1741.npy,/home/grva-mint/Projects/Falhas/Dataset/dataset_74_2000/masks/img_1741.npy
img_1742.npy,0.0,1.0,0.49976525,0.19598705,0,1,"(128, 128, 128)",/home/grva-mint/Projects/Falhas/Dataset/dataset_74_2000/images/img_1742.npy,/home/grva-mint/Projects/Falhas/Dataset/dataset_74_2000/masks/img_1742.npy
img_1743.npy,0.0,1.0,0.4993546,0.20407195,0,0,"(128, 128, 128)",/home/grva-mint/Projects/Falhas/Dataset/dataset_74_2000/images/img_1743.npy,/home/grva-mint/Projects/Falhas/Dataset/dataset_74_2000/masks/img_1743.npy
img_1744.npy,0.0,1.0,0.50039387,0.20401926,0,1,"(128, 128, 128)",/home/grva-mint/Projects/Falhas/Dataset/dataset_74_2000/images/img_1744.npy,/home/grva-mint/Projects/Falhas/Dataset/dataset_74_2000/masks/img_1744.npy
img_1745.npy,0.0,1.0,0.50063235,0.20448098,0,1,"(128, 128, 128)",/home/grva-mint/Projects/Falhas/Dataset/dataset_74_2000/images/img_1745.npy,/home/grva-mint/Projects/Falhas/Dataset/dataset_74_2000/masks/img_1745.npy
img_1746.npy,0.0,1.0,0.49985662,0.20667572,0,1,"(128, 128, 128)",/home/grva-mint/Projects/Falhas/Dataset/dataset_74_2000/images/img_1746.npy,/home/grva-mint/Projects/Falhas/Dataset/dataset_74_2000/masks/img_1746.npy
img_1747.npy,0.0,1.0,0.50017154,0.20552354,0,1,"(128, 128, 128)",/home/grva-mint/Projects/Falhas/Dataset/dataset_74_2000/images/img_1747.npy,/home/grva-mint/Projects/Falhas/Dataset/dataset_74_2000/masks/img_1747.npy
img_1748.npy,0.0,1.0,0.49979106,0.2056858,0,1,"(128, 128, 128)",/home/grva-mint/Projects/Falhas/Dataset/dataset_74_2000/images/img_1748.npy,/home/grva-mint/Projects/Falhas/Dataset/dataset_74_2000/masks/img_1748.npy
img_1749.npy,0.0,1.0,0.49947706,0.20312259,0,0,"(128, 128, 128)",/home/grva-mint/Projects/Falhas/Dataset/dataset_74_2000/images/img_1749.npy,/home/grva-mint/Projects/Falhas/Dataset/dataset_74_2000/masks/img_1749.npy
img_1750.npy,0.0,1.0,0.50032264,0.20541124,0,1,"(128, 128, 128)",/home/grva-mint/Projects/Falhas/Dataset/dataset_74_2000/images/img_1750.npy,/home/grva-mint/Projects/Falhas/Dataset/dataset_74_2000/masks/img_1750.npy
img_1751.npy,0.0,1.0,0.49980327,0.20587823,0,1,"(128, 128, 128)",/home/grva-mint/Projects/Falhas/Dataset/dataset_74_2000/images/img_1751.npy,/home/grva-mint/Projects/Falhas/Dataset/dataset_74_2000/masks/img_1751.npy
img_1752.npy,0.0,1.0,0.500618,0.20455636,0,1,"(128, 128, 128)",/home/grva-mint/Projects/Falhas/Dataset/dataset_74_2000/images/img_1752.npy,/home/grva-mint/Projects/Falhas/Dataset/dataset_74_2000/masks/img_1752.npy
img_1753.npy,0.0,1.0,0.5003703,0.20117956,0,0,"(128, 128, 128)",/home/grva-mint/Projects/Falhas/Dataset/dataset_74_2000/images/img_1753.npy,/home/grva-mint/Projects/Falhas/Dataset/dataset_74_2000/masks/img_1753.npy
img_1754.npy,0.0,1.0,0.499437,0.20491627,0,1,"(128, 128, 128)",/home/grva-mint/Projects/Falhas/Dataset/dataset_74_2000/images/img_1754.npy,/home/grva-mint/Projects/Falhas/Dataset/dataset_74_2000/masks/img_1754.npy
img_1755.npy,0.0,1.0,0.49980405,0.19979832,0,1,"(128, 128, 128)",/home/grva-mint/Projects/Falhas/Dataset/dataset_74_2000/images/img_1755.npy,/home/grva-mint/Projects/Falhas/Dataset/dataset_74_2000/masks/img_1755.npy
img_1756.npy,0.0,1.0,0.5019582,0.19824062,0,1,"(128, 128, 128)",/home/grva-mint/Projects/Falhas/Dataset/dataset_74_2000/images/img_1756.npy,/home/grva-mint/Projects/Falhas/Dataset/dataset_74_2000/masks/img_1756.npy
img_1757.npy,0.0,1.0,0.5006163,0.1969238,0,1,"(128, 128, 128)",/home/grva-mint/Projects/Falhas/Dataset/dataset_74_2000/images/img_1757.npy,/home/grva-mint/Projects/Falhas/Dataset/dataset_74_2000/masks/img_1757.npy
img_1758.npy,0.0,1.0,0.49971604,0.20434438,0,1,"(128, 128, 128)",/home/grva-mint/Projects/Falhas/Dataset/dataset_74_2000/images/img_1758.npy,/home/grva-mint/Projects/Falhas/Dataset/dataset_74_2000/masks/img_1758.npy
img_1759.npy,0.0,1.0,0.50013983,0.20242354,0,1,"(128, 128, 128)",/home/grva-mint/Projects/Falhas/Dataset/dataset_74_2000/images/img_1759.npy,/home/grva-mint/Projects/Falhas/Dataset/dataset_74_2000/masks/img_1759.npy
img_1760.npy,0.0,1.0,0.5004728,0.20357007,0,1,"(128, 128, 128)",/home/grva-mint/Projects/Falhas/Dataset/dataset_74_2000/images/img_1760.npy,/home/grva-mint/Projects/Falhas/Dataset/dataset_74_2000/masks/img_1760.npy
img_1761.npy,0.0,1.0,0.49934524,0.20437428,0,1,"(128, 128, 128)",/home/grva-mint/Projects/Falhas/Dataset/dataset_74_2000/images/img_1761.npy,/home/grva-mint/Projects/Falhas/Dataset/dataset_74_2000/masks/img_1761.npy
img_1762.npy,0.0,1.0,0.50012505,0.20627591,0,1,"(128, 128, 128)",/home/grva-mint/Projects/Falhas/Dataset/dataset_74_2000/images/img_1762.npy,/home/grva-mint/Projects/Falhas/Dataset/dataset_74_2000/masks/img_1762.npy
img_1763.npy,0.0,1.0,0.4969959,0.19700181,0,1,"(128, 128, 128)",/home/grva-mint/Projects/Falhas/Dataset/dataset_74_2000/images/img_1763.npy,/home/grva-mint/Projects/Falhas/Dataset/dataset_74_2000/masks/img_1763.npy
img_1764.npy,0.0,1.0,0.50103647,0.20263712,0,1,"(128, 128, 128)",/home/grva-mint/Projects/Falhas/Dataset/dataset_74_2000/images/img_1764.npy,/home/grva-mint/Projects/Falhas/Dataset/dataset_74_2000/masks/img_1764.npy
img_1765.npy,0.0,1.0,0.5025374,0.19761068,0,1,"(128, 128, 128)",/home/grva-mint/Projects/Falhas/Dataset/dataset_74_2000/images/img_1765.npy,/home/grva-mint/Projects/Falhas/Dataset/dataset_74_2000/masks/img_1765.npy
img_1766.npy,0.0,1.0,0.49975282,0.20154503,0,1,"(128, 128, 128)",/home/grva-mint/Projects/Falhas/Dataset/dataset_74_2000/images/img_1766.npy,/home/grva-mint/Projects/Falhas/Dataset/dataset_74_2000/masks/img_1766.npy
img_1767.npy,0.0,1.0,0.5002509,0.20531845,0,1,"(128, 128, 128)",/home/grva-mint/Projects/Falhas/Dataset/dataset_74_2000/images/img_1767.npy,/home/grva-mint/Projects/Falhas/Dataset/dataset_74_2000/masks/img_1767.npy
img_1768.npy,0.0,1.0,0.49917778,0.20080455,0,0,"(128, 128, 128)",/home/grva-mint/Projects/Falhas/Dataset/dataset_74_2000/images/img_1768.npy,/home/grva-mint/Projects/Falhas/Dataset/dataset_74_2000/masks/img_1768.npy
img_1769.npy,0.0,1.0,0.5003503,0.20401667,0,1,"(128, 128, 128)",/home/grva-mint/Projects/Falhas/Dataset/dataset_74_2000/images/img_1769.npy,/home/grva-mint/Projects/Falhas/Dataset/dataset_74_2000/masks/img_1769.npy
img_1770.npy,0.0,1.0,0.50163037,0.19220088,0,1,"(128, 128, 128)",/home/grva-mint/Projects/Falhas/Dataset/dataset_74_2000/images/img_1770.npy,/home/grva-mint/Projects/Falhas/Dataset/dataset_74_2000/masks/img_1770.npy
img_1771.npy,0.0,1.0,0.5001113,0.20620717,0,0,"(128, 128, 128)",/home/grva-mint/Projects/Falhas/Dataset/dataset_74_2000/images/img_1771.npy,/home/grva-mint/Projects/Falhas/Dataset/dataset_74_2000/masks/img_1771.npy
img_1772.npy,0.0,1.0,0.4999838,0.20551716,0,1,"(128, 128, 128)",/home/grva-mint/Projects/Falhas/Dataset/dataset_74_2000/images/img_1772.npy,/home/grva-mint/Projects/Falhas/Dataset/dataset_74_2000/masks/img_1772.npy
img_1773.npy,0.0,1.0,0.49765134,0.19733976,0,1,"(128, 128, 128)",/home/grva-mint/Projects/Falhas/Dataset/dataset_74_2000/images/img_1773.npy,/home/grva-mint/Projects/Falhas/Dataset/dataset_74_2000/masks/img_1773.npy
img_1774.npy,0.0,1.0,0.50102115,0.2037131,0,1,"(128, 128, 128)",/home/grva-mint/Projects/Falhas/Dataset/dataset_74_2000/images/img_1774.npy,/home/grva-mint/Projects/Falhas/Dataset/dataset_74_2000/masks/img_1774.npy
img_1775.npy,0.0,1.0,0.50193155,0.19960898,0,1,"(128, 128, 128)",/home/grva-mint/Projects/Falhas/Dataset/dataset_74_2000/images/img_1775.npy,/home/grva-mint/Projects/Falhas/Dataset/dataset_74_2000/masks/img_1775.npy
img_1776.npy,0.0,1.0,0.49843267,0.20263207,0,1,"(128, 128, 128)",/home/grva-mint/Projects/Falhas/Dataset/dataset_74_2000/images/img_1776.npy,/home/grva-mint/Projects/Falhas/Dataset/dataset_74_2000/masks/img_1776.npy
img_1777.npy,0.0,1.0,0.5000166,0.20299537,0,1,"(128, 128, 128)",/home/grva-mint/Projects/Falhas/Dataset/dataset_74_2000/images/img_1777.npy,/home/grva-mint/Projects/Falhas/Dataset/dataset_74_2000/masks/img_1777.npy
img_1778.npy,0.0,1.0,0.49982744,0.20617552,0,1,"(128, 128, 128)",/home/grva-mint/Projects/Falhas/Dataset/dataset_74_2000/images/img_1778.npy,/home/grva-mint/Projects/Falhas/Dataset/dataset_74_2000/masks/img_1778.npy
img_1779.npy,0.0,1.0,0.50018513,0.1980492,0,1,"(128, 128, 128)",/home/grva-mint/Projects/Falhas/Dataset/dataset_74_2000/images/img_1779.npy,/home/grva-mint/Projects/Falhas/Dataset/dataset_74_2000/masks/img_1779.npy
img_1780.npy,0.0,1.0,0.49985918,0.20416501,0,1,"(128, 128, 128)",/home/grva-mint/Projects/Falhas/Dataset/dataset_74_2000/images/img_1780.npy,/home/grva-mint/Projects/Falhas/Dataset/dataset_74_2000/masks/img_1780.npy
img_1781.npy,0.0,1.0,0.49974754,0.20562638,0,1,"(128, 128, 128)",/home/grva-mint/Projects/Falhas/Dataset/dataset_74_2000/images/img_1781.npy,/home/grva-mint/Projects/Falhas/Dataset/dataset_74_2000/masks/img_1781.npy
img_1782.npy,0.0,1.0,0.5014104,0.20148896,0,1,"(128, 128, 128)",/home/grva-mint/Projects/Falhas/Dataset/dataset_74_2000/images/img_1782.npy,/home/grva-mint/Projects/Falhas/Dataset/dataset_74_2000/masks/img_1782.npy
img_1783.npy,0.0,1.0,0.50129336,0.20286204,0,0,"(128, 128, 128)",/home/grva-mint/Projects/Falhas/Dataset/dataset_74_2000/images/img_1783.npy,/home/grva-mint/Projects/Falhas/Dataset/dataset_74_2000/masks/img_1783.npy
img_1784.npy,0.0,1.0,0.49997112,0.20485762,0,1,"(128, 128, 128)",/home/grva-mint/Projects/Falhas/Dataset/dataset_74_2000/images/img_1784.npy,/home/grva-mint/Projects/Falhas/Dataset/dataset_74_2000/masks/img_1784.npy
img_1785.npy,0.0,1.0,0.49991804,0.20571662,0,1,"(128, 128, 128)",/home/grva-mint/Projects/Falhas/Dataset/dataset_74_2000/images/img_1785.npy,/home/grva-mint/Projects/Falhas/Dataset/dataset_74_2000/masks/img_1785.npy
img_1786.npy,0.0,1.0,0.5000644,0.2054463,0,1,"(128, 128, 128)",/home/grva-mint/Projects/Falhas/Dataset/dataset_74_2000/images/img_1786.npy,/home/grva-mint/Projects/Falhas/Dataset/dataset_74_2000/masks/img_1786.npy
img_1787.npy,0.0,1.0,0.50138384,0.19625734,0,1,"(128, 128, 128)",/home/grva-mint/Projects/Falhas/Dataset/dataset_74_2000/images/img_1787.npy,/home/grva-mint/Projects/Falhas/Dataset/dataset_74_2000/masks/img_1787.npy
img_1788.npy,0.0,1.0,0.5001949,0.20453547,0,1,"(128, 128, 128)",/home/grva-mint/Projects/Falhas/Dataset/dataset_74_2000/images/img_1788.npy,/home/grva-mint/Projects/Falhas/Dataset/dataset_74_2000/masks/img_1788.npy
img_1789.npy,0.0,1.0,0.49990374,0.20629826,0,1,"(128, 128, 128)",/home/grva-mint/Projects/Falhas/Dataset/dataset_74_2000/images/img_1789.npy,/home/grva-mint/Projects/Falhas/Dataset/dataset_74_2000/masks/img_1789.npy
img_1790.npy,0.0,1.0,0.4980498,0.19176657,0,1,"(128, 128, 128)",/home/grva-mint/Projects/Falhas/Dataset/dataset_74_2000/images/img_1790.npy,/home/grva-mint/Projects/Falhas/Dataset/dataset_74_2000/masks/img_1790.npy
img_1791.npy,0.0,1.0,0.49914598,0.20413856,0,1,"(128, 128, 128)",/home/grva-mint/Projects/Falhas/Dataset/dataset_74_2000/images/img_1791.npy,/home/grva-mint/Projects/Falhas/Dataset/dataset_74_2000/masks/img_1791.npy
img_1792.npy,0.0,1.0,0.49981523,0.20498464,0,1,"(128, 128, 128)",/home/grva-mint/Projects/Falhas/Dataset/dataset_74_2000/images/img_1792.npy,/home/grva-mint/Projects/Falhas/Dataset/dataset_74_2000/masks/img_1792.npy
img_1793.npy,0.0,1.0,0.49969152,0.20506716,0,1,"(128, 128, 128)",/home/grva-mint/Projects/Falhas/Dataset/dataset_74_2000/images/img_1793.npy,/home/grva-mint/Projects/Falhas/Dataset/dataset_74_2000/masks/img_1793.npy
img_1794.npy,0.0,1.0,0.50157076,0.20008494,0,1,"(128, 128, 128)",/home/grva-mint/Projects/Falhas/Dataset/dataset_74_2000/images/img_1794.npy,/home/grva-mint/Projects/Falhas/Dataset/dataset_74_2000/masks/img_1794.npy
img_1795.npy,0.0,1.0,0.49875784,0.19856754,0,1,"(128, 128, 128)",/home/grva-mint/Projects/Falhas/Dataset/dataset_74_2000/images/img_1795.npy,/home/grva-mint/Projects/Falhas/Dataset/dataset_74_2000/masks/img_1795.npy
img_1796.npy,0.0,1.0,0.49947816,0.2045602,0,1,"(128, 128, 128)",/home/grva-mint/Projects/Falhas/Dataset/dataset_74_2000/images/img_1796.npy,/home/grva-mint/Projects/Falhas/Dataset/dataset_74_2000/masks/img_1796.npy
img_1797.npy,0.0,1.0,0.5006257,0.20305866,0,1,"(128, 128, 128)",/home/grva-mint/Projects/Falhas/Dataset/dataset_74_2000/images/img_1797.npy,/home/grva-mint/Projects/Falhas/Dataset/dataset_74_2000/masks/img_1797.npy
img_1798.npy,0.0,1.0,0.4985718,0.19910716,0,1,"(128, 128, 128)",/home/grva-mint/Projects/Falhas/Dataset/dataset_74_2000/images/img_1798.npy,/home/grva-mint/Projects/Falhas/Dataset/dataset_74_2000/masks/img_1798.npy
img_1799.npy,0.0,1.0,0.49900272,0.20150253,0,1,"(128, 128, 128)",/home/grva-mint/Projects/Falhas/Dataset/dataset_74_2000/images/img_1799.npy,/home/grva-mint/Projects/Falhas/Dataset/dataset_74_2000/masks/img_1799.npy
img_1800.npy,0.0,1.0,0.49986386,0.20395018,0,1,"(128, 128, 128)",/home/grva-mint/Projects/Falhas/Dataset/dataset_74_2000/images/img_1800.npy,/home/grva-mint/Projects/Falhas/Dataset/dataset_74_2000/masks/img_1800.npy
img_1801.npy,0.0,1.0,0.5004373,0.20437568,0,1,"(128, 128, 128)",/home/grva-mint/Projects/Falhas/Dataset/dataset_74_2000/images/img_1801.npy,/home/grva-mint/Projects/Falhas/Dataset/dataset_74_2000/masks/img_1801.npy
img_1802.npy,0.0,1.0,0.5005082,0.20171732,0,1,"(128, 128, 128)",/home/grva-mint/Projects/Falhas/Dataset/dataset_74_2000/images/img_1802.npy,/home/grva-mint/Projects/Falhas/Dataset/dataset_74_2000/masks/img_1802.npy
img_1803.npy,0.0,1.0,0.49915025,0.202562,0,0,"(128, 128, 128)",/home/grva-mint/Projects/Falhas/Dataset/dataset_74_2000/images/img_1803.npy,/home/grva-mint/Projects/Falhas/Dataset/dataset_74_2000/masks/img_1803.npy
img_1804.npy,0.0,1.0,0.4998784,0.20586729,0,0,"(128, 128, 128)",/home/grva-mint/Projects/Falhas/Dataset/dataset_74_2000/images/img_1804.npy,/home/grva-mint/Projects/Falhas/Dataset/dataset_74_2000/masks/img_1804.npy
img_1805.npy,0.0,1.0,0.49909836,0.20326503,0,1,"(128, 128, 128)",/home/grva-mint/Projects/Falhas/Dataset/dataset_74_2000/images/img_1805.npy,/home/grva-mint/Projects/Falhas/Dataset/dataset_74_2000/masks/img_1805.npy
img_1806.npy,0.0,1.0,0.49983144,0.20510764,0,1,"(128, 128, 128)",/home/grva-mint/Projects/Falhas/Dataset/dataset_74_2000/images/img_1806.npy,/home/grva-mint/Projects/Falhas/Dataset/dataset_74_2000/masks/img_1806.npy
img_1807.npy,0.0,1.0,0.50010204,0.20436805,0,1,"(128, 128, 128)",/home/grva-mint/Projects/Falhas/Dataset/dataset_74_2000/images/img_1807.npy,/home/grva-mint/Projects/Falhas/Dataset/dataset_74_2000/masks/img_1807.npy
img_1808.npy,0.0,1.0,0.5001671,0.20586547,0,1,"(128, 128, 128)",/home/grva-mint/Projects/Falhas/Dataset/dataset_74_2000/images/img_1808.npy,/home/grva-mint/Projects/Falhas/Dataset/dataset_74_2000/masks/img_1808.npy
img_1809.npy,0.0,1.0,0.4999212,0.20481409,0,0,"(128, 128, 128)",/home/grva-mint/Projects/Falhas/Dataset/dataset_74_2000/images/img_1809.npy,/home/grva-mint/Projects/Falhas/Dataset/dataset_74_2000/masks/img_1809.npy
img_1810.npy,0.0,1.0,0.4994535,0.20281251,0,1,"(128, 128, 128)",/home/grva-mint/Projects/Falhas/Dataset/dataset_74_2000/images/img_1810.npy,/home/grva-mint/Projects/Falhas/Dataset/dataset_74_2000/masks/img_1810.npy
img_1811.npy,0.0,1.0,0.49980325,0.2057214,0,1,"(128, 128, 128)",/home/grva-mint/Projects/Falhas/Dataset/dataset_74_2000/images/img_1811.npy,/home/grva-mint/Projects/Falhas/Dataset/dataset_74_2000/masks/img_1811.npy
img_1812.npy,0.0,1.0,0.49958557,0.20013022,0,1,"(128, 128, 128)",/home/grva-mint/Projects/Falhas/Dataset/dataset_74_2000/images/img_1812.npy,/home/grva-mint/Projects/Falhas/Dataset/dataset_74_2000/masks/img_1812.npy
img_1813.npy,0.0,1.0,0.4997611,0.20623097,0,1,"(128, 128, 128)",/home/grva-mint/Projects/Falhas/Dataset/dataset_74_2000/images/img_1813.npy,/home/grva-mint/Projects/Falhas/Dataset/dataset_74_2000/masks/img_1813.npy
img_1814.npy,0.0,1.0,0.4998094,0.20634618,0,1,"(128, 128, 128)",/home/grva-mint/Projects/Falhas/Dataset/dataset_74_2000/images/img_1814.npy,/home/grva-mint/Projects/Falhas/Dataset/dataset_74_2000/masks/img_1814.npy
img_1815.npy,0.0,1.0,0.4991898,0.20334439,0,1,"(128, 128, 128)",/home/grva-mint/Projects/Falhas/Dataset/dataset_74_2000/images/img_1815.npy,/home/grva-mint/Projects/Falhas/Dataset/dataset_74_2000/masks/img_1815.npy
img_1816.npy,0.0,1.0,0.5012496,0.19842802,0,1,"(128, 128, 128)",/home/grva-mint/Projects/Falhas/Dataset/dataset_74_2000/images/img_1816.npy,/home/grva-mint/Projects/Falhas/Dataset/dataset_74_2000/masks/img_1816.npy
img_1817.npy,0.0,1.0,0.50177634,0.20027162,0,1,"(128, 128, 128)",/home/grva-mint/Projects/Falhas/Dataset/dataset_74_2000/images/img_1817.npy,/home/grva-mint/Projects/Falhas/Dataset/dataset_74_2000/masks/img_1817.npy
img_1818.npy,0.0,1.0,0.5010083,0.1997549,0,1,"(128, 128, 128)",/home/grva-mint/Projects/Falhas/Dataset/dataset_74_2000/images/img_1818.npy,/home/grva-mint/Projects/Falhas/Dataset/dataset_74_2000/masks/img_1818.npy
img_1819.npy,0.0,1.0,0.50083214,0.20343848,0,1,"(128, 128, 128)",/home/grva-mint/Projects/Falhas/Dataset/dataset_74_2000/images/img_1819.npy,/home/grva-mint/Projects/Falhas/Dataset/dataset_74_2000/masks/img_1819.npy
img_1820.npy,0.0,1.0,0.4995918,0.20423923,0,1,"(128, 128, 128)",/home/grva-mint/Projects/Falhas/Dataset/dataset_74_2000/images/img_1820.npy,/home/grva-mint/Projects/Falhas/Dataset/dataset_74_2000/masks/img_1820.npy
img_1821.npy,0.0,1.0,0.49909392,0.20370924,0,1,"(128, 128, 128)",/home/grva-mint/Projects/Falhas/Dataset/dataset_74_2000/images/img_1821.npy,/home/grva-mint/Projects/Falhas/Dataset/dataset_74_2000/masks/img_1821.npy
img_1822.npy,0.0,1.0,0.4997666,0.20538148,0,1,"(128, 128, 128)",/home/grva-mint/Projects/Falhas/Dataset/dataset_74_2000/images/img_1822.npy,/home/grva-mint/Projects/Falhas/Dataset/dataset_74_2000/masks/img_1822.npy
img_1823.npy,0.0,1.0,0.50314945,0.18926042,0,1,"(128, 128, 128)",/home/grva-mint/Projects/Falhas/Dataset/dataset_74_2000/images/img_1823.npy,/home/grva-mint/Projects/Falhas/Dataset/dataset_74_2000/masks/img_1823.npy
img_1824.npy,0.0,1.0,0.5012857,0.19845022,0,0,"(128, 128, 128)",/home/grva-mint/Projects/Falhas/Dataset/dataset_74_2000/images/img_1824.npy,/home/grva-mint/Projects/Falhas/Dataset/dataset_74_2000/masks/img_1824.npy
img_1825.npy,0.0,1.0,0.49988398,0.20622024,0,1,"(128, 128, 128)",/home/grva-mint/Projects/Falhas/Dataset/dataset_74_2000/images/img_1825.npy,/home/grva-mint/Projects/Falhas/Dataset/dataset_74_2000/masks/img_1825.npy
img_1826.npy,0.0,1.0,0.5005913,0.20394956,0,1,"(128, 128, 128)",/home/grva-mint/Projects/Falhas/Dataset/dataset_74_2000/images/img_1826.npy,/home/grva-mint/Projects/Falhas/Dataset/dataset_74_2000/masks/img_1826.npy
img_1827.npy,0.0,1.0,0.49980915,0.20439388,0,1,"(128, 128, 128)",/home/grva-mint/Projects/Falhas/Dataset/dataset_74_2000/images/img_1827.npy,/home/grva-mint/Projects/Falhas/Dataset/dataset_74_2000/masks/img_1827.npy
img_1828.npy,0.0,1.0,0.49924055,0.20457256,0,1,"(128, 128, 128)",/home/grva-mint/Projects/Falhas/Dataset/dataset_74_2000/images/img_1828.npy,/home/grva-mint/Projects/Falhas/Dataset/dataset_74_2000/masks/img_1828.npy
img_1829.npy,0.0,1.0,0.49924842,0.2007277,0,1,"(128, 128, 128)",/home/grva-mint/Projects/Falhas/Dataset/dataset_74_2000/images/img_1829.npy,/home/grva-mint/Projects/Falhas/Dataset/dataset_74_2000/masks/img_1829.npy
img_1830.npy,0.0,1.0,0.50003517,0.2044588,0,1,"(128, 128, 128)",/home/grva-mint/Projects/Falhas/Dataset/dataset_74_2000/images/img_1830.npy,/home/grva-mint/Projects/Falhas/Dataset/dataset_74_2000/masks/img_1830.npy
img_1831.npy,0.0,1.0,0.49972537,0.20409021,0,1,"(128, 128, 128)",/home/grva-mint/Projects/Falhas/Dataset/dataset_74_2000/images/img_1831.npy,/home/grva-mint/Projects/Falhas/Dataset/dataset_74_2000/masks/img_1831.npy
img_1832.npy,0.0,1.0,0.50034755,0.20312989,0,1,"(128, 128, 128)",/home/grva-mint/Projects/Falhas/Dataset/dataset_74_2000/images/img_1832.npy,/home/grva-mint/Projects/Falhas/Dataset/dataset_74_2000/masks/img_1832.npy
img_1833.npy,0.0,1.0,0.50046766,0.19945018,0,0,"(128, 128, 128)",/home/grva-mint/Projects/Falhas/Dataset/dataset_74_2000/images/img_1833.npy,/home/grva-mint/Projects/Falhas/Dataset/dataset_74_2000/masks/img_1833.npy
img_1834.npy,0.0,1.0,0.4997241,0.20625843,0,1,"(128, 128, 128)",/home/grva-mint/Projects/Falhas/Dataset/dataset_74_2000/images/img_1834.npy,/home/grva-mint/Projects/Falhas/Dataset/dataset_74_2000/masks/img_1834.npy
img_1835.npy,0.0,1.0,0.49991408,0.20396121,0,1,"(128, 128, 128)",/home/grva-mint/Projects/Falhas/Dataset/dataset_74_2000/images/img_1835.npy,/home/grva-mint/Projects/Falhas/Dataset/dataset_74_2000/masks/img_1835.npy
img_1836.npy,0.0,1.0,0.49934936,0.20341936,0,1,"(128, 128, 128)",/home/grva-mint/Projects/Falhas/Dataset/dataset_74_2000/images/img_1836.npy,/home/grva-mint/Projects/Falhas/Dataset/dataset_74_2000/masks/img_1836.npy
img_1837.npy,0.0,1.0,0.50131935,0.19661824,0,1,"(128, 128, 128)",/home/grva-mint/Projects/Falhas/Dataset/dataset_74_2000/images/img_1837.npy,/home/grva-mint/Projects/Falhas/Dataset/dataset_74_2000/masks/img_1837.npy
img_1838.npy,0.0,1.0,0.4983673,0.20163472,0,1,"(128, 128, 128)",/home/grva-mint/Projects/Falhas/Dataset/dataset_74_2000/images/img_1838.npy,/home/grva-mint/Projects/Falhas/Dataset/dataset_74_2000/masks/img_1838.npy
img_1839.npy,0.0,1.0,0.4999633,0.20548342,0,1,"(128, 128, 128)",/home/grva-mint/Projects/Falhas/Dataset/dataset_74_2000/images/img_1839.npy,/home/grva-mint/Projects/Falhas/Dataset/dataset_74_2000/masks/img_1839.npy
img_1840.npy,0.0,1.0,0.49963385,0.20459437,0,1,"(128, 128, 128)",/home/grva-mint/Projects/Falhas/Dataset/dataset_74_2000/images/img_1840.npy,/home/grva-mint/Projects/Falhas/Dataset/dataset_74_2000/masks/img_1840.npy
img_1841.npy,0.0,1.0,0.5001365,0.20578526,0,1,"(128, 128, 128)",/home/grva-mint/Projects/Falhas/Dataset/dataset_74_2000/images/img_1841.npy,/home/grva-mint/Projects/Falhas/Dataset/dataset_74_2000/masks/img_1841.npy
img_1842.npy,0.0,1.0,0.5000362,0.20395762,0,1,"(128, 128, 128)",/home/grva-mint/Projects/Falhas/Dataset/dataset_74_2000/images/img_1842.npy,/home/grva-mint/Projects/Falhas/Dataset/dataset_74_2000/masks/img_1842.npy
img_1843.npy,0.0,1.0,0.50047815,0.20535754,0,1,"(128, 128, 128)",/home/grva-mint/Projects/Falhas/Dataset/dataset_74_2000/images/img_1843.npy,/home/grva-mint/Projects/Falhas/Dataset/dataset_74_2000/masks/img_1843.npy
img_1844.npy,0.0,1.0,0.50063795,0.20399936,0,0,"(128, 128, 128)",/home/grva-mint/Projects/Falhas/Dataset/dataset_74_2000/images/img_1844.npy,/home/grva-mint/Projects/Falhas/Dataset/dataset_74_2000/masks/img_1844.npy
img_1845.npy,0.0,1.0,0.49991435,0.20684995,0,0,"(128, 128, 128)",/home/grva-mint/Projects/Falhas/Dataset/dataset_74_2000/images/img_1845.npy,/home/grva-mint/Projects/Falhas/Dataset/dataset_74_2000/masks/img_1845.npy
img_1846.npy,0.0,1.0,0.49790835,0.19853026,0,1,"(128, 128, 128)",/home/grva-mint/Projects/Falhas/Dataset/dataset_74_2000/images/img_1846.npy,/home/grva-mint/Projects/Falhas/Dataset/dataset_74_2000/masks/img_1846.npy
img_1847.npy,0.0,1.0,0.49924135,0.20266409,0,1,"(128, 128, 128)",/home/grva-mint/Projects/Falhas/Dataset/dataset_74_2000/images/img_1847.npy,/home/grva-mint/Projects/Falhas/Dataset/dataset_74_2000/masks/img_1847.npy
img_1848.npy,0.0,1.0,0.5008594,0.20261511,0,1,"(128, 128, 128)",/home/grva-mint/Projects/Falhas/Dataset/dataset_74_2000/images/img_1848.npy,/home/grva-mint/Projects/Falhas/Dataset/dataset_74_2000/masks/img_1848.npy
img_1849.npy,0.0,1.0,0.50029814,0.20504516,0,1,"(128, 128, 128)",/home/grva-mint/Projects/Falhas/Dataset/dataset_74_2000/images/img_1849.npy,/home/grva-mint/Projects/Falhas/Dataset/dataset_74_2000/masks/img_1849.npy
img_1850.npy,0.0,1.0,0.4998008,0.2046792,0,0,"(128, 128, 128)",/home/grva-mint/Projects/Falhas/Dataset/dataset_74_2000/images/img_1850.npy,/home/grva-mint/Projects/Falhas/Dataset/dataset_74_2000/masks/img_1850.npy
img_1851.npy,0.0,1.0,0.49991637,0.20641144,0,1,"(128, 128, 128)",/home/grva-mint/Projects/Falhas/Dataset/dataset_74_2000/images/img_1851.npy,/home/grva-mint/Projects/Falhas/Dataset/dataset_74_2000/masks/img_1851.npy
img_1852.npy,0.0,1.0,0.50005513,0.19371645,0,1,"(128, 128, 128)",/home/grva-mint/Projects/Falhas/Dataset/dataset_74_2000/images/img_1852.npy,/home/grva-mint/Projects/Falhas/Dataset/dataset_74_2000/masks/img_1852.npy
img_1853.npy,0.0,1.0,0.49976116,0.20543759,0,1,"(128, 128, 128)",/home/grva-mint/Projects/Falhas/Dataset/dataset_74_2000/images/img_1853.npy,/home/grva-mint/Projects/Falhas/Dataset/dataset_74_2000/masks/img_1853.npy
img_1854.npy,0.0,1.0,0.49964553,0.20366041,0,1,"(128, 128, 128)",/home/grva-mint/Projects/Falhas/Dataset/dataset_74_2000/images/img_1854.npy,/home/grva-mint/Projects/Falhas/Dataset/dataset_74_2000/masks/img_1854.npy
img_1855.npy,0.0,1.0,0.49881977,0.20014893,0,1,"(128, 128, 128)",/home/grva-mint/Projects/Falhas/Dataset/dataset_74_2000/images/img_1855.npy,/home/grva-mint/Projects/Falhas/Dataset/dataset_74_2000/masks/img_1855.npy
img_1856.npy,0.0,1.0,0.5009459,0.20300733,0,1,"(128, 128, 128)",/home/grva-mint/Projects/Falhas/Dataset/dataset_74_2000/images/img_1856.npy,/home/grva-mint/Projects/Falhas/Dataset/dataset_74_2000/masks/img_1856.npy
img_1857.npy,0.0,1.0,0.4999004,0.2064316,0,1,"(128, 128, 128)",/home/grva-mint/Projects/Falhas/Dataset/dataset_74_2000/images/img_1857.npy,/home/grva-mint/Projects/Falhas/Dataset/dataset_74_2000/masks/img_1857.npy
img_1858.npy,0.0,1.0,0.5008588,0.20438291,0,0,"(128, 128, 128)",/home/grva-mint/Projects/Falhas/Dataset/dataset_74_2000/images/img_1858.npy,/home/grva-mint/Projects/Falhas/Dataset/dataset_74_2000/masks/img_1858.npy
img_1859.npy,0.0,1.0,0.50056934,0.20362142,0,1,"(128, 128, 128)",/home/grva-mint/Projects/Falhas/Dataset/dataset_74_2000/images/img_1859.npy,/home/grva-mint/Projects/Falhas/Dataset/dataset_74_2000/masks/img_1859.npy
img_1860.npy,0.0,1.0,0.50425476,0.18444791,0,1,"(128, 128, 128)",/home/grva-mint/Projects/Falhas/Dataset/dataset_74_2000/images/img_1860.npy,/home/grva-mint/Projects/Falhas/Dataset/dataset_74_2000/masks/img_1860.npy
img_1861.npy,0.0,1.0,0.50030875,0.20389904,0,1,"(128, 128, 128)",/home/grva-mint/Projects/Falhas/Dataset/dataset_74_2000/images/img_1861.npy,/home/grva-mint/Projects/Falhas/Dataset/dataset_74_2000/masks/img_1861.npy
img_1862.npy,0.0,1.0,0.4994868,0.20566739,0,1,"(128, 128, 128)",/home/grva-mint/Projects/Falhas/Dataset/dataset_74_2000/images/img_1862.npy,/home/grva-mint/Projects/Falhas/Dataset/dataset_74_2000/masks/img_1862.npy
img_1863.npy,0.0,1.0,0.49890736,0.2033345,0,1,"(128, 128, 128)",/home/grva-mint/Projects/Falhas/Dataset/dataset_74_2000/images/img_1863.npy,/home/grva-mint/Projects/Falhas/Dataset/dataset_74_2000/masks/img_1863.npy
img_1864.npy,0.0,1.0,0.49976113,0.20621844,0,1,"(128, 128, 128)",/home/grva-mint/Projects/Falhas/Dataset/dataset_74_2000/images/img_1864.npy,/home/grva-mint/Projects/Falhas/Dataset/dataset_74_2000/masks/img_1864.npy
img_1865.npy,0.0,1.0,0.50001097,0.2054543,0,1,"(128, 128, 128)",/home/grva-mint/Projects/Falhas/Dataset/dataset_74_2000/images/img_1865.npy,/home/grva-mint/Projects/Falhas/Dataset/dataset_74_2000/masks/img_1865.npy
img_1866.npy,0.0,1.0,0.4964754,0.1921926,0,1,"(128, 128, 128)",/home/grva-mint/Projects/Falhas/Dataset/dataset_74_2000/images/img_1866.npy,/home/grva-mint/Projects/Falhas/Dataset/dataset_74_2000/masks/img_1866.npy
img_1867.npy,0.0,1.0,0.4998374,0.20653999,0,1,"(128, 128, 128)",/home/grva-mint/Projects/Falhas/Dataset/dataset_74_2000/images/img_1867.npy,/home/grva-mint/Projects/Falhas/Dataset/dataset_74_2000/masks/img_1867.npy
img_1868.npy,0.0,1.0,0.5012304,0.20137925,0,1,"(128, 128, 128)",/home/grva-mint/Projects/Falhas/Dataset/dataset_74_2000/images/img_1868.npy,/home/grva-mint/Projects/Falhas/Dataset/dataset_74_2000/masks/img_1868.npy
img_1869.npy,0.0,1.0,0.49957517,0.20457898,0,1,"(128, 128, 128)",/home/grva-mint/Projects/Falhas/Dataset/dataset_74_2000/images/img_1869.npy,/home/grva-mint/Projects/Falhas/Dataset/dataset_74_2000/masks/img_1869.npy
img_1870.npy,0.0,1.0,0.5003096,0.20310298,0,1,"(128, 128, 128)",/home/grva-mint/Projects/Falhas/Dataset/dataset_74_2000/images/img_1870.npy,/home/grva-mint/Projects/Falhas/Dataset/dataset_74_2000/masks/img_1870.npy
img_1871.npy,0.0,1.0,0.49927709,0.20357403,0,1,"(128, 128, 128)",/home/grva-mint/Projects/Falhas/Dataset/dataset_74_2000/images/img_1871.npy,/home/grva-mint/Projects/Falhas/Dataset/dataset_74_2000/masks/img_1871.npy
img_1872.npy,0.0,1.0,0.49987733,0.20534098,0,0,"(128, 128, 128)",/home/grva-mint/Projects/Falhas/Dataset/dataset_74_2000/images/img_1872.npy,/home/grva-mint/Projects/Falhas/Dataset/dataset_74_2000/masks/img_1872.npy
img_1873.npy,0.0,1.0,0.49986592,0.20532075,0,1,"(128, 128, 128)",/home/grva-mint/Projects/Falhas/Dataset/dataset_74_2000/images/img_1873.npy,/home/grva-mint/Projects/Falhas/Dataset/dataset_74_2000/masks/img_1873.npy
img_1874.npy,0.0,1.0,0.50488716,0.18933512,0,1,"(128, 128, 128)",/home/grva-mint/Projects/Falhas/Dataset/dataset_74_2000/images/img_1874.npy,/home/grva-mint/Projects/Falhas/Dataset/dataset_74_2000/masks/img_1874.npy
img_1875.npy,0.0,1.0,0.49971375,0.20559172,0,1,"(128, 128, 128)",/home/grva-mint/Projects/Falhas/Dataset/dataset_74_2000/images/img_1875.npy,/home/grva-mint/Projects/Falhas/Dataset/dataset_74_2000/masks/img_1875.npy
img_1876.npy,0.0,1.0,0.49946672,0.20380422,0,1,"(128, 128, 128)",/home/grva-mint/Projects/Falhas/Dataset/dataset_74_2000/images/img_1876.npy,/home/grva-mint/Projects/Falhas/Dataset/dataset_74_2000/masks/img_1876.npy
img_1877.npy,0.0,1.0,0.4999223,0.1825252,0,1,"(128, 128, 128)",/home/grva-mint/Projects/Falhas/Dataset/dataset_74_2000/images/img_1877.npy,/home/grva-mint/Projects/Falhas/Dataset/dataset_74_2000/masks/img_1877.npy
img_1878.npy,0.0,1.0,0.50079566,0.20420133,0,1,"(128, 128, 128)",/home/grva-mint/Projects/Falhas/Dataset/dataset_74_2000/images/img_1878.npy,/home/grva-mint/Projects/Falhas/Dataset/dataset_74_2000/masks/img_1878.npy
img_1879.npy,0.0,1.0,0.49794585,0.19586372,0,1,"(128, 128, 128)",/home/grva-mint/Projects/Falhas/Dataset/dataset_74_2000/images/img_1879.npy,/home/grva-mint/Projects/Falhas/Dataset/dataset_74_2000/masks/img_1879.npy
img_1880.npy,0.0,1.0,0.49983063,0.20632759,0,1,"(128, 128, 128)",/home/grva-mint/Projects/Falhas/Dataset/dataset_74_2000/images/img_1880.npy,/home/grva-mint/Projects/Falhas/Dataset/dataset_74_2000/masks/img_1880.npy
img_1881.npy,0.0,1.0,0.49991772,0.20685047,0,1,"(128, 128, 128)",/home/grva-mint/Projects/Falhas/Dataset/dataset_74_2000/images/img_1881.npy,/home/grva-mint/Projects/Falhas/Dataset/dataset_74_2000/masks/img_1881.npy
img_1882.npy,0.0,1.0,0.50011474,0.20583302,0,1,"(128, 128, 128)",/home/grva-mint/Projects/Falhas/Dataset/dataset_74_2000/images/img_1882.npy,/home/grva-mint/Projects/Falhas/Dataset/dataset_74_2000/masks/img_1882.npy
img_1883.npy,0.0,1.0,0.50018936,0.20496741,0,0,"(128, 128, 128)",/home/grva-mint/Projects/Falhas/Dataset/dataset_74_2000/images/img_1883.npy,/home/grva-mint/Projects/Falhas/Dataset/dataset_74_2000/masks/img_1883.npy
img_1884.npy,0.0,1.0,0.49963358,0.20566003,0,1,"(128, 128, 128)",/home/grva-mint/Projects/Falhas/Dataset/dataset_74_2000/images/img_1884.npy,/home/grva-mint/Projects/Falhas/Dataset/dataset_74_2000/masks/img_1884.npy
img_1885.npy,0.0,1.0,0.49974245,0.20381969,0,1,"(128, 128, 128)",/home/grva-mint/Projects/Falhas/Dataset/dataset_74_2000/images/img_1885.npy,/home/grva-mint/Projects/Falhas/Dataset/dataset_74_2000/masks/img_1885.npy
img_1886.npy,0.0,1.0,0.49998584,0.20306206,0,1,"(128, 128, 128)",/home/grva-mint/Projects/Falhas/Dataset/dataset_74_2000/images/img_1886.npy,/home/grva-mint/Projects/Falhas/Dataset/dataset_74_2000/masks/img_1886.npy
img_1887.npy,0.0,1.0,0.49899536,0.19692847,0,0,"(128, 128, 128)",/home/grva-mint/Projects/Falhas/Dataset/dataset_74_2000/images/img_1887.npy,/home/grva-mint/Projects/Falhas/Dataset/dataset_74_2000/masks/img_1887.npy
img_1888.npy,0.0,1.0,0.49896225,0.20178431,0,1,"(128, 128, 128)",/home/grva-mint/Projects/Falhas/Dataset/dataset_74_2000/images/img_1888.npy,/home/grva-mint/Projects/Falhas/Dataset/dataset_74_2000/masks/img_1888.npy
img_1889.npy,0.0,1.0,0.50097364,0.2010705,0,1,"(128, 128, 128)",/home/grva-mint/Projects/Falhas/Dataset/dataset_74_2000/images/img_1889.npy,/home/grva-mint/Projects/Falhas/Dataset/dataset_74_2000/masks/img_1889.npy
img_1890.npy,0.0,1.0,0.49944192,0.1978091,0,1,"(128, 128, 128)",/home/grva-mint/Projects/Falhas/Dataset/dataset_74_2000/images/img_1890.npy,/home/grva-mint/Projects/Falhas/Dataset/dataset_74_2000/masks/img_1890.npy
img_1891.npy,0.0,1.0,0.50079554,0.2037807,0,1,"(128, 128, 128)",/home/grva-mint/Projects/Falhas/Dataset/dataset_74_2000/images/img_1891.npy,/home/grva-mint/Projects/Falhas/Dataset/dataset_74_2000/masks/img_1891.npy
img_1892.npy,0.0,1.0,0.5010319,0.19810063,0,1,"(128, 128, 128)",/home/grva-mint/Projects/Falhas/Dataset/dataset_74_2000/images/img_1892.npy,/home/grva-mint/Projects/Falhas/Dataset/dataset_74_2000/masks/img_1892.npy
img_1893.npy,0.0,1.0,0.49950755,0.20400256,0,1,"(128, 128, 128)",/home/grva-mint/Projects/Falhas/Dataset/dataset_74_2000/images/img_1893.npy,/home/grva-mint/Projects/Falhas/Dataset/dataset_74_2000/masks/img_1893.npy
img_1894.npy,0.0,1.0,0.50334185,0.18242858,0,1,"(128, 128, 128)",/home/grva-mint/Projects/Falhas/Dataset/dataset_74_2000/images/img_1894.npy,/home/grva-mint/Projects/Falhas/Dataset/dataset_74_2000/masks/img_1894.npy
img_1895.npy,0.0,1.0,0.50048465,0.20369878,0,1,"(128, 128, 128)",/home/grva-mint/Projects/Falhas/Dataset/dataset_74_2000/images/img_1895.npy,/home/grva-mint/Projects/Falhas/Dataset/dataset_74_2000/masks/img_1895.npy
img_1896.npy,0.0,1.0,0.5044177,0.18615155,0,1,"(128, 128, 128)",/home/grva-mint/Projects/Falhas/Dataset/dataset_74_2000/images/img_1896.npy,/home/grva-mint/Projects/Falhas/Dataset/dataset_74_2000/masks/img_1896.npy
img_1897.npy,0.0,1.0,0.49977776,0.2045885,0,1,"(128, 128, 128)",/home/grva-mint/Projects/Falhas/Dataset/dataset_74_2000/images/img_1897.npy,/home/grva-mint/Projects/Falhas/Dataset/dataset_74_2000/masks/img_1897.npy
img_1898.npy,0.0,1.0,0.5012996,0.2015285,0,1,"(128, 128, 128)",/home/grva-mint/Projects/Falhas/Dataset/dataset_74_2000/images/img_1898.npy,/home/grva-mint/Projects/Falhas/Dataset/dataset_74_2000/masks/img_1898.npy
img_1899.npy,0.0,1.0,0.500184,0.2038092,0,1,"(128, 128, 128)",/home/grva-mint/Projects/Falhas/Dataset/dataset_74_2000/images/img_1899.npy,/home/grva-mint/Projects/Falhas/Dataset/dataset_74_2000/masks/img_1899.npy
img_1900.npy,0.0,1.0,0.49999094,0.20592035,0,1,"(128, 128, 128)",/home/grva-mint/Projects/Falhas/Dataset/dataset_74_2000/images/img_1900.npy,/home/grva-mint/Projects/Falhas/Dataset/dataset_74_2000/masks/img_1900.npy
img_1901.npy,0.0,1.0,0.50019217,0.2042616,0,1,"(128, 128, 128)",/home/grva-mint/Projects/Falhas/Dataset/dataset_74_2000/images/img_1901.npy,/home/grva-mint/Projects/Falhas/Dataset/dataset_74_2000/masks/img_1901.npy
img_1902.npy,0.0,1.0,0.50004965,0.20576957,0,1,"(128, 128, 128)",/home/grva-mint/Projects/Falhas/Dataset/dataset_74_2000/images/img_1902.npy,/home/grva-mint/Projects/Falhas/Dataset/dataset_74_2000/masks/img_1902.npy
img_1903.npy,0.0,1.0,0.5004974,0.20503078,0,1,"(128, 128, 128)",/home/grva-mint/Projects/Falhas/Dataset/dataset_74_2000/images/img_1903.npy,/home/grva-mint/Projects/Falhas/Dataset/dataset_74_2000/masks/img_1903.npy
img_1904.npy,0.0,1.0,0.49979213,0.2065637,0,0,"(128, 128, 128)",/home/grva-mint/Projects/Falhas/Dataset/dataset_74_2000/images/img_1904.npy,/home/grva-mint/Projects/Falhas/Dataset/dataset_74_2000/masks/img_1904.npy
img_1905.npy,0.0,1.0,0.49964565,0.20596668,0,1,"(128, 128, 128)",/home/grva-mint/Projects/Falhas/Dataset/dataset_74_2000/images/img_1905.npy,/home/grva-mint/Projects/Falhas/Dataset/dataset_74_2000/masks/img_1905.npy
img_1906.npy,0.0,1.0,0.4980885,0.197034,0,1,"(128, 128, 128)",/home/grva-mint/Projects/Falhas/Dataset/dataset_74_2000/images/img_1906.npy,/home/grva-mint/Projects/Falhas/Dataset/dataset_74_2000/masks/img_1906.npy
img_1907.npy,0.0,1.0,0.49956056,0.20460047,0,1,"(128, 128, 128)",/home/grva-mint/Projects/Falhas/Dataset/dataset_74_2000/images/img_1907.npy,/home/grva-mint/Projects/Falhas/Dataset/dataset_74_2000/masks/img_1907.npy
img_1908.npy,0.0,1.0,0.49955222,0.20451689,0,1,"(128, 128, 128)",/home/grva-mint/Projects/Falhas/Dataset/dataset_74_2000/images/img_1908.npy,/home/grva-mint/Projects/Falhas/Dataset/dataset_74_2000/masks/img_1908.npy
img_1909.npy,0.0,1.0,0.49919167,0.20441428,0,1,"(128, 128, 128)",/home/grva-mint/Projects/Falhas/Dataset/dataset_74_2000/images/img_1909.npy,/home/grva-mint/Projects/Falhas/Dataset/dataset_74_2000/masks/img_1909.npy
img_1910.npy,0.0,1.0,0.49956414,0.19528554,0,1,"(128, 128, 128)",/home/grva-mint/Projects/Falhas/Dataset/dataset_74_2000/images/img_1910.npy,/home/grva-mint/Projects/Falhas/Dataset/dataset_74_2000/masks/img_1910.npy
img_1911.npy,0.0,1.0,0.49962884,0.2017051,0,1,"(128, 128, 128)",/home/grva-mint/Projects/Falhas/Dataset/dataset_74_2000/images/img_1911.npy,/home/grva-mint/Projects/Falhas/Dataset/dataset_74_2000/masks/img_1911.npy
img_1912.npy,0.0,1.0,0.50011146,0.2058208,0,1,"(128, 128, 128)",/home/grva-mint/Projects/Falhas/Dataset/dataset_74_2000/images/img_1912.npy,/home/grva-mint/Projects/Falhas/Dataset/dataset_74_2000/masks/img_1912.npy
img_1913.npy,0.0,1.0,0.5006561,0.2032387,0,1,"(128, 128, 128)",/home/grva-mint/Projects/Falhas/Dataset/dataset_74_2000/images/img_1913.npy,/home/grva-mint/Projects/Falhas/Dataset/dataset_74_2000/masks/img_1913.npy
img_1914.npy,0.0,1.0,0.49938235,0.19475693,0,1,"(128, 128, 128)",/home/grva-mint/Projects/Falhas/Dataset/dataset_74_2000/images/img_1914.npy,/home/grva-mint/Projects/Falhas/Dataset/dataset_74_2000/masks/img_1914.npy
img_1915.npy,0.0,1.0,0.4997676,0.20471221,0,1,"(128, 128, 128)",/home/grva-mint/Projects/Falhas/Dataset/dataset_74_2000/images/img_1915.npy,/home/grva-mint/Projects/Falhas/Dataset/dataset_74_2000/masks/img_1915.npy
img_1916.npy,0.0,1.0,0.49982342,0.2064974,0,1,"(128, 128, 128)",/home/grva-mint/Projects/Falhas/Dataset/dataset_74_2000/images/img_1916.npy,/home/grva-mint/Projects/Falhas/Dataset/dataset_74_2000/masks/img_1916.npy
img_1917.npy,0.0,1.0,0.49993762,0.20669116,0,1,"(128, 128, 128)",/home/grva-mint/Projects/Falhas/Dataset/dataset_74_2000/images/img_1917.npy,/home/grva-mint/Projects/Falhas/Dataset/dataset_74_2000/masks/img_1917.npy
img_1918.npy,0.0,1.0,0.49994403,0.20438534,0,1,"(128, 128, 128)",/home/grva-mint/Projects/Falhas/Dataset/dataset_74_2000/images/img_1918.npy,/home/grva-mint/Projects/Falhas/Dataset/dataset_74_2000/masks/img_1918.npy
img_1919.npy,0.0,1.0,0.4999186,0.20294759,0,1,"(128, 128, 128)",/home/grva-mint/Projects/Falhas/Dataset/dataset_74_2000/images/img_1919.npy,/home/grva-mint/Projects/Falhas/Dataset/dataset_74_2000/masks/img_1919.npy
img_1920.npy,0.0,1.0,0.5007958,0.20422548,0,1,"(128, 128, 128)",/home/grva-mint/Projects/Falhas/Dataset/dataset_74_2000/images/img_1920.npy,/home/grva-mint/Projects/Falhas/Dataset/dataset_74_2000/masks/img_1920.npy
img_1921.npy,0.0,1.0,0.500942,0.20174412,0,0,"(128, 128, 128)",/home/grva-mint/Projects/Falhas/Dataset/dataset_74_2000/images/img_1921.npy,/home/grva-mint/Projects/Falhas/Dataset/dataset_74_2000/masks/img_1921.npy
img_1922.npy,0.0,1.0,0.5010266,0.19794951,0,1,"(128, 128, 128)",/home/grva-mint/Projects/Falhas/Dataset/dataset_74_2000/images/img_1922.npy,/home/grva-mint/Projects/Falhas/Dataset/dataset_74_2000/masks/img_1922.npy
img_1923.npy,0.0,1.0,0.49626708,0.18933439,0,1,"(128, 128, 128)",/home/grva-mint/Projects/Falhas/Dataset/dataset_74_2000/images/img_1923.npy,/home/grva-mint/Projects/Falhas/Dataset/dataset_74_2000/masks/img_1923.npy
img_1924.npy,0.0,1.0,0.49991065,0.20686659,0,1,"(128, 128, 128)",/home/grva-mint/Projects/Falhas/Dataset/dataset_74_2000/images/img_1924.npy,/home/grva-mint/Projects/Falhas/Dataset/dataset_74_2000/masks/img_1924.npy
img_1925.npy,0.0,1.0,0.50045955,0.20499086,0,1,"(128, 128, 128)",/home/grva-mint/Projects/Falhas/Dataset/dataset_74_2000/images/img_1925.npy,/home/grva-mint/Projects/Falhas/Dataset/dataset_74_2000/masks/img_1925.npy
img_1926.npy,0.0,1.0,0.49982518,0.20535696,0,0,"(128, 128, 128)",/home/grva-mint/Projects/Falhas/Dataset/dataset_74_2000/images/img_1926.npy,/home/grva-mint/Projects/Falhas/Dataset/dataset_74_2000/masks/img_1926.npy
img_1927.npy,0.0,1.0,0.49981895,0.20239022,0,1,"(128, 128, 128)",/home/grva-mint/Projects/Falhas/Dataset/dataset_74_2000/images/img_1927.npy,/home/grva-mint/Projects/Falhas/Dataset/dataset_74_2000/masks/img_1927.npy
img_1928.npy,0.0,1.0,0.49915236,0.20374563,0,1,"(128, 128, 128)",/home/grva-mint/Projects/Falhas/Dataset/dataset_74_2000/images/img_1928.npy,/home/grva-mint/Projects/Falhas/Dataset/dataset_74_2000/masks/img_1928.npy
img_1929.npy,0.0,1.0,0.50129724,0.20099714,0,1,"(128, 128, 128)",/home/grva-mint/Projects/Falhas/Dataset/dataset_74_2000/images/img_1929.npy,/home/grva-mint/Projects/Falhas/Dataset/dataset_74_2000/masks/img_1929.npy
img_1930.npy,0.0,1.0,0.4955369,0.18951923,0,1,"(128, 128, 128)",/home/grva-mint/Projects/Falhas/Dataset/dataset_74_2000/images/img_1930.npy,/home/grva-mint/Projects/Falhas/Dataset/dataset_74_2000/masks/img_1930.npy
img_1931.npy,0.0,1.0,0.50018644,0.20457298,0,1,"(128, 128, 128)",/home/grva-mint/Projects/Falhas/Dataset/dataset_74_2000/images/img_1931.npy,/home/grva-mint/Projects/Falhas/Dataset/dataset_74_2000/masks/img_1931.npy
img_1932.npy,0.0,1.0,0.49997753,0.20508339,0,1,"(128, 128, 128)",/home/grva-mint/Projects/Falhas/Dataset/dataset_74_2000/images/img_1932.npy,/home/grva-mint/Projects/Falhas/Dataset/dataset_74_2000/masks/img_1932.npy
img_1933.npy,0.0,1.0,0.49999303,0.20647295,0,1,"(128, 128, 128)",/home/grva-mint/Projects/Falhas/Dataset/dataset_74_2000/images/img_1933.npy,/home/grva-mint/Projects/Falhas/Dataset/dataset_74_2000/masks/img_1933.npy
img_1934.npy,0.0,1.0,0.50053596,0.20448981,0,1,"(128, 128, 128)",/home/grva-mint/Projects/Falhas/Dataset/dataset_74_2000/images/img_1934.npy,/home/grva-mint/Projects/Falhas/Dataset/dataset_74_2000/masks/img_1934.npy
img_1935.npy,0.0,1.0,0.50008774,0.20092066,0,1,"(128, 128, 128)",/home/grva-mint/Projects/Falhas/Dataset/dataset_74_2000/images/img_1935.npy,/home/grva-mint/Projects/Falhas/Dataset/dataset_74_2000/masks/img_1935.npy
img_1936.npy,0.0,1.0,0.50001925,0.20504196,0,1,"(128, 128, 128)",/home/grva-mint/Projects/Falhas/Dataset/dataset_74_2000/images/img_1936.npy,/home/grva-mint/Projects/Falhas/Dataset/dataset_74_2000/masks/img_1936.npy
img_1937.npy,0.0,1.0,0.50015974,0.20584379,0,1,"(128, 128, 128)",/home/grva-mint/Projects/Falhas/Dataset/dataset_74_2000/images/img_1937.npy,/home/grva-mint/Projects/Falhas/Dataset/dataset_74_2000/masks/img_1937.npy
img_1938.npy,0.0,1.0,0.50017923,0.20460257,0,0,"(128, 128, 128)",/home/grva-mint/Projects/Falhas/Dataset/dataset_74_2000/images/img_1938.npy,/home/grva-mint/Projects/Falhas/Dataset/dataset_74_2000/masks/img_1938.npy
img_1939.npy,0.0,1.0,0.50000906,0.20574881,0,1,"(128, 128, 128)",/home/grva-mint/Projects/Falhas/Dataset/dataset_74_2000/images/img_1939.npy,/home/grva-mint/Projects/Falhas/Dataset/dataset_74_2000/masks/img_1939.npy
img_1940.npy,0.0,1.0,0.49991846,0.20524673,0,1,"(128, 128, 128)",/home/grva-mint/Projects/Falhas/Dataset/dataset_74_2000/images/img_1940.npy,/home/grva-mint/Projects/Falhas/Dataset/dataset_74_2000/masks/img_1940.npy
img_1941.npy,0.0,1.0,0.5002619,0.20488955,0,1,"(128, 128, 128)",/home/grva-mint/Projects/Falhas/Dataset/dataset_74_2000/images/img_1941.npy,/home/grva-mint/Projects/Falhas/Dataset/dataset_74_2000/masks/img_1941.npy
img_1942.npy,0.0,1.0,0.50114954,0.19419326,0,1,"(128, 128, 128)",/home/grva-mint/Projects/Falhas/Dataset/dataset_74_2000/images/img_1942.npy,/home/grva-mint/Projects/Falhas/Dataset/dataset_74_2000/masks/img_1942.npy
img_1943.npy,0.0,1.0,0.5000163,0.20583579,0,1,"(128, 128, 128)",/home/grva-mint/Projects/Falhas/Dataset/dataset_74_2000/images/img_1943.npy,/home/grva-mint/Projects/Falhas/Dataset/dataset_74_2000/masks/img_1943.npy
img_1944.npy,0.0,1.0,0.499885,0.20485596,0,1,"(128, 128, 128)",/home/grva-mint/Projects/Falhas/Dataset/dataset_74_2000/images/img_1944.npy,/home/grva-mint/Projects/Falhas/Dataset/dataset_74_2000/masks/img_1944.npy
img_1945.npy,0.0,1.0,0.49892005,0.1999951,0,1,"(128, 128, 128)",/home/grva-mint/Projects/Falhas/Dataset/dataset_74_2000/images/img_1945.npy,/home/grva-mint/Projects/Falhas/Dataset/dataset_74_2000/masks/img_1945.npy
img_1946.npy,0.0,1.0,0.4999376,0.20674177,0,1,"(128, 128, 128)",/home/grva-mint/Projects/Falhas/Dataset/dataset_74_2000/images/img_1946.npy,/home/grva-mint/Projects/Falhas/Dataset/dataset_74_2000/masks/img_1946.npy
img_1947.npy,0.0,1.0,0.5007414,0.20244013,0,1,"(128, 128, 128)",/home/grva-mint/Projects/Falhas/Dataset/dataset_74_2000/images/img_1947.npy,/home/grva-mint/Projects/Falhas/Dataset/dataset_74_2000/masks/img_1947.npy
img_1948.npy,0.0,1.0,0.49948612,0.2040895,0,1,"(128, 128, 128)",/home/grva-mint/Projects/Falhas/Dataset/dataset_74_2000/images/img_1948.npy,/home/grva-mint/Projects/Falhas/Dataset/dataset_74_2000/masks/img_1948.npy
img_1949.npy,0.0,1.0,0.49986768,0.20664947,0,0,"(128, 128, 128)",/home/grva-mint/Projects/Falhas/Dataset/dataset_74_2000/images/img_1949.npy,/home/grva-mint/Projects/Falhas/Dataset/dataset_74_2000/masks/img_1949.npy
img_1950.npy,0.0,1.0,0.5000048,0.20001958,0,1,"(128, 128, 128)",/home/grva-mint/Projects/Falhas/Dataset/dataset_74_2000/images/img_1950.npy,/home/grva-mint/Projects/Falhas/Dataset/dataset_74_2000/masks/img_1950.npy
img_1951.npy,0.0,1.0,0.5023271,0.18780105,0,1,"(128, 128, 128)",/home/grva-mint/Projects/Falhas/Dataset/dataset_74_2000/images/img_1951.npy,/home/grva-mint/Projects/Falhas/Dataset/dataset_74_2000/masks/img_1951.npy
img_1952.npy,0.0,1.0,0.49988717,0.20585538,0,1,"(128, 128, 128)",/home/grva-mint/Projects/Falhas/Dataset/dataset_74_2000/images/img_1952.npy,/home/grva-mint/Projects/Falhas/Dataset/dataset_74_2000/masks/img_1952.npy
img_1953.npy,0.0,1.0,0.50010234,0.20556577,0,1,"(128, 128, 128)",/home/grva-mint/Projects/Falhas/Dataset/dataset_74_2000/images/img_1953.npy,/home/grva-mint/Projects/Falhas/Dataset/dataset_74_2000/masks/img_1953.npy
img_1954.npy,0.0,1.0,0.5006928,0.19837156,0,1,"(128, 128, 128)",/home/grva-mint/Projects/Falhas/Dataset/dataset_74_2000/images/img_1954.npy,/home/grva-mint/Projects/Falhas/Dataset/dataset_74_2000/masks/img_1954.npy
img_1955.npy,0.0,1.0,0.49952966,0.20429924,0,1,"(128, 128, 128)",/home/grva-mint/Projects/Falhas/Dataset/dataset_74_2000/images/img_1955.npy,/home/grva-mint/Projects/Falhas/Dataset/dataset_74_2000/masks/img_1955.npy
img_1956.npy,0.0,1.0,0.49992338,0.20617603,0,1,"(128, 128, 128)",/home/grva-mint/Projects/Falhas/Dataset/dataset_74_2000/images/img_1956.npy,/home/grva-mint/Projects/Falhas/Dataset/dataset_74_2000/masks/img_1956.npy
img_1957.npy,0.0,1.0,0.49978235,0.20633496,0,1,"(128, 128, 128)",/home/grva-mint/Projects/Falhas/Dataset/dataset_74_2000/images/img_1957.npy,/home/grva-mint/Projects/Falhas/Dataset/dataset_74_2000/masks/img_1957.npy
img_1958.npy,0.0,1.0,0.4969413,0.19299756,0,1,"(128, 128, 128)",/home/grva-mint/Projects/Falhas/Dataset/dataset_74_2000/images/img_1958.npy,/home/grva-mint/Projects/Falhas/Dataset/dataset_74_2000/masks/img_1958.npy
img_1959.npy,0.0,1.0,0.49613696,0.19027306,0,1,"(128, 128, 128)",/home/grva-mint/Projects/Falhas/Dataset/dataset_74_2000/images/img_1959.npy,/home/grva-mint/Projects/Falhas/Dataset/dataset_74_2000/masks/img_1959.npy
img_1960.npy,0.0,1.0,0.49963012,0.20581053,0,1,"(128, 128, 128)",/home/grva-mint/Projects/Falhas/Dataset/dataset_74_2000/images/img_1960.npy,/home/grva-mint/Projects/Falhas/Dataset/dataset_74_2000/masks/img_1960.npy
img_1961.npy,0.0,1.0,0.49600318,0.19357413,0,1,"(128, 128, 128)",/home/grva-mint/Projects/Falhas/Dataset/dataset_74_2000/images/img_1961.npy,/home/grva-mint/Projects/Falhas/Dataset/dataset_74_2000/masks/img_1961.npy
img_1962.npy,0.0,1.0,0.50046104,0.20449133,0,1,"(128, 128, 128)",/home/grva-mint/Projects/Falhas/Dataset/dataset_74_2000/images/img_1962.npy,/home/grva-mint/Projects/Falhas/Dataset/dataset_74_2000/masks/img_1962.npy
img_1963.npy,0.0,1.0,0.50070393,0.20087469,0,1,"(128, 128, 128)",/home/grva-mint/Projects/Falhas/Dataset/dataset_74_2000/images/img_1963.npy,/home/grva-mint/Projects/Falhas/Dataset/dataset_74_2000/masks/img_1963.npy
img_1964.npy,0.0,1.0,0.5001503,0.20589775,0,1,"(128, 128, 128)",/home/grva-mint/Projects/Falhas/Dataset/dataset_74_2000/images/img_1964.npy,/home/grva-mint/Projects/Falhas/Dataset/dataset_74_2000/masks/img_1964.npy
img_1965.npy,0.0,1.0,0.49997565,0.2057513,0,1,"(128, 128, 128)",/home/grva-mint/Projects/Falhas/Dataset/dataset_74_2000/images/img_1965.npy,/home/grva-mint/Projects/Falhas/Dataset/dataset_74_2000/masks/img_1965.npy
img_1966.npy,0.0,1.0,0.49696186,0.1831143,0,1,"(128, 128, 128)",/home/grva-mint/Projects/Falhas/Dataset/dataset_74_2000/images/img_1966.npy,/home/grva-mint/Projects/Falhas/Dataset/dataset_74_2000/masks/img_1966.npy
img_1967.npy,0.0,1.0,0.49936563,0.20507362,0,1,"(128, 128, 128)",/home/grva-mint/Projects/Falhas/Dataset/dataset_74_2000/images/img_1967.npy,/home/grva-mint/Projects/Falhas/Dataset/dataset_74_2000/masks/img_1967.npy
img_1968.npy,0.0,1.0,0.4999338,0.20626548,0,1,"(128, 128, 128)",/home/grva-mint/Projects/Falhas/Dataset/dataset_74_2000/images/img_1968.npy,/home/grva-mint/Projects/Falhas/Dataset/dataset_74_2000/masks/img_1968.npy
img_1969.npy,0.0,1.0,0.5014469,0.2018712,0,1,"(128, 128, 128)",/home/grva-mint/Projects/Falhas/Dataset/dataset_74_2000/images/img_1969.npy,/home/grva-mint/Projects/Falhas/Dataset/dataset_74_2000/masks/img_1969.npy
img_1970.npy,0.0,1.0,0.49992284,0.20683327,0,1,"(128, 128, 128)",/home/grva-mint/Projects/Falhas/Dataset/dataset_74_2000/images/img_1970.npy,/home/grva-mint/Projects/Falhas/Dataset/dataset_74_2000/masks/img_1970.npy
img_1971.npy,0.0,1.0,0.49942353,0.20370483,0,1,"(128, 128, 128)",/home/grva-mint/Projects/Falhas/Dataset/dataset_74_2000/images/img_1971.npy,/home/grva-mint/Projects/Falhas/Dataset/dataset_74_2000/masks/img_1971.npy
img_1972.npy,0.0,1.0,0.49938905,0.1970092,0,1,"(128, 128, 128)",/home/grva-mint/Projects/Falhas/Dataset/dataset_74_2000/images/img_1972.npy,/home/grva-mint/Projects/Falhas/Dataset/dataset_74_2000/masks/img_1972.npy
img_1973.npy,0.0,1.0,0.49944794,0.20524631,0,1,"(128, 128, 128)",/home/grva-mint/Projects/Falhas/Dataset/dataset_74_2000/images/img_1973.npy,/home/grva-mint/Projects/Falhas/Dataset/dataset_74_2000/masks/img_1973.npy
img_1974.npy,0.0,1.0,0.4995139,0.20403698,0,1,"(128, 128, 128)",/home/grva-mint/Projects/Falhas/Dataset/dataset_74_2000/images/img_1974.npy,/home/grva-mint/Projects/Falhas/Dataset/dataset_74_2000/masks/img_1974.npy
img_1975.npy,0.0,1.0,0.49953926,0.20432763,0,1,"(128, 128, 128)",/home/grva-mint/Projects/Falhas/Dataset/dataset_74_2000/images/img_1975.npy,/home/grva-mint/Projects/Falhas/Dataset/dataset_74_2000/masks/img_1975.npy
img_1976.npy,0.0,1.0,0.5004397,0.20297894,0,1,"(128, 128, 128)",/home/grva-mint/Projects/Falhas/Dataset/dataset_74_2000/images/img_1976.npy,/home/grva-mint/Projects/Falhas/Dataset/dataset_74_2000/masks/img_1976.npy
img_1977.npy,0.0,1.0,0.5002877,0.20403318,0,0,"(128, 128, 128)",/home/grva-mint/Projects/Falhas/Dataset/dataset_74_2000/images/img_1977.npy,/home/grva-mint/Projects/Falhas/Dataset/dataset_74_2000/masks/img_1977.npy
img_1978.npy,0.0,1.0,0.49958053,0.20522223,0,1,"(128, 128, 128)",/home/grva-mint/Projects/Falhas/Dataset/dataset_74_2000/images/img_1978.npy,/home/grva-mint/Projects/Falhas/Dataset/dataset_74_2000/masks/img_1978.npy
img_1979.npy,0.0,1.0,0.49976873,0.20598425,0,1,"(128, 128, 128)",/home/grva-mint/Projects/Falhas/Dataset/dataset_74_2000/images/img_1979.npy,/home/grva-mint/Projects/Falhas/Dataset/dataset_74_2000/masks/img_1979.npy
img_1980.npy,0.0,1.0,0.49982494,0.20621139,0,1,"(128, 128, 128)",/home/grva-mint/Projects/Falhas/Dataset/dataset_74_2000/images/img_1980.npy,/home/grva-mint/Projects/Falhas/Dataset/dataset_74_2000/masks/img_1980.npy
img_1981.npy,0.0,1.0,0.4996912,0.20606145,0,1,"(128, 128, 128)",/home/grva-mint/Projects/Falhas/Dataset/dataset_74_2000/images/img_1981.npy,/home/grva-mint/Projects/Falhas/Dataset/dataset_74_2000/masks/img_1981.npy
img_1982.npy,0.0,1.0,0.50019544,0.20544863,0,1,"(128, 128, 128)",/home/grva-mint/Projects/Falhas/Dataset/dataset_74_2000/images/img_1982.npy,/home/grva-mint/Projects/Falhas/Dataset/dataset_74_2000/masks/img_1982.npy
img_1983.npy,0.0,1.0,0.50005984,0.20627433,0,1,"(128, 128, 128)",/home/grva-mint/Projects/Falhas/Dataset/dataset_74_2000/images/img_1983.npy,/home/grva-mint/Projects/Falhas/Dataset/dataset_74_2000/masks/img_1983.npy
img_1984.npy,0.0,1.0,0.49984986,0.20614523,0,1,"(128, 128, 128)",/home/grva-mint/Projects/Falhas/Dataset/dataset_74_2000/images/img_1984.npy,/home/grva-mint/Projects/Falhas/Dataset/dataset_74_2000/masks/img_1984.npy
img_1985.npy,0.0,1.0,0.49974754,0.20576797,0,1,"(128, 128, 128)",/home/grva-mint/Projects/Falhas/Dataset/dataset_74_2000/images/img_1985.npy,/home/grva-mint/Projects/Falhas/Dataset/dataset_74_2000/masks/img_1985.npy
img_1986.npy,0.0,1.0,0.49959677,0.20121785,0,1,"(128, 128, 128)",/home/grva-mint/Projects/Falhas/Dataset/dataset_74_2000/images/img_1986.npy,/home/grva-mint/Projects/Falhas/Dataset/dataset_74_2000/masks/img_1986.npy
img_1987.npy,0.0,1.0,0.49959746,0.20334724,0,1,"(128, 128, 128)",/home/grva-mint/Projects/Falhas/Dataset/dataset_74_2000/images/img_1987.npy,/home/grva-mint/Projects/Falhas/Dataset/dataset_74_2000/masks/img_1987.npy
img_1988.npy,0.0,1.0,0.50026196,0.2048241,0,1,"(128, 128, 128)",/home/grva-mint/Projects/Falhas/Dataset/dataset_74_2000/images/img_1988.npy,/home/grva-mint/Projects/Falhas/Dataset/dataset_74_2000/masks/img_1988.npy
img_1989.npy,0.0,1.0,0.5004996,0.20479679,0,1,"(128, 128, 128)",/home/grva-mint/Projects/Falhas/Dataset/dataset_74_2000/images/img_1989.npy,/home/grva-mint/Projects/Falhas/Dataset/dataset_74_2000/masks/img_1989.npy
img_1990.npy,0.0,1.0,0.49968725,0.20295604,0,1,"(128, 128, 128)",/home/grva-mint/Projects/Falhas/Dataset/dataset_74_2000/images/img_1990.npy,/home/grva-mint/Projects/Falhas/Dataset/dataset_74_2000/masks/img_1990.npy
img_1991.npy,0.0,1.0,0.4999147,0.20685765,0,0,"(128, 128, 128)",/home/grva-mint/Projects/Falhas/Dataset/dataset_74_2000/images/img_1991.npy,/home/grva-mint/Projects/Falhas/Dataset/dataset_74_2000/masks/img_1991.npy
img_1992.npy,0.0,1.0,0.5005638,0.20084675,0,1,"(128, 128, 128)",/home/grva-mint/Projects/Falhas/Dataset/dataset_74_2000/images/img_1992.npy,/home/grva-mint/Projects/Falhas/Dataset/dataset_74_2000/masks/img_1992.npy
img_1993.npy,0.0,1.0,0.50009835,0.20534427,0,1,"(128, 128, 128)",/home/grva-mint/Projects/Falhas/Dataset/dataset_74_2000/images/img_1993.npy,/home/grva-mint/Projects/Falhas/Dataset/dataset_74_2000/masks/img_1993.npy
img_1994.npy,0.0,1.0,0.49912125,0.18937656,0,1,"(128, 128, 128)",/home/grva-mint/Projects/Falhas/Dataset/dataset_74_2000/images/img_1994.npy,/home/grva-mint/Projects/Falhas/Dataset/dataset_74_2000/masks/img_1994.npy
img_1995.npy,0.0,1.0,0.49960843,0.20590761,0,1,"(128, 128, 128)",/home/grva-mint/Projects/Falhas/Dataset/dataset_74_2000/images/img_1995.npy,/home/grva-mint/Projects/Falhas/Dataset/dataset_74_2000/masks/img_1995.npy
img_1996.npy,0.0,1.0,0.4999739,0.18861657,0,1,"(128, 128, 128)",/home/grva-mint/Projects/Falhas/Dataset/dataset_74_2000/images/img_1996.npy,/home/grva-mint/Projects/Falhas/Dataset/dataset_74_2000/masks/img_1996.npy
img_1997.npy,0.0,1.0,0.5002784,0.20538254,0,1,"(128, 128, 128)",/home/grva-mint/Projects/Falhas/Dataset/dataset_74_2000/images/img_1997.npy,/home/grva-mint/Projects/Falhas/Dataset/dataset_74_2000/masks/img_1997.npy
img_1998.npy,0.0,1.0,0.49935153,0.20018718,0,0,"(128, 128, 128)",/home/grva-mint/Projects/Falhas/Dataset/dataset_74_2000/images/img_1998.npy,/home/grva-mint/Projects/Falhas/Dataset/dataset_74_2000/masks/img_1998.npy
img_1999.npy,0.0,1.0,0.5011434,0.2034543,0,1,"(128, 128, 128)",/home/grva-mint/Projects/Falhas/Dataset/dataset_74_2000/images/img_1999.npy,/home/grva-mint/Projects/Falhas/Dataset/dataset_74_2000/masks/img_1999.npy
